issue_id,commit_id
11170.0,bb8cc405f3ea3b74a9f3908b606a35f08d8d0be8
12142.0,ec41989421743aa5c11c2ef47b9d0757fdfd5e36
11380.0,161f0a876db4f8aa9d57161c13d366f081369601
11263.0,ae6474df5ee2072cc056e02803c3b58efde1f5d0
10282.0,e6d21795d363165b36962e71ea7ba7948185e26f
12332.0,02642368427964aae6b28a90da754b2ed0703f8b
12000.0,3821c77da30e420fb78231d306b18dbfa1131fb7
12496.0,ee3d6a6465df01d27cbf3bb3c5bace05298756e3
11161.0,03bd8709778eefb611e470c76af44b2ce90fbff8
11029.0,6dd087ab73b09e449144ff17450cc14f981b9ac2
9657.0,e3e15c699139a11c6124e13bacc5da4fb51d9a96
12147.0,6368af9a5685266a094415eeb7c73e6d23f7d950
12858.0,0a0ac3fa5462cf4a72636ca4498a0a82ac91fc32
11913.0,8461b0920a61a50d83fd147bb4e8c16c4e9126ff
10968.0,96c3c195ca805758e094780b59077bea9db99f41
9715.0,25d0193eaeed91ac899bf8b572d98ce0e0c76d3a
13422.0,2b1f8ed204609954ab04f7a8c123d400f929e9fb
10476.0,a9a68bc9deac5d72170ac48c15c41b0defc9753e
10024.0,24daab1c7b3ceebf04a19d3df3fdcdef11fe773b
9511.0,d79200a51710a23cc47b4ca5ad3f8df7c32f4eae
11154.0,3184efd620840fb6032526df32a09185b7ae18e2
11196.0,02bc5010a04bb11c8e91835cc9775c8149dec754
9446.0,2f4685c8195597d5c150b8fadc1ec4d8827d95cc
13138.0,c10d24959b0ad615a21e671b180a1b2466d77a2b
11234.0,a9e77534c889e378eda67e6aba10632a9d30d629
9996.0,ba8b3fca6e9e4e863bb80d134946be1b60463718
12135.0,9b67e2b699da8d9ced9af3597906b81ad6f106bc
9891.0,ce13af5785bbb7a2be7d42699cfe25117177ddc7
9656.0,5216360a3c70b0f4d685966ef449645fa131ade8
10812.0,4ba641806b4afcf95bece96c3b15e646fc092161
12627.0,b2771d13b0f9146cde43af00f5a5156f56614436
10134.0,84e168b5fa55933e02e767ff7c86fcc0232aecc6
10953.0,c60f1e19dceacf77749a6215b1fc77f758f46327
11542.0,90c90b69cf35c0457ae52e97e363b82562fe1920
10357.0,bbf4283457e38859d6dff5a2f0990f8347799e6c
10322.0,b21764824f181fb7a32fce852e5afcee4042192a
