issue_id,commit_id
804.0,e748ca50ca3e83ac703e02538a27236fedd53a7d
3166.0,6cc6bbb5fc5c102271829a554772effb0444023c
173.0,c1225e0f451fd9261fbaba8b737ed6a9603aa69d
4808.0,015c82b974841897a637dcd3ddbd40ab48a70ecf
300.0,aebe5d5073bb02c02acc62148a2538ee51e203da
87.0,900bf08fb652183ac9ea33d87735f3a0b4343b21
1750.0,e328a9b9dfa4fbc79c59ed4f45f757e998301c31
205.0,d14541c5f1a77a46e44686f7337be34bf87b3f59
1408.0,311293ffdc63892bd5ab8494310529a6da0f5b62
426.0,289688e39ec650713be0d9ee45c7d6faa60e7382
425.0,339861367e11353082ecedfb92355b76e2f088b7
5052.0,0dad0fce72266aa7b38b536f87bab26e7f233c74
546.0,8e0b2bd343865fdb195f713151d93fc1fc103b94
5429.0,50c8becbe02e6e71a6e7a57af0b28bcf38d9a3c4
269.0,320bdfe39113e5a916146610d5d4b227d589a14d
1496.0,5279da9916c00c7a6679cfc555f9a2b1863b4821
4472.0,49357cccbdba2c719b634f2d71a5cbed121b2587
4183.0,91c9576675745a4921d8b43c12348085936504de
1427.0,68d231129834535f002b5991343b6089d29ed3db
151.0,a40090a6a73a053dfe6d4d910b44f042a4f4db76
4185.0,0d416c6191e643d479505ea20757c9bf6a478032
4623.0,a8e08d51cd50e8f0b58a60992d310e56d4f71641
92.0,3286ce4f42c7a663f24adee2a6c57ebba9c68ba0
1822.0,9f4fe5dc4a2b78d113e9a42acf70cfc64a9d2d11
797.0,2cddc2a379e0564d2e7f7a0cf3c6ced65497af0c
3495.0,886513c3751b92e42dcc8cb180d4c15a5a11ccaf
5057.0,ec5a7918ec2d8888ba356f9e3295dcd1ee935884
5739.0,5433015a25fb7733c4108a58724c98340326a797
5634.0,07b079defde98faa09db244b58dcb3904f2887f8
4742.0,195f738bbaa7c090df795161390056c3c6c7f1f7
228.0,3414bf13ee10aba4d8871efbabbd063fe15593d7
1701.0,b8497513e7a99674be7b37d35b5207738a3d0c60
3308.0,64f48efa269c60c76af4ff381b8bb14dda19b3d1
5322.0,c316ca45a5b1b19622c96049c9378d8c45adba60
5209.0,abe0b37d307d40897ca6d7e61aa5c137c8e6a4c1
3578.0,4bef6f438d0bab340b4208a89e6a4c6dc85c013a
4613.0,22bd01237b26defa5dd94a83df460740220c959c
835.0,ee21eaa6f3ea79b4469e502a308d66c770b404ac
330.0,3eb5d5e931baab64ca2c2c5be9ffac1748aec32a
5547.0,49942026d840abd04ccc91154d4671e7729f7a59
5217.0,4d1ecc31c9bdb42638e8a1f85f7e7f83130f41f3
1352.0,280eab241680c93a763a3ef3a9ccd0c257259ca0
4008.0,f80c7776ae093b0887b19b65f29bd442ea161900
3400.0,e45ef7dcd987f00b94e94d71593f6b3664ceb89f
5851.0,8045d7eaa5a7d1ddb0696132efa0c26af2c47e3d
724.0,8a1c67fdaad763ffe74af07cd886956f40a3825f
2958.0,98fb03e8bde18d35e8fe5bb150dfa4f0ad611fd2
2255.0,31260cf02fa60efff42aba0af185f4afe5d18557
952.0,6f000b8cd4fc0598ec410296ad31e6333bd4b5a2
4759.0,42e4dbb23de238e1252eb50b059666494418588f
1165.0,4d0d04a92e95251b0892356d05ed6b89db3e5ca2
160.0,483a70cb5b93476d04ae61950dec12f81a24c7aa
107.0,1c5294bee1eb85dd1d0b752d5c5d588803c0b6d9
4259.0,ce618fb6f234a854ae3b2a14a8a4e488539999bb
1829.0,8aa2e4f9976d31bbe3a0014b4f1f96ace1b87043
4079.0,7b1e69dec4cb1f1c66e9df6f754cdd280cff7e71
2314.0,7e20725eb78cb34db60944cd1f155522fcf3b9f5
1447.0,489c76b83ef8bccd04f113964a346951f3cff1f4
3615.0,b364bfb68b481a696141aa6b7b3312679670c38e
135.0,3d6edc2f405167b35b4e4e4f27f8755dd9fcc081
5497.0,99cddecd2812b142dc9d7fb05870745b6595896b
5508.0,517cbc8d717d5f10c8e54114fa32dca6f54588a9
2067.0,be6da52019990c1db45b1101dd99787752a14313
4820.0,e42d82526a1a519ff1305b189acde064a40fbd8d
88.0,3cb12e5dd3bb957848edc18c2599fcc1a657e668
3910.0,3040f77468d7dd997afd2f8a35590cafaff454af
3544.0,b5026b842c8e17ac7f28b28b5fb1c72db2ca8a7f
4171.0,f1fd7ec318452ae086876a6d4eccfc21e578013d
4307.0,58ca8bbf6d1589bd0c8cc1ebda52299346f55e8a
5691.0,92be5ba2572ec14e2580abe12d276e8aa24247b6
4209.0,702333478d072c3c043c64ec7ad3997befb87943
5805.0,8fbebfa943c3352f5ba49f46531a6ccdd0b52b60
3806.0,a3dab41de87d2154f4ef78bbb10b9869f8e34fb8
5554.0,94a0324570729d93f1d6a570e1ca3f88bf267911
1098.0,39085ae18f337cec0bd074849e4b200ede3caced
1644.0,57f99fc34ebc7cb8a2a84371b89552e6623c9e9d
4218.0,02cdc53fb82e3cc5e51771180f1f79186b52670a
5109.0,3e59b0805e8f7a9bd89179203a1307f5cb7fc02a
816.0,ccde3317d714897ed0d4c05bff7f660df13ba170
3982.0,ace2df3d140ac783c622ea5403876fe76af2bb72
1102.0,0bf1ec160d53746ad109766640d030cf872c17c9
659.0,2c8eceb5b83f4c2fd11ed570e3dfd2841b9ce4de
2989.0,b8870ee8a10360aaa74298324d97c823b88ec5c6
311.0,0effe139e5289a9771139221e0c82cf1b33ce34e
1250.0,58717472f74eafa216f499f0c0eb818b220903d6
2537.0,93024c242b8f5717cf281ba98fb324ff8ec9ebc3
1769.0,150d1c370b6d426e3300607ca3635b6d587efcf2
5244.0,62491753174ca77c2d123b09891f3dd1984d34be
4507.0,66ab3347c2fba171d8421271c832c57aa4f7b8b6
327.0,32b6364bcd1a17bfb6199af06ae613adf69e5058
182.0,68c7ef7d9811a0dcc216da60b304cc7e69a253c8
4755.0,a6b67cf4a17f955d76c4924c13267c0cc5c0e059
80.0,a0f41f100c0b7547d7e6fd25b918a596f5ef6644
3731.0,12f1e468e9f071e8f5c00921d0fbada460e41c57
2433.0,d19c4c1f809aae47f12637ea6f465127f728451c
5514.0,407562b38b6ab375ae650c8799bdd511025527f4
