issue_id,commit_id
11107.0,244546c2fe5165b6770eb456afd5fac8878473c5
11062.0,f9210387088fe91b5bc8999cf0cb41a0fe9eacf6
11442.0,0a639230018d0c9e9f12476dc8b1c6e40c2dd0d0
10209.0,14ff5175181e680d75b8d4ad6fe0d7d4dd35beff
10024.0,24daab1c7b3ceebf04a19d3df3fdcdef11fe773b
11296.0,6939d91768543d953412a321983915eaf013ebd9
10957.0,79a48bd9ac947dd6bfde19f24c4bf88b0002a5a5
11901.0,8f41e41eda6e8ea96403cae5798a5a89c8bb5605
11258.0,2bfd1f2c950df5fc3f40b903c1966f1b0a48bee4
11887.0,1d81a20292ca6926e595d06a6cd725dbb104a146
12323.0,d48e97079914d897e82ddcb1a45261ce4415b8ea
10006.0,b26fa3b63870b6160340bfeeb384b8d812dbbd15
11729.0,a8e235c35e23193f6cc68cd9d390ec37caeaec6e
12098.0,1400e7b355366a35eb35250c1e6191d4deb21a85
12056.0,e4e342f70dec046fdb1a092e5a12c565f37b9ddc
11708.0,c3eb62763fcc5029c26b025ba1b60d7788d491a1
13315.0,78691340edd38b00668151c2e636ddbf370f9ef3
10679.0,d18c564548104c862892a1f73423e333f11f7ce2
12841.0,665b0076e089dbe60ecadc34bf2cbff9d7042482
12526.0,91efaaa1d7486df71be30a54d82b907443d80bf1
9585.0,70ad0d6e4a569701ef106058397ad0540ec08340
13256.0,a47f5e231c51fe3f1e6212ca05a20286096bf2e0
11038.0,e8f8e62add2a7073e50cd31f4f6571bf1ebe21b3
10637.0,e2531cb8302b2842c0d3b505f6f619e685c3f4b4
12288.0,bb8e377ca10432d95c142651a355ce440be80557
10647.0,da5a6ac579dfc80cbb220bf092cd151eca7ffb2d
10925.0,23bdd4d417f0fda90465e3ab612c682e1d207ee3
10845.0,f6fad22671db9506acee34b9fd33361de78ab148
12499.0,a374c93092341f24027f60ffe32d56d2bff29b83
12017.0,fd537c7962edf563a3bb14526de9ce57dd26c341
9441.0,2ba2076275fab79cf4b8c281ccce506b257cab21
11456.0,36b9e4c055f32718a036cabaf767325b010c7485
9625.0,5d8063359d5d4223a8b892d186118c500890c932
11380.0,161f0a876db4f8aa9d57161c13d366f081369601
10749.0,1c4bb1ed8286b723d99b419a6a5e63286353b149
10523.0,d1b40b169f3d70afe4db539d140d6ed374dab21e
11574.0,09d721abf489cf20d9055e7163cf1762b7763bea
10322.0,b21764824f181fb7a32fce852e5afcee4042192a
11974.0,425e99a9e3d00c7d505d585e00e85ee716e3c350
10035.0,a1d544f4a156373b1c9e72d3af0bf87e4d81d90c
11558.0,384d3bc35db3359cb7c1f560e053f2a510d9381a
10860.0,672a873ffb344dfa030103cad69bdbc948184e8e
13048.0,f06524c44e5f6926968cb2bb3ddd1e523f5474c5
12459.0,91765e700b1d5e465fcb56bd2c2f56384bc2772d
11260.0,f8e80beb96a88b3ff8679ae16489502590d614b4
12193.0,7a4c2fcdadf8ddaab1cd7fb461fae58bfa36a6ea
12009.0,5c934bd646b0781eaf03e5b533ad2b6bfda401d5
11643.0,4b54657ab4806b0aaef8f8eeb973edb83c3d3483
12751.0,58cebe948addc7c4cb8762b2e67c8ce656a9d957
10339.0,c9cb6087394656247b13dbcb447135dfcb91685c
11091.0,9400be98783135a1d42dd238f4e6c3aa048eceea
9557.0,ae72ea0bfe7f7041d6f7580427fa1f69158bab7e
13239.0,d3512f7cfd0aba4ccf20f1d58729454a18718699
9948.0,d673afd5979a4e541266763f65bbd65fabf20b0b
11679.0,d2ebf181b603e7d03e65df941dd754df5de32913
10908.0,cf7d3d259f93b1ddbc601208280a460ee3379591
10972.0,1a2290ae91a944416ef8eb517e97b21733c9681e
11401.0,5ef0fc3215fb43f5772673b31c51ad8a6582bc39
11131.0,ba7ab2ffe62143949b9730a55291c474352f31e5
12711.0,61052bc1f1c141c5dba9f83a4af14322ec4e6d7c
11609.0,63543a7e35639e8b0b8bce6bb3f80406bb925cf3
11394.0,c2244d2a4cb5f86968fb117f75469283a19b8a24
10077.0,a637960fab61b66848a36e6a5caf0204c155af01
11658.0,c05ef1fd95a6024155ab59656fef8dac5a45c335
11039.0,5027630fa41f499a9226a8f9d952ceabf2c247aa
11395.0,f2b261bc2555773bd88cbbeda976f98e244d02c1
10590.0,b6bb0be10ad84d456bb1cea535a4a922d7f2e2c6
11254.0,4dea0f867aa29c4e6bda2a66cdf1254adfa20400
12915.0,910e1247b452f29c0297ec6e3bf52b28b24fefcf
11234.0,a9e77534c889e378eda67e6aba10632a9d30d629
12540.0,78e1f57c484da15466a34ed543a1cc4709617a2f
