issue_id,commit_id
10794.0,ee02d256611b17d11e37b86bd4f618d7f2a37d84
10802.0,20384818e1c95ce8b575c32a6800d3adf7f25a92
10968.0,96c3c195ca805758e094780b59077bea9db99f41
11305.0,3e772defb7781955be8c5490744532ccdfc1dd3f
13255.0,2bb96b6fa782abdc57c4ebe07b28cdfb98c49e50
10913.0,695a928224bb8d5efc6483fce1c40dae65dc7bbd
11244.0,3c899337c0d4c895308239a04cead2761822bee2
11395.0,f2b261bc2555773bd88cbbeda976f98e244d02c1
12288.0,bb8e377ca10432d95c142651a355ce440be80557
10087.0,24e7ac0756aeba06ce1cf7f7e72219a11b14b101
11974.0,425e99a9e3d00c7d505d585e00e85ee716e3c350
12221.0,c55ce21fdd4f55709269140e068cc840a7c7ec48
10416.0,52f608cbe7cf685bd9f92fcedc3ef02ba4292dc6
9865.0,af804d0a5db9a8f20fbb083b48655b2687ce89d9
10724.0,d2803c0fb7d0ba9361dcba8eb9bcebbf2f774958
10427.0,2d183db0372e5ac2a686608cb9da0a9bd4319764
13144.0,efe72ef433852b1d7d54f283efff53085ec4f756
10871.0,812c9fa61a7cf5a85cc360ad2d85b0a7a47d33d6
11521.0,ca802e1b6b9fb47194fe62c2fd0df03de1002c84
12211.0,3fb9df96e03e4916e9db1c2594070bc6afa47f35
9442.0,06eaeebecfb73c23bfd531013ca172ee3bf5069c
11986.0,6096ded90df902e1f8a21f666748a03100d140c0
11196.0,02bc5010a04bb11c8e91835cc9775c8149dec754
11181.0,9a9abbac2ab66ec2fb6dfffea3249b32fdbbc894
9578.0,1c9a49781da2101507db23e2014e4e5d16bd2e52
12536.0,618edbe595abcdca96f508b14d9198d68ac767a2
12466.0,c8b0e33c3edf7e1f70b2fbf60a250909c917d55e
12322.0,979e880c53f44d502cfc3648740bcc1300d6c4f0
10908.0,cf7d3d259f93b1ddbc601208280a460ee3379591
11398.0,f199d00ea5bb2230230a34193fbce7ecb5a4d4d2
11960.0,2e0de19d629e2eb5be4f614049e5f0d32887d155
10801.0,93cd2400ef005cca2048e1c78a84f24cb429e0f5
9817.0,ef13db05731bfd53fa0a877637c99c1734be933b
11572.0,314c4495a3a091867186c62b77b33877c238b0e1
10038.0,97d5fa920e4f8248128f7c1b460fd9bb20d3478f
11466.0,df8186833fe47a6fd4b7dbc52fe12f9df73609fb
11051.0,545acc4b66b5fb0ed5457ef7288d836f022c118d
11529.0,e47a003ed160d829300f6782a2e3ec014c739144
11278.0,6e004306dfe70ab499afc04c31808fdac594ae08
12009.0,5c934bd646b0781eaf03e5b533ad2b6bfda401d5
13355.0,9ad5a18fdfe7c3cb7ff828bc1d6b42b75660db6c
9599.0,839d3dd0b598ecf6f2e93b9f9068c2e21fa1c97b
11203.0,88af7d0c97497b5c3a198ee9416b2accfbc72c36
11564.0,140605ee0f08b7996d69a61610782f48766776ad
11563.0,1d10fe2d739c48f00404008fe5754d2807bb0fd6
11154.0,3184efd620840fb6032526df32a09185b7ae18e2
12254.0,2944988be3ce0398c1ebbcce3f2b57a6d8be05df
12775.0,93b0f1ca916a693c98e32c23a94a2893574cd58c
11234.0,a9e77534c889e378eda67e6aba10632a9d30d629
10339.0,c9cb6087394656247b13dbcb447135dfcb91685c
10134.0,84e168b5fa55933e02e767ff7c86fcc0232aecc6
12292.0,ca5a4e3d6954eecc2910145111dd91f37d3ccf32
10342.0,52e3f9835c1a25a8b895773f64524e27a5ae10c0
11561.0,6207edd1477696f4a8a1761993544d72d766bd8e
11061.0,1915f106fe94a65cab3887c5842cf520f8adedf3
9892.0,e73199d413395d7ede0dd86c06f7a9ad2d1fee17
11011.0,785d6e396ce81575bb155bede412a6182d5f22ed
11389.0,885ba629acba8128fd40b0af92c960b99ac5b827
12000.0,3821c77da30e420fb78231d306b18dbfa1131fb7
13280.0,088bda5902fe6f663a49461e41bbb57630cad681
9563.0,830c3633176bd7a22955a0264b79242c41f862b5
12903.0,ab3ef6f3f0b859e5b501aa696f388f277cb31de2
10679.0,d18c564548104c862892a1f73423e333f11f7ce2
9910.0,a053416a310868971a5ec743e714961e28d78c79
10930.0,907e8035656b0597a7a2f3cc1bf237a8cbf48821
11393.0,874f6db89d70b3c0221034943b2a427d88b63e81
11622.0,1c221934aaeab20ed5b6fa245b33b00a8b557533
11559.0,58432f2c78cd5bc1d9893c63b3cb8977dab31670
11384.0,dc9e510192d0a8a6f6943cd46e9554364d4dcdd2
12751.0,58cebe948addc7c4cb8762b2e67c8ce656a9d957
