issue_id,commit_id
1532.0,671c1ee0022ebc561a86e7c18ba97b2b81c24ead
433.0,146088d58066f16ef4bc8172f8120402517c34d3
3579.0,cf5b1d028342a2f7c929a23d53367addf106064e
2636.0,4a7db6647407de076daf31f1dd766388128f9a3d
2295.0,a0e38a8cf12ea2f7ea99f17c6568afdc1e634b72
2301.0,5b96e00972b2799728470ef9a3b49a99dff22cda
2271.0,255375d72ce4f0eebb2ccdb7d10591c9abbf6d09
1884.0,9121e109bdcd8b2a50bf53cac73b470232d126df
282.0,e8e2e934096f36edd8e96d554d06c0e330d94913
3740.0,fe55f92cdc575d00204a134b2d556c1053e1ed4e
3067.0,b2765893e6bd64787ab14b1d67eb7d29314f1bdf
1291.0,aed464b92bbd9bddba2684304c141b9d65b7d01e
1280.0,b7dfa6c363aec171bdca04ce0f49ac5f2a0ac35c
351.0,d628df6ab6c57b34acfb412e135d0d095636c539
2412.0,59f7966e3192bcf478a213ba0aa9cd3bda7da4e4
707.0,9427e16567943cb5dc2a6b034db97f34e39bfe9f
3054.0,717f9d33ca7c803abf781ad81d3854ddd7869900
859.0,d4fec1454488687b574c545761c2869d3bb97ca6
3062.0,afb7e4ee5f6e9cb8a1a937458cb39ee312e172ae
1748.0,1a7fd980f8579bd7d7d53c812a77c1dc64be52ba
2414.0,77b98a2762b358b1e90c350a33971a91f8a9375d
1806.0,88500f5cc709e2e931e6547ed9b58033a50215a8
1730.0,9f9e1fde8fc91b64a0cf99bf0debaae5806a2644
297.0,a950f936875fcf7acd64e66273485f770b09c626
1079.0,7cfe833a50524e629542a82c8cd35b84cb1f9e9c
1876.0,e048aa4e19d689104733783a19560a6a485a473c
2738.0,27d56c1df5fc977e17806b466dc74dfa9a98689b
3554.0,cd8a3745047a4413387f1e8a6877fd35859e21be
1813.0,b13e83a2f228625b66c04003a1df7f8e7fb4176d
3321.0,c074422cfdbcae3cef305631988288e13bbce2d1
799.0,ab1be65c88b01f3318e42afd089006d24e083274
381.0,56177bcbd16f9e73252d7af7c78d25dc60ed946d
2490.0,0932d8f428ae6c7cb6615a6a146e417eb182ec4d
2342.0,aeb82a404f2926613f83070e039de34cc5842b52
2046.0,49ecc88d9949bed6297944cb4a3d115fa9727aab
1499.0,9ddd3e9084b9909fccdb42c55f637dc8b671beb7
2430.0,85fa8aabf5a7bd0adf204f0c2dacbba1fa6683de
1911.0,b8aca21a392c367522eedb93f248f68005c84908
3240.0,6e995f23792c1cc1809292c770d02797d80622fb
1588.0,e7367c9bbf7187d1e3650093fd4aaf96d879a331
1920.0,b7a0cc61c54dbfebf8c3b21634ec9e37596b1e9a
3124.0,754b72957854e0b955fe973d169daa27a2f98ef1
1431.0,aaebe9fe252454a319de1f0e583d0e5a8635e399
1988.0,71e10be28665eee6a919045f9e5d8773508dc756
1181.0,4f5d3eab067f8821b2a69bfaa9be5ab1b04669b7
1733.0,4542bac4d43efbd2422a52714f96c0dedd08e2b4
2175.0,9e2807da76d756ca84b55213e799a124beb6a3fe
1862.0,a228a3b2cfbc53d428f6cecade8b5b0fec576f03
2341.0,4f689c41d9d5aa1161b185de9bd7fb6d85b6cc25
1509.0,37474871dc66ddd94f970740f773d9ffb6c0f4e2
1303.0,5b9826615267fd75a954db40c1decc2a9dc40a99
2277.0,c01ddc59b72658ec4efdce0f54c1df3f13dd03d7
2396.0,1172728a683e0241400d991df672818ed9b2eb0c
1827.0,70de011d5102bea6b97010643cf36698f94f97fb
859.0,2aa26fff04a98f2435e8e3015e92ef6108d3b485
384.0,09370c3f1c808e9251292bc228b6bef4b1223e93
2898.0,2616d97f326504b494304fe744cdd5adfc9c6d91
1117.0,02f0c755a36c382f210d6654b84316745ad2af00
307.0,780297e2bb6939ea9ed6a40846f3dc3fb7dcddc9
80.0,f8f8463f3a0e260604b066de56b0a8c7d3a86db4
2278.0,9dd0a0a29f3e384043369a4e902d2a55e311795f
452.0,2262ce4915aec0dfffa8e71244ebe10f72d11111
108.0,2a73bbc436041875f81aeffd5b8f13c6da8fcf19
1621.0,c72e7c7c70f1553295022c70d5058ed11932c16a
2939.0,d3e1fed7773d1a85a9e2b434c375822edb904619
1795.0,e8bd2c92029455abfcbbd3e10b161f9da0d269be
3069.0,05102f63b8dc5341d2d650da3aaa51b0b355f65d
1135.0,0cf5881312a2256607cebe36938405a6fe5a820e
2870.0,93e4b714a179c7132b505dfbcd835e7aab542a56
886.0,cab514e9f17e68d66c61739325808dc5ed494e90
1338.0,5fa76f6800fb81a621b63c42725c5502e2520302
3410.0,42942ec2910420ff6107b9da839c93d9c422109c
2928.0,d9fa28ba68809aec8df30c65d7ab1f8a5e0514c8
1135.0,9d64ff420fdde3c6eaa6d573d41da3b2f587422c
2234.0,ec18fe94775aaa3d54238c6c75b569491803134e
2668.0,47a00864c35f3266fa098744c65496bec601977b
3694.0,6f2fdc5ac4ad869a21c4c0281d7fa1eb8aa5a689
88.0,a3a72e2d8d8df53164689fd84a5db2c6cd04f28a
2330.0,50c6df709800ac7504b71209564c8ce5b746d2b8
501.0,3afcbf160eff2a5ab6ac35a82e0719f972df8972
2764.0,72011908b530e53761694cfd60a7d4426d96143d
3253.0,d5fea5fa1da0c56860e7023e4af3ba2eb0097dd7
1088.0,8efbae917b9265fe12b07187c3923d7003600346
2222.0,1d4448abe335741c61b3c8c5f99e1607a13f7e3d
3374.0,06507ed4e455dd8b94242d4477dce05b1d95c6c5
2314.0,e2067649551033c74e7937b89af9a9874a96d279
3204.0,814a7ea96f1f0aa124537cee98fed0955ebbf6c4
284.0,34c4709d0674607afb32d3ef48738cd0c8003769
2346.0,b7eca826aa94d87b85a998916f1ccc0d3b4591c6
2686.0,abba4b2a74634bc33a85cf5d512de473f0a3bfaf
2228.0,a63a4cb034955f5d9c4b14f87a5337d94ba472a1
2004.0,ccd02bfe8c90ee8dbf30cc2be61a7d483ff24cab
657.0,3b393f89f66733f7824a50b33b93eae9999812ad
3462.0,982663d0631e1cb3bf4e66d567dc83373a3046dd
456.0,bb31188ec3882e9a6c6035b7a65ca257d424e31a
3270.0,31d3c7e71941c3a1800f5e31064c9862da473d86
3243.0,6369537a49f55ba3c3e319b7d21b6c6a96e5d332
600.0,f8b6033a3b86691470a36db57eba17d996c7d5e8
2093.0,0e79aba40d2497218736448ced708fcf4f8943b3
2305.0,54a18a5e94116342b2f16a8d558cce366b644a64
3513.0,bac908ef35338e78422c5edc0456a22d04debfc3
2647.0,d72612d11e4f4e5d682c8986acb42ae5e8e97e4a
2302.0,65b61aa7c202bb26df53e2cb271269fddd95aeee
2994.0,ca23b7b40638c48a72e7be4ea5134984c399b502
2353.0,49f3e96844b5dfb6459412aa68e3f25ab3a65514
808.0,1982c208ceebfd317e30ba16a40402850e97e1c9
2996.0,b78ebacca7500f625bf7ac48989073dc872a4418
731.0,c87735ff1bc30ed8c9e80d385ddb69ad5f4f4a12
1014.0,470014a2cab1e7d416ac94445f8aa766eda72c93
3709.0,632f85b65354ad573bb33c54a0a9dd3ffcef371f
388.0,92dbe3153a9e0c007ecd1987ccd5f3d796c901af
3179.0,aade460f1557aa0546ebf248a4f323140f30759f
3594.0,21c3df31de4bc2f838c945bd37d185210d9bab1a
1186.0,a25ee7e060ba449f36daa1ba903ddd116b6422e3
2393.0,c5d3f806d761432e87398d3ecab2f042a3ab617e
133.0,1c24b62727704016813a44d7c677ead0b6638c91
1240.0,6fcc2ae3f4536e4d2651c1a00abe2306212a5bfd
3207.0,976dfedaa9efdb566333ea829b12751820268f67
2593.0,c3a997864efc0dfa725f21248ba0fc21a9682faa
2570.0,2433522d2967b8a5e46f16de587a8fac5088a47c
3242.0,13b689bba6119613a2a47e8a9c84e82e69f602c4
2073.0,2647fc7112ed79c1751a3d99491d7dcfe0aa4520
3229.0,240e398c8d2b46607f6e5c87b6e39eab50ad7796
1196.0,d76ca43a583cddec91e8cdd32a8210e6bfb1bd05
1861.0,808d2cf75e7127618340149c5b0f1a9b608b617e
1242.0,e9160473093ce7b2a4e867de414a90a9094943fc
2364.0,9d829934226a34c866ef56e6dacc15c423dd02cd
1560.0,00d6e339ec789e7b92007297e840a671a5e38a7b
2935.0,e08bcf9f9700180a09f77f52604ea6de36fb83a8
1950.0,0f1cf50f97a617114078be3dbae3152339ff13ad
417.0,71a97662663babca96365e01bc2017f9f178c95b
1743.0,d45445ed00f5d1839f19f66207ca276ebdc034c6
2554.0,27a7171d42c878d5d9094c0117466e862ff91000
2729.0,32e813f728ca5d8ac662231d8fb1aceafcd85412
2565.0,c2bac6de8c51b4ad687f04d5794ce9c6afdf38d8
2071.0,6478d7bb99ef7dcdda19ce3e58c00500ff72e60b
1010.0,8fd1825551b28ee967246ce9638fcad763bf616d
2530.0,03a2996bb89a0f35f82beb389788539ceb58ba46
1132.0,8d3ee017c58ded9e994a7d97c58bcc5d6a2a6e68
977.0,02eb9c99fdaa0c3cb3179ca5a1538e87ba6f13f1
3182.0,dbd38404108f5c3c3cc31310a3eff24aa6b262c9
2326.0,090109b63772669f838d4786ce9a2483e75478c0
856.0,5207c69064898f513c0b08110514f3fd39e5a4a5
3208.0,4fe81d7c62a4ecffd238a74783c054c4e5235fae
