issue_id,commit_id
2870.0,93e4b714a179c7132b505dfbcd835e7aab542a56
3315.0,b7f6fae9b34341b9be7742b86f6caffe07fc6f25
257.0,c5340b1ec471ee8535916eeb042fb2710df64276
962.0,ccc2de19971c6c88202e9068431e562230f84b62
3513.0,bac908ef35338e78422c5edc0456a22d04debfc3
3574.0,d091bb00c0358e9f30006a064f3dbb671b99aeae
3562.0,e69b49bd3d2df261316c1c5dbdd53b96d93d2f56
2123.0,789715adb9949f58b7b0272bed1a58d7cd0fad30
1186.0,a25ee7e060ba449f36daa1ba903ddd116b6422e3
2223.0,8b45009dbc22508ca6d9dc06e79ab23914ed14bb
2412.0,59f7966e3192bcf478a213ba0aa9cd3bda7da4e4
1455.0,3fe68c221a41e8b86107281d869eac435e2a4154
174.0,04e70bd5c7bd80696eabaea11afd9080d874f859
862.0,4c0253f9fdd4812b979532f1e24b7f0ebbd1626d
2305.0,54a18a5e94116342b2f16a8d558cce366b644a64
3179.0,aade460f1557aa0546ebf248a4f323140f30759f
1577.0,6bf42f9a845b7e54a39846f5410c9e3f6c80ba18
2067.0,77af942b982a3b07669362cc6bc223026bf039cd
484.0,7c79ce6e418f07a49be8c25a4c5a40e5347be257
2580.0,26f413e1e55d3b57fa164114b39f6cf74669591a
3232.0,5e15850532be5521dac7082b155b15b83e1236e8
1795.0,e8bd2c92029455abfcbbd3e10b161f9da0d269be
2196.0,c43560777a3efeaeaf0eb47568171f04103dc363
81.0,ed16ae2183ad44a7ba89aedd331a180455ed0836
