issue_id,commit_id
4303.0,afbaf9d4306294c9fef1413646f7045db8337e13
2503.0,c305c46254e773be374218c95862bb497383aa25
205.0,d14541c5f1a77a46e44686f7337be34bf87b3f59
4610.0,e6dcfd3c996b7d3af038b3e2300e7c53ca979fb4
1731.0,ed1e4d8df33e53de1516cb025dc60cca9615f637
2417.0,97df139119e087f184d93bdba8cd0e24c4ed3b94
679.0,96ef4c603c53174fd3bc13862551cf73b1159d13
2278.0,3ac3ac4d925ee7ef1eb8be8dc6519606c0fbf9b0
1989.0,79639d0fec426e03840dad6c71f106ada12bbf74
2271.0,2e08a9b412327ed18450f9fe9ccbfd417cdbee78
199.0,cc69b3aa4c88c60ca41a792a60f7e80d75f1b7f3
445.0,b78e76108f6a23493f87fc7dca5d908dac8a5a68
113.0,aeab5370cbefe235c2000a80edefbcfe5d20fc20
1224.0,ee591124808c5776461815fb37b8e68e39331356
816.0,ccde3317d714897ed0d4c05bff7f660df13ba170
1723.0,2246280bb6f71d7d52e24aca5b4ce955b3aa1363
5678.0,da9a2f8a946d6341be1cdd8cad0616a18bba6dbe
48.0,eef01a9fdd9bb820e5edf1780f4b950d439e5085
5801.0,88eec7a417c55668ebd0b8242e59bc99721d2816
2777.0,4e84424f2642baa01b2cd9e4eabafc4b68ad17d7
4688.0,61459de476348a2606372a0a626fad6c89c39e31
586.0,5846d6154ca3adf87dfee7ba7294ef35949177ab
5389.0,9be878fc09cf71bb2cb98695f5042cb344bd2e25
4808.0,015c82b974841897a637dcd3ddbd40ab48a70ecf
363.0,265910aae6f1b7d56a1fc8d3df4bd84345becb1d
2292.0,60559369b539a90bdc624c7b263c42b4eddce335
5724.0,b9c8db13c2dd5f1e0973c021fa10c208162b090c
4015.0,1364e92007308924cec2ac15cb9a3ec79eb9dc23
4185.0,0d416c6191e643d479505ea20757c9bf6a478032
3578.0,4bef6f438d0bab340b4208a89e6a4c6dc85c013a
5027.0,308a58aa275aa514397351caa263e08de2f89adc
1419.0,bdcc78b4ddf47b6161b962b9d9fc8851b11f0117
297.0,2a1a4477d3199f569a91cbef496aaa0db8592e28
726.0,21df09d809a271de3b1a3e00782ba18e6609a46d
38.0,77ffaa50e5f7d5cec72ab00f5db7578aacb8282f
277.0,b0ea457c7cd9346eb295af9f444fad3a3ada6126
4764.0,7e6476ff0a4d924e738a9117bf6c1bd8c9c986ab
4069.0,6674f47dbf0a0018f42c8f312ca87b400538963d
318.0,88e33ad0ad95d5f9049d8d8b1359819f4fbbf704
5052.0,0dad0fce72266aa7b38b536f87bab26e7f233c74
597.0,ad14cf058b8a6b52f12512e87cbbe1af0cfa1070
261.0,6c921896a5bbc64a93b1e027aeacb9cd062165b8
221.0,30d94b5bf577857649aa6c2469957705e476d2b2
5427.0,08557e09db4bcb109eb78e9058622ab5cef77415
1470.0,3919ad64c5873d360aa1a412bee5270aad121760
4165.0,792d29380e3754a316f61ceadf0dc9508d90b16b
977.0,e04b0aff74632702d78f7729b855c0737d50dfcf
4171.0,f1fd7ec318452ae086876a6d4eccfc21e578013d
4412.0,3b0820d747e11a1a7722f0777baf923607fc0485
1601.0,48539af1639ff024e56d499d4ce777d235c32c0f
44.0,0319373c612cccb86b82a8b2439a87fcd1c83b29
2.0,faa12d1fbed92f886f490cc3b04f13bcdb3a16a7
5719.0,d5b6c236a90aac37b7942793e4943347ebaa65b8
5057.0,ec5a7918ec2d8888ba356f9e3295dcd1ee935884
31.0,abdf4dee50ac5764a5d5441d8938f0a9c765be3c
1499.0,a7b86137d03c57cc6a91fd02b56ebb76fa9f4faa
4139.0,d267e183b40031b42cb702977553f885ff50d578
329.0,26c7ec7d9fd145c514c361c8dc79d9e989c08989
2369.0,9755ef933a9ec12e2fc659323a258fe09bb3405a
4114.0,d2b73b8e214631e78f1f3e50b2886e368f45e46a
4817.0,797a6690c07ae90f7a2d703832e2fe44466d656f
5244.0,62491753174ca77c2d123b09891f3dd1984d34be
300.0,aebe5d5073bb02c02acc62148a2538ee51e203da
318.0,8ea041528f598a222ae070e4c0594c89aa521cf9
177.0,c01f81ab44a025be3e20e76e08fd59458bc2e8e6
629.0,27ff010a4130d65629bd8adbe7d849392ee90103
4167.0,a78e58afe0dbe62db0da0ff3705cabaef0ae77d5
1156.0,526aa07f44ab30e128ffb42d12143e4aac9c899e
3096.0,fd02fa808c12ee556b29a3c28588259cf507cc87
4604.0,092f6fdea1583a9fa31002506a9de22637ef52af
4558.0,602bb13bdc401d7ed4cca5e9bfb528a3d2eda3c0
2512.0,4ca191eaf22eceffb75da77f9e24d5f3e87665be
261.0,1d567cdce67320f8c22af0a5d2afa096edf282d7
1912.0,3735eb8e5f62a52c5630ede765b443cb1313ff96
4431.0,e5711127b162ce78e6c1b60ef209792cd6eef4e6
248.0,3a6b80259d246b52472fddc1b4fb80155317ce78
4052.0,1650812060a66abb46f427b3d5c0790b7b08bba7
3920.0,b01d012b5a9ee032487930c324cdba56c9837e51
2530.0,afac3fd2c28ac5b16e7e3c95fca5acd1334f8c58
2625.0,d7b26edf6b419e379a7a0a425093f02cac2fcf33
894.0,e7843d35de62f6257162fb3e0f77cf1d7879048c
4208.0,74627033c4a1701f3e197216f9f2801d497f5535
3672.0,dda12b653798fe639575db6d55332da744b56032
2306.0,7e8453cf1ec992e5df5cebfeda08552c58e7c9bc
251.0,5d4e0655d089cf0738846d219a573ae4ab1cf405
4324.0,5e9cc3298be4ca1146d68098899365b334706db8
5406.0,f449ee53778b038f9ecb1feccb2fa9baa40e1f56
527.0,62a7b6fe73945d9300da34d6ed07ac87dbe07eca
3610.0,70a0f1f2e45074315b219cabd3b365f12e6a2479
3304.0,d05c8677c5079b88db4405fe2bed83dc437c9204
5210.0,b406affd5bc258dc4f0b7b39f78ed4bf256282c7
97.0,5c329b65145332541a981df85d70d1014448f897
2452.0,21d794d35ae1347918e6bf5b2ffe13515ea28795
5601.0,e411ea94eb853eedeee111469c6442d275864a09
5760.0,75450e75d269b2a2b00b6303af1033df1f69cc67
5739.0,b1dd893fbb4d2efed3342e6c98a6bbf4b393d48e
3429.0,d80f9ed72508e566d50b1779f858d1b5b9716df9
5451.0,de0e2ccd7b2e7fdc32071e91e9dcdb4e10f190e1
629.0,aef14cbf1b626db557e871f8f0d9b3d5f8e43e29
828.0,7183a87c35390a08f5644bb9a2a6c620150b4362
461.0,36c8da2ad61ee9234159cb9fbc9a0f4b6afd46ba
1639.0,a5db7f862cee70fcb999ae1f0c6942da283be24a
770.0,d76108c666114e71e7a2441713d86aa5d18a40b7
450.0,2318c56f14cd887a358f80768cf660646d6246d0
687.0,21bff7b3b366ac3fb81a225c5c5bdf7d24dbfa33
196.0,8ca2ee3d6096413d12d4079035f90861b7c6d450
327.0,32b6364bcd1a17bfb6199af06ae613adf69e5058
1017.0,5bcb652410d9e40e68f4feb73d1fde39b1aeece7
1750.0,e328a9b9dfa4fbc79c59ed4f45f757e998301c31
1467.0,3c596dcf4606315e4eb88608e3ecde430fe18c29
2630.0,79b0d8605ca073cfdcb52cfb240b815b90af403b
531.0,b377d4c28cf39aa9a43b44c08f45bbedfb081b78
2252.0,a975a50558cd78a1573bee2e957afcb419fd1bd6
4300.0,2d6d4fb2335ef24b1efca67dcedf5d264a642e0f
4972.0,4bdaa54af4470582845206a9fa21779f80a4b123
4000.0,916382e109dc06a57f4631448555953d1fa540b5
4404.0,1d862e0d353286a94eb52fde91aae2d045124512
4174.0,e96ca89a1dd7fff11faa3d00e4dca8f47f2111bb
622.0,262e7599f4333035870bdb1a5e63ef77edc3ab52
3166.0,6cc6bbb5fc5c102271829a554772effb0444023c
2094.0,2dd1a9e3bcbd14e56ecb569ff2b10eb68c48bb80
764.0,eb97d257f0b3c32edbadd974679bd64f0989e372
130.0,69078368abb92102f886464fe8ccaa2edde6d3ab
5145.0,6fbd6f941f00037ae4718805352e0fa86a781e41
3668.0,c3b67556710e0dd046767ff3364692afe9509ff7
1447.0,489c76b83ef8bccd04f113964a346951f3cff1f4
879.0,68954fa503cab30e307783773fbcddeef91fd99b
3048.0,9f9edeadfc9d8d3422d4ca15b2b13d5b502ca70e
523.0,622ffd84d05eaa8d8912476a050d3757a387532b
4772.0,307e35c6641c0d9cf4b251996ebefd1347c2c1fd
3935.0,3a7b949d6d8058cdc342dba683bc054d95ed6ccd
3123.0,f8c688e6f4704437085c706ae471c81a6dbaff4d
232.0,1d5a7df125fedb6268cb9042f60ba49364a02e30
4703.0,4ee538e44b2650c49054b1f7f4c87ac70350471a
5457.0,8c3e5a2421f639f36e9b907d69d4d48b86447e68
2572.0,fab168bbfbb84059759820ba5134d8406971095e
4272.0,957681bcfa2996f76a8de0c9054c03cf04bcdcff
1318.0,b4e382c867fb36c1cc9883a84abbab26678eae01
1396.0,71c6bd920ed86624a490c8db87b63d8697827fa4
1444.0,9616d91e4ac19db59a3c5ad00235b6da93f52f5b
4823.0,9f8c3938ccbd1b1aa966f8a9821de906f3db99d2
47.0,82dc57e59b10b25f259f7dec82c3124bdb53686a
3731.0,12f1e468e9f071e8f5c00921d0fbada460e41c57
3819.0,c05d24c571d0f808df19c5d58ebfaa9ae1932b90
3038.0,86c322c3a819405020cd884f128246ae55b6eaeb
4574.0,5cef927944152f11d296566767c1d794b34b38e4
195.0,43d47e5d9bdc3af1be56f5195a137755b61efcc9
3790.0,b53ff59a226ce13bbab164afbae06d97efadd572
4409.0,db9198bc2048f8c6cba9e812b0e5ddfd6a9f16de
2927.0,e914556adf8e556d4184db415c49266cc4c91bf5
275.0,bbde1d0e0b2995507e5c19a63916fa0a4617b420
228.0,71d7df9273dae5da8765ca4dd7e7ed4dacad5309
1962.0,064f05349ff0760521332e17d4c66b621d8bb965
562.0,66829c962f7521b3a6cc0f9ad10174d1d12f7762
3579.0,016c7e92d1d2893e7a8ce61c7f2e76818e71d019
2411.0,bd8c293a97f7f08989cff1db0d9c32f5a2208b77
2400.0,7bf375098e7ba55626288607b2808bfd96498e06
2272.0,45e95b79ce17eef0b3b4d324daa8b0d220fdb2fc
1132.0,fb85bd4b10aaed442e3605c9fae9869eb58416bb
3588.0,c4f57608d60538079d12c2031201574c0f367a55
4673.0,b6f8693db90d55bb506e40cceb27ff27841a0a17
1550.0,a41c64bfb97a7bba8ec138345d48b94d8734d27e
1701.0,b8497513e7a99674be7b37d35b5207738a3d0c60
821.0,b461c6f16f769444a8ba73841e7bb22cff3966b4
4347.0,c4ee4b6075fbb616272788b14b70f0af63dc2877
5692.0,f4e2a10ed6a44300738bd3701ea62b432c9c1a06
4507.0,66ab3347c2fba171d8421271c832c57aa4f7b8b6
98.0,2909a60e95e1350415358bca8efe526c9a3f0c72
4267.0,9a28eb0bad1acf986d997905a410058f77911b7c
3860.0,488156b15f4958aceaef235885751adee777859a
425.0,339861367e11353082ecedfb92355b76e2f088b7
4566.0,519f752d6dcd3065e81e9387062003a39f3f0b81
5072.0,9a91586f6fe90660bb4eafeb82b2b2b5e155976f
3993.0,d4b8bf18b2c7f563198d4334f5f5622f1006041d
297.0,02ccca01ebd4d407fd39ad1053395346fe669baa
3517.0,e766bde3a300ada7c11cb7b716162ec07a44fee3
3280.0,f1d87ee09a01094702e400053cf2a464bf035b9b
4538.0,977ce9f7a8ee2d4b5e32972909f9bde735ef49a6
5109.0,3e59b0805e8f7a9bd89179203a1307f5cb7fc02a
49.0,c9f2865c83c6bda427791bd9db6522a383242655
58.0,bf87fb8455072883747bb935d6d275864a172829
3092.0,8be28fe4ca8b1cd011d5f7e03661da8a6bb3217b
233.0,9f01e3e79e5e733d4809821f6f87e170841795fe
1060.0,fbb1078f58604f02c7fd84d35e3d46e6e4e1935f
466.0,ab01e9e9e45b284de4c6c8a42e4696f28dddfdac
2437.0,0c27d252d16f02c764da29a535fc5d68928274a3
409.0,0c63c9539dea0dcaf1c9df389b4b5c42ffa36c57
4987.0,fa3ebb1ced2865fab2318ef3722fe57fc66109cd
4537.0,0a7581df2322c2a49cab717f5ed7f536bd21e470
1761.0,da36b7d386bb1e1ee2900adb8657bfc15343c36d
2510.0,f32a229e3de8810078bfa928e4d93cfe355d5fe4
5002.0,f95ebd8f7cca64ca868fa064ca74b74add2763ed
2609.0,b170e9fb96dc763b9b78916e1557021e5e004d59
5554.0,94a0324570729d93f1d6a570e1ca3f88bf267911
904.0,0c23b1342b17c420c7aabaafe01d34f3ace98b60
1887.0,cce631abec4397b10b30f21878f093326b17e223
5525.0,54bfb9649bdec565f9798cc41643ed1bae25bd67
1151.0,d706310d8b37a2bbc7bcbaee58ba267f3a336537
4252.0,14d4428e705e9ca739a4fd041ce7e3134749363c
2611.0,db13ab5ec21dca07310873067fc0a21f71a2567e
2958.0,98fb03e8bde18d35e8fe5bb150dfa4f0ad611fd2
624.0,ff64584876293620dc097b6115ab6e1c42963a6d
1681.0,7d24df37380cd5a5b7394cd2534e240bd2eff0ca
3563.0,3adf09bc4f1468f54a703481d6d7ebfe25b6f232
3858.0,388f23c30cf20d35433a44d1a60d410dc660c00a
2921.0,1d9c8f5295f67160dbb8a2acdd1223746d608d23
5731.0,04a1a4b7303632268ece2b749e3326790d0c9f8c
1808.0,329a77a3d0b2a06b4b3881c5097a0ea1f3b0cba8
247.0,b11e11037f94f6fc23c5fd4052108edda6b57d05
1469.0,b876755f1cee619d8c421357777d223037d5289c
1236.0,3a4d57b3f52633d77291e51f31353fd317034d8c
913.0,db2474f7e7ef85809528a6f92aff3127be55734c
1827.0,cf535fe840efb460787942a878f3551b24aa02e8
5827.0,874a87976830ed519ee49742c5b427618fa362e8
2741.0,1acacab93b6530baef273ccd5fe97b9ff871e0b3
5805.0,8fbebfa943c3352f5ba49f46531a6ccdd0b52b60
2690.0,8753b458fbef80a6962ae2dfa5082969ba6b7923
4188.0,f558df2558966f028f773307cd5ae39a2d59e57a
1724.0,0d368c5d6fd468aed301ed5967f8bfe9d5e86101
1642.0,b1e44436bc4629773388d25ad9ab7b8ecf43d15e
111.0,72485128cb29751b3b03f6a04e73e4cc50912910
4283.0,3263441fbcec8f46d363926d9106572cb0ecac5e
2270.0,97e82107b190f08f628a626265a9446b9f3361e3
5263.0,214525c2c16cb527a00e31ce47d274266cb5d418
4560.0,97532a9144cc011e5a6ede84fa7d317c3af60131
4615.0,8b549392f924ddad9536e55c6120638daf688dfd
3810.0,8a022ac6ea10ed6909af253e72f5ea7e804bbfc2
3327.0,01e317e79b11a988a95397c9c154b406847b92b8
464.0,2d91c7136d613cf84d9a2cb79e147b39ebcb3d8e
3762.0,137a3d814641bc4c2eaa713d4b56680863f54765
2337.0,1cbc57faa5439515fb937a8adce64dce01498e2a
253.0,0bf9e4627cfcc477f23fb81edabbad85c24911bd
555.0,ec48df7f8d838532254ddccae514c4a01526b330
330.0,db5cae7c03b803dfe35b1fc4b93788a5ab6dfeba
4785.0,6e8d20a07a8c1a1f3ad7b3c3d74b7d37f2b47327
2302.0,a5f4450313a154e654be00a27cb2501a9da26518
245.0,ed4aec187f7868a7fcc7c7279489f02be79a8cf9
3210.0,b364d27247b2d9b86c164569c7e0459fa3f8391b
3152.0,9c6d265280a3ef842f325509d2a11db354ef0286
316.0,4ac0eea55d0ea0388533105c9b559513a60b41c5
4755.0,a6b67cf4a17f955d76c4924c13267c0cc5c0e059
93.0,e0de5f3eaba87a6d4d287819720b9a6c724f61cc
4822.0,44f0fde9057256dc16f24f22cfebc61626a94450
5790.0,2f12f5c259a261eacdb2f3ad2942e57ffe7739d9
1421.0,fa123b335b3f23dbb79c36700fcba482abf718c2
280.0,ac007802d6571d73510f8b977d00029b2f69be4e
1353.0,cbfb24dbeb82c791e82f1d9249685aa4d75fed3e
3961.0,5f407cf6579898f5aedffa579ad6db493d04dfa4
111.0,5b0df465e77ffe8be1d04c264449b8e4fada398d
2052.0,0ab7c1fbf97460d6f110545f29671cbf66e778be
422.0,37b01a229c036abe09a98dddd174f4974aae71f2
1071.0,baf5c59386ab450a842568ab34b5ff83cef15f8a
1307.0,ec56ed58702820b543f6c1f6c52691d6732f07dc
73.0,45f55c0df0bc1aec7068b9f6e39d1aa5eee0b046
2569.0,b15b4541d1d384de47f57ee69177696fa67e61c4
3696.0,500dae82e2ac5178df1b06f2acab22777e6a6571
546.0,8e0b2bd343865fdb195f713151d93fc1fc103b94
3649.0,54d106033f2d185c8a33a323d19f627c5cd96cca
1127.0,66aef0488a759b911e9557a855f53b81aac51b25
334.0,6f0e492390ec6c59d3b0d39ff5bd2ba3bfc51bc9
2215.0,7b8bbc92054539c5185cbeeba37133c7047cc837
3390.0,bafd174a9f174e31bd76493761264f4c81649e4a
4803.0,75f35f558f5a9e0851c05dda85763b679d713ac1
2551.0,5ee595d69544f71168d3aef9666615bf2b431cf7
1351.0,6ac971ebacc1a9a0ca727068182dcf8a8c677bcb
2464.0,a8893190a10798b61029d141a52fbb8deeb86d3b
4152.0,a541c329a9748c3c8a8f9f9acfce9f8a0468491b
5194.0,15dfc8a76f1e806533069c5098759492c1cfba72
62.0,9b849147369eb908cf77d52d3233bf66878a8aae
179.0,1e1cc76fb74afa90d2f0be00e3a9db12f4f7e1e5
2069.0,759a555d288a72191b4ccacc0656ebe0fb476ffe
191.0,35e6c8725bf8cdd35c23d41caaf7c88e31ff3118
752.0,9d57ecfc3598c7de524645352586b6cdfa6aabc1
4743.0,f1250177dc1c486517b9ca8ed136162533014da7
5113.0,c5b1ee810167266fcd259f263dbfc0fe0204761a
5150.0,45c2bd7d9c1d6adf0e051842c422c5d6af1d0a17
1243.0,5beb9d251c21260d4de9930b31e5f29646b6e4c5
4016.0,17c0d72d0488929f4788a2c4a9951842dbde4833
2165.0,fa78849e335994a1617ed63221a70940c21cca20
575.0,b74e7dd30aa2e11c0499d22452618c0100b2a728
582.0,45c9dab15b5f991bb47f7bcc8a836ce8a73ef0d1
5095.0,15edb3f6569827653e87212fce45ad20754ec0f4
5851.0,8045d7eaa5a7d1ddb0696132efa0c26af2c47e3d
5691.0,92be5ba2572ec14e2580abe12d276e8aa24247b6
5100.0,06f3d12c1208c380f9f1a16cb36ba2dfa3c244c5
4480.0,885b0ad2d4cbcbcf882e4ca506116d5da163fef2
2762.0,d847e65aaef68009b1ba4c12e45f34a7783dcc5b
4288.0,47b9de93a9c7a514f4007439335facd8ea82a12d
5173.0,8e7d2ef13312bfb4ec5e1800f00108806ddc12e8
