issue_id,commit_id
3621.0,a97a9b57bf1f1197cf785c18fd60419361fa8947
44.0,0319373c612cccb86b82a8b2439a87fcd1c83b29
1724.0,0d368c5d6fd468aed301ed5967f8bfe9d5e86101
61.0,2b14251510cfc802e6493fc477602e9a9266a00f
3390.0,bafd174a9f174e31bd76493761264f4c81649e4a
2485.0,c275ceb17ce10968f96ab9e97f0dda85f7aead8e
4147.0,49b5251e06bf45373f024898f5b4396a4a2c66b2
629.0,acff13d2b9af08476aae6be3865218edd719f235
1244.0,29529e5e8e4070462b838f291e9a241bdb242e32
4756.0,0ccaf89a6f67e3e4de35907fd305f85c7973eb2f
2252.0,a975a50558cd78a1573bee2e957afcb419fd1bd6
270.0,22283854d49de2a4b01fd114880b486f45c5e3f0
1654.0,6827eab2c59e93d8ec46ef308bc751c6c00f32fd
4205.0,b18357956447936fde373a00ebb72ce52cbfc6cb
416.0,2bd5002fb4a3b31b42b050a5765db889f98bc9ab
1550.0,97b51ea33b6b96241ef87861619e6820ee9e765c
1162.0,e3aaeb7f060c9460578767b5783fca2fe33382a7
2641.0,cfb56400b29316a43208053a8ef6d48eb0eb499e
1681.0,7d24df37380cd5a5b7394cd2534e240bd2eff0ca
1127.0,66aef0488a759b911e9557a855f53b81aac51b25
5691.0,92be5ba2572ec14e2580abe12d276e8aa24247b6
216.0,616ecc5a1a6966c1dd7ff055e993496ebe3d6f18
149.0,bd16d1cd488eca45eeac079bb4644388fd9d6214
1112.0,0c74821805d7f74a1835e58051069d4016227f6c
1731.0,ed1e4d8df33e53de1516cb025dc60cca9615f637
5217.0,4d1ecc31c9bdb42638e8a1f85f7e7f83130f41f3
4596.0,1d2b692666f9f5265e4845f8a30f04089515f7c5
4966.0,30d5779ea94ed1e9343a4590895a3f5e65e444b9
4912.0,212163e199d5977095dfcd612181762e359ab8b4
1644.0,57f99fc34ebc7cb8a2a84371b89552e6623c9e9d
1665.0,6ddd8147382348f4796ac905f0357925dfa81da1
5190.0,43ea21e8306bc66e8f07abc84cce680726abc7dc
5558.0,ebc6f9c4eb51d7898e21b0b09c4a4304237874b3
363.0,265910aae6f1b7d56a1fc8d3df4bd84345becb1d
1154.0,f9208dbcc4d625dee72349e1ca0595fa8273a756
1693.0,da83f2dca70020b991bafd296f6c7b9161e418b4
3935.0,3a7b949d6d8058cdc342dba683bc054d95ed6ccd
4133.0,1718e450ef9549a4fc71b01dba1e6faf7a63238a
1980.0,bd3e71a1eaa2d780c821c6c1625571e1161c1385
173.0,c1225e0f451fd9261fbaba8b737ed6a9603aa69d
1550.0,a41c64bfb97a7bba8ec138345d48b94d8734d27e
4803.0,75f35f558f5a9e0851c05dda85763b679d713ac1
1642.0,b1e44436bc4629773388d25ad9ab7b8ecf43d15e
586.0,5846d6154ca3adf87dfee7ba7294ef35949177ab
2197.0,1e95bf59efd5ea98ef6181793be3b2969327cfc5
5724.0,b9c8db13c2dd5f1e0973c021fa10c208162b090c
555.0,ec48df7f8d838532254ddccae514c4a01526b330
3429.0,d80f9ed72508e566d50b1779f858d1b5b9716df9
