issue_id,commit_id
1153.0,fd775497547bb51e3d3b38590cbc83e54afd9508
899.0,2e6e0e4acd66d4a29b64c9f3a5a08b5a9527ae80
334.0,08c1444e73ad11068b7c4bff4589310ef6ca566f
1199.0,8f7e31450835bca5d9a8bb4de252efba6f4b7b10
142.0,3ed89e01e495c122283053c3a91d752d0d70abce
223.0,bcd271743d0dcc6530b784f567f8254b81bb83ab
861.0,e20d4754fab0b4aac7e797ef4e87327093447161
1001.0,3eff3bbebd477a95c3a78fa54e876e1ca56805f0
152.0,cfeb299684f910d408acb0257bd823ce84018db0
501.0,5844690138de221c80be35a6b96382c666878a9c
671.0,915dd237450120c6b658c95b4a87b575b8df0cbc
270.0,31b867f632acd87636af9a38d68a5d4cd80acda3
127.0,6944ef60f83e7e116aa687a972b5402f1a1bbe04
1031.0,629a931aedd290bcf69ddcb6ac1e0fd807b5a448
298.0,81aad79cab9d68d4dc4f8173a3b193f03b87cc2f
50.0,835a24252f6c31846349bd84fd2d543cb8046556
977.0,9494ef705003a99b2053f2b4084e9346b6c279a0
343.0,65998b263bf203f07fe3b0db4917b3d836e5d504
333.0,27c2eabc08269851ed97f3d79781aa76d4722ec5
823.0,8bd7a7a94f4615836de3c431ef5e97da60c77801
1044.0,eef0e0d65c01159c1754e72a060a557cacdecfdb
311.0,a25dc906afb675a2b9d9095553be05df84153459
448.0,37c10e45c8fea5753f1a412f052e840cf53b8833
875.0,5eb0fd5ddcdf0b77ad30d7aaf051e5fd013e2f7d
1122.0,901812a7bf1667117668e24211a99ab7b867b98d
1022.0,72f6b6a5611c08ae22ee72d320995a35b6e45998
944.0,a93ef6f76963a96d6de099656ea336bfea9b7405
847.0,6277ffd860bfb682807794f6b83c5e686283b592
449.0,f8ba5c6f54ae44aa5bf74b6ef6a3d9cb871ec524
133.0,591534cfc8998dcdc1c40beca4f4895074ed7099
621.0,4edd124c0dcbf24ff898eaac855f0a76c7c1e8bb
2.0,8bd1d9dd7e2f33aed255c607efab6a2daf55fc92
911.0,992deefbba7d71b27467e656e88adf37382c8c62
735.0,018f495f10c1e07191819a2cf11232a9b3f61327
602.0,72afbd8e77d0400c237b645e86638095532b2e65
324.0,4b644bf2f130ea34dc11e13ca4a3dde6e0cfeab7
598.0,4d149e827d3ffee210a898689ecd48a66c80fbd1
962.0,0f0be9deab501b85f9d77d5233886505ba17abc5
490.0,c53221c38574711cdbd9e30ab1705967d4e96288
556.0,b1cf9575050de7ae1d65f38b6dea297e5cee6fba
1116.0,199a0223e044ec3116879e67d2b924050e4afa78
117.0,15a88ea05d5d14f250f17da6a3d87f9bb9000024
396.0,1f6f0186d363d73d26e81c84245715246d57e8b6
250.0,6a40c7d1252c80df742f7072834ffafb092d5d97
231.0,e4f571970c8da2c4ac68f8b5fb751ff13cd3b154
938.0,b92743368bfc357f72a4046e899faef899ee9972
761.0,60f280b5ad6b2cc4c2419b2c7634d4ae253b53d6
373.0,12207f39fef560f60e51ffe2815eea843fe19850
882.0,996a0863b91c688a7761f2684609c5663fb9f4ac
129.0,244c356116238de38bc24c21501ffc4103357e84
14.0,4255e4e654af4d68765204cf6b2929e86306c292
897.0,3fbe8e7cb3ca57fd8656890ea7855da62d2ea03e
149.0,979b5e711adcfaabfe5d10087153490d8646d6f2
548.0,d7117dd4b55ea3956a543fd69f5af5f74d0fe3cf
816.0,2c02f56c4123a8a2943ed9f7c868ea235a90f42e
1048.0,e9b18f9e84a5b26eb4a42633f6cee98597d70ad4
388.0,d9c62b0925023ce3f255113dd22d615c94a71a05
699.0,e4d75fcfb6901af25f51261085a3da6ea770553e
1094.0,88b829aa824deef1166e01ee5fa0ab8813e25cac
531.0,1605bf1cdb7c4f7bd10f3f215451195d3286fedf
248.0,71c98101b2c343c91fb39729cdda48bdc2a22f5b
457.0,fea50b59dbc49b2f0c1ee6b963f71d19cfa846b3
134.0,750206c779060ea8b1cf19e2058a87cd536363e2
910.0,b536c100e84dd27e4e6208dc42737810ed015d44
956.0,a88c693c49feb9c9b9fe253e1e35adb10af2efa5
290.0,791b7710989b58832299b387cbe15bce776dd04d
856.0,9e46fbab324d887934628104e46472c711dad8b3
763.0,058b9947e4e587c9eb54f4797b1a1596fdb98cb6
1165.0,63b87ba3a8003fb6c605fd5f9570b32e5087bb60
267.0,71301c695587881d7d34647f32650df3e7329b06
648.0,54d08ba9cd8f4c0db7931484c28fe8e3d29a586d
942.0,381869b72712310c05c5643dc89b7fe656e99255
244.0,f20c498b1bf63cbdc16720cee9b787fd911705a8
104.0,7b47919e3deb59100f4351584741140531068fc8
105.0,c9f651ba39562bc7fa471f75fb859c26400b5dfe
368.0,4055b726cca8d3c698968a96111050fade53995e
492.0,087fb1cb7d7c3c11026528f01859b76e35f2205f
734.0,a7a7d09f446cad7f34be04ceb47bd8512b9cd344
819.0,ee3ea177a8550d43e8dc2020dfb3f86045d3d5a8
12.0,f2ecb2ed6752fa6acd476c47f1e17eb4f0c2f051
382.0,b3e109d5185381f3a000fa8397c55c5f38a7bda0
638.0,4ad7c0f11b92348fe5b5b8d6a67c62f80e1d05d5
663.0,91a3a9da6da1a8ca2ad27ac6e53062fa0aa802a9
1139.0,77a361966a6cbe73ba153710f10f32cc27d167f5
328.0,376588597ecf47db932ed5fee432cf6a30cb8d97
524.0,7a93f649a7c4e5f3bdba7285a8c47a1854c323af
561.0,beb9ceae946c3db9cff6d21d0f35485e853411d6
641.0,b07d63be4c5cdc53f008575cdbda67b310a2eebf
259.0,44528026d292737641ce8011b5096ade8f87a9a6
881.0,0ad1a9a60c5d4d0881ec12321246b0139fcd57f5
1065.0,6d6ab3dab755759ea51ffdc7e7cc2e49379eca4f
1084.0,19c3e0eeb81f4a231d0ebfd2c18c47215f85e572
706.0,b2a22580a6c25d686efbb46730f429bf6b188ed3
245.0,e3d34fb35e716546eba77c222dc242ad6cfae268
260.0,72d435338209917e2e9f6624af6591f995644b98
357.0,c9b86b225598e8899e2a0b96c9dd462f40fb8b1a
1028.0,a7632361c42b33e4474a4ca5363bddbf57484daa
71.0,6a9065df1c40d4b18ed15ca1882d13ae00f5070b
684.0,66cd634de462c685cd11d08b56e39289dbdd109e
568.0,db496fb35456a907ff1dc4b460947bd80cb4f37c
642.0,9cc58b7087eb31eb1ca142a0fe4cab7814b43437
308.0,47c9af815d062e4c1c5bd0750246b3c28cf740ec
880.0,fc41a5e8daf40baad292b4a4d9a0228d83bc2e35
714.0,666aeee79f849d4a8d02d2860b2f33a9bd105e93
7.0,fe2832d8b0959e486c09d1be23c44e16e83d5fd3
442.0,9d87e8fd6ffa4c0ab66dd6c399ee3a276302942a
405.0,c6668bc23572855a9cbc22ddda20c106b3a87b90
161.0,cb39a712f96e74b193f7c62da9d062b047703162
165.0,1e3a5a1338b6158ccca97d608898f79ed3c627ed
1109.0,2bf01a77844532cce9686a45b227209f85646dde
724.0,837c8051e42d9de458c60a2ac55ab1eeeac33021
701.0,2e4b907b19403960bcb0882b150c732e5d47ec5d
305.0,6255017b145df5cc0d09b975e4f257590666a089
620.0,062d9dcc2e262d8ceb4cdbca3241a1fb9875e5dd
1048.0,b401b16d9a4332b3af64a5ce12c8ce6727885917
785.0,2fe9fe801f6e7cf4f64e6315af10eb7407766f24
839.0,fa248655da620a70e94935541d50cebf440ea946
154.0,d06e9d2c1b010b4c628e97a376dbab698cd65e40
321.0,9ab49a2145c5997e580bd718099e2ca9bca0cf06
762.0,1a2932ec0459325be1a531c280d3f26ec5d6cd7f
262.0,cb9905a44e78b2fa257fc5308341a2d010a306c7
395.0,00df5b44c9f0291cfadcc0e8e101e8208578350a
480.0,2547ac8682f3ec1f95e1ff365f858bad6807de6d
529.0,33eade861e9aea83ca7fda262026312d2873f302
40.0,e4e9828640fc9046f65fb3791627a8ca91ad7e55
834.0,0feffcb7789df57b44fd1824d648d73689fe7c1c
1048.0,a700f2b788fa8050abb23598db8282050fd18e24
15.0,3f5d0c0143677e3256401f7eade7d5b4bd4ebcdf
126.0,05865f4b39e4af2087ae89382bbc9e4c42f69564
507.0,f1b60c2a411c4ae4dcb7377f088f64a99d43be99
677.0,5a8e5d21b635882375c7c77a9b2c6dd682d6d00d
496.0,ab91b83723901ea6b9a52be329f258901f612c6b
95.0,21486c5b0aa9ecb8c8639e4b4e020e8065804515
747.0,007f75ef5e006d0b887a0c7b1f536b7852e92783
32.0,0238697de663d0045844195347d7aee08952183b
827.0,22773b8b32803b6365874998a291ac8595f16e3d
1170.0,936475258d501b7b1fed1c80080eabfae8179970
336.0,f8fa8497f3bd192b97dfdba071b60d47a06dad00
975.0,7b03f8e2043682aa2d1c06e0f7e8258b2f9c43c5
832.0,8138ae8e31ef2139774acf2d16d6a8f7e14f40cb
613.0,9bde65edda7a917a14c0f649e3f6748017e0db62
971.0,25a66ecfb3dee049b4094d5113bbd178dc190bef
1009.0,1c66dece59d4595eee3fb33d2609e2e288a28ff4
1062.0,a2ed5e46d17020f75b5d11fdcc22fa4090b2ccdb
1031.0,7f44748149be47cc42261ff73465a82eb7174eca
344.0,e4c18532c3d9f9fbe0448d70a1f00559295b9eec
676.0,733a6073802775d2fcf9086ac73ec39fff8fd1e0
772.0,03b9c9b720e30e51893fc1b85eac41362ff7ceda
984.0,b3bf7ec188b7f924a7df1b2884440444be7e1e08
796.0,7c720a07652d705376af6bf4fcfe6a65e0df3ddc
1078.0,f85642da67285a2b1d991d1d0970d261a715efb1
3.0,c47c647e7dc8f2582af657736bc87c153f4fb576
871.0,364ee6c33d74ef5b907242cd56f299409e06bcd1
177.0,a80eb4ea199de413b9b5fe181647316e837b7eaa
422.0,afcec9536b0853e89cffdedeb41b526f4029965d
516.0,f912633d6ded6ed563f8b8ba88525839afa20031
836.0,a6d07e707a1f50b6e1efc20f968570c8bcc0a77d
137.0,35909de7517077444bc9db39aee009b59fc10e1f
49.0,3f78ce7d643e10034795cd51405dff39b944b1f5
84.0,643cd4cf589e1a88bb3dbc36bd5344e80e1be514
559.0,0c226e6e7e1b93b48ba3ba7ad9ade5ff38b06987
750.0,64f1a6d317d0ecaa620ebb586fc9a62fa2a4f318
858.0,fbf12c3ee3def0a47f040c545f0d3313d9209662
42.0,f01fea4c4b039364d1afacb8262b7ac5826f3916
381.0,4e9fe6ad1c36bffd01aae4722cbf7609d230efe3
65.0,5c56855d6ffec63139b1e53b0b476f910b84766c
1052.0,580639904c07c4b29376a144d15fa00f4cd39b9e
1056.0,a5e607b6fc889afd3f8960ca3903ae16b641c304
320.0,259f4897a222f57165bc45d6f481b58a8673bf93
1186.0,0c24e8bda226f3dbd6ccb0381515a9c903847249
514.0,32029e27668dcdc6204bab8d8d64236962ecf973
1064.0,f27ac1c110da6ba117ce93c5631c779bd9683a8a
94.0,63fb6b1bd1068960ab2536bb027f0858d4d68d06
1092.0,b2ebe0e95c6b9f28574804d5f1ea8d689ccd5211
773.0,1e77eab21b8e3b6592007123bf1daec759bdb5e5
572.0,6d15d46a310b29f9c0936347693dddc7001d2ebe
1060.0,8c597751fdbc5a7082ec6f3053c1b066bbac5b3e
972.0,580ff415c8f611a9651878e1135922b62673535c
608.0,d997bddc54d4910630ced55eefbd6b2f7051b777
124.0,c2d539df8aaba9bc15031cb9234f401694e0d5ee
665.0,efe905a2aa924592bec6bf38e5c20269cd0dd771
306.0,8dfff69ec23be828d5681fae5fcd2c7b9391ced6
419.0,a05e9a571ded0b6ec3161112446524355c141d6a
576.0,8f4dad15d4a7789b49e865cadda882aff7f817e4
1049.0,8cb7009bcd0f0062942932c853706a36178f566c
982.0,0cae7e20361dbee41fb8f79d7ee9c763d17d51e1
11.0,2bec134c7ae9755f16ef3542df01daabbcbd186a
721.0,6a58bd08d98bbf4f812dc347537c8d4ab3663cc7
912.0,d2ab7c2353eead864d8d30b6b98005e88e03a3ae
782.0,e733b0ea914a6744f7ffd96569b75437244aa4de
667.0,1e1d980ae2967a9fee14dfeb13a63cbe34769fd5
204.0,fbe25db9cf1a863b8910a614150463c86a240aba
859.0,6fe2c6a06171e6fdc54dfe71e4d649c53c1f0200
103.0,39a039fb8eb731495ef5774199502154a08e75ad
589.0,a39f5c5cb38143e8d185e48af8315ed6e5d45bf4
252.0,cd70f036f205e41cf1fb1a34785f1e7d9e80745d
992.0,ef8aac61c476bd46747d3d4910a4d494a59fa375
155.0,4d60c92184f78e91bed729db0adb2a0272a9c6b5
269.0,a37713ff0754bafffb6ca7098b99d4fbb4968e8d
1196.0,41dd24e8da9a812cb41e022c33dbe9835361d7b6
686.0,bad238f9964b31ceb3f1801d7a5e47c1b2549383
383.0,8ba1efb9218e96788a7ac692c58292303256f4c3
1051.0,9f2d61bc234cff3d33be9c526d8cc38c9e475063
876.0,a7fa9cb29f22d62ec189a059142e600e0a1fa75b
830.0,885373496002b0400c1d7ade50330b969ec67ffb
254.0,6aefd3d2a5477ab60137dc521b0a1cf5ddf1418d
387.0,eded7675dd4046ac64a95a1425e86eaa046bc705
190.0,049c51b97100f9f8e149859faad794937ed7dc93
423.0,29d47ebf343547f1c0f0c7f4850c4113409e2844
960.0,589c2abdfb329d343f5fcc41f674993677f01607
930.0,392491a74d2d8abcb2c0db5230fc7f11502c6ba9
680.0,dc7e73524f7c9c6c9456ec1aa5499da84f8b7386
655.0,83442f8ebf3b855ccc9ea691e6797dc63a5648bc
888.0,908a8ddacf330b593540fc2c8a56ceed0f07f128
315.0,687a8054818fa6869fb666adc62729eb82069208
435.0,f74e2f520f79f279807c122075aee3ccb8fcc6cb
843.0,9764219f6da245b5febb81b73f48dadd8a699471
678.0,1b50f04a89dd7af7931c53ec41385f3c16135322
1112.0,f3dc23a94b57ccd7c1909dc32174b3bc8c501919
821.0,b2e572bf8291c54ea0ced8a6e43444ed6ed2c744
913.0,88e03042a61e0aa4ff32d685353ac9d70c4ada21
543.0,6894c8ecaac64f4b5baaa383ea689e658782d05e
337.0,72b8e60d189bc2e1418cb7bef2eae7743729fdc5
626.0,6a42d4e91eb33b15369a0113e66a93dbe9e6c029
170.0,55120a99589eaf896a4b56cf347affb686445f33
715.0,bc6883a308055bd76f6ec82d5d2afdd3d911d528
864.0,85d087b51eaa1706671b28add8aa86dfc7766a01
596.0,1b6fee1f6e5ad1686f622758d6cecf2996dd3050
948.0,8428e3fff18a870b881c6b664034af863973974b
879.0,f8757c6f59b063786f7ab52479665cccb8ce21c7
83.0,1464a3396f7f9dd8737b97963a33cd1afeef421b
653.0,6e38853c99a6b01513dc4595e5103e848a09e63d
929.0,1ddeaf012b58c7d764c2d7a9aaf8531c0ac78ee1
1045.0,3fd91012f20faef6f823cae3b0ba970181e30c75
510.0,a9c209df7a046846a16930124a865432d7caf2a1
983.0,2a1de91292e1996f0fff0407ca147c5894be8042
144.0,16bbfc3911a396c3f449b0f92727528b99abb043
375.0,396eb2fdcab07a89d5f5f58f80b04526f16bf343
872.0,f36635f4dc1764fd3b29919e925b7681ddc28ffa
98.0,78819664cd923e459213625c521963aa686102d4
359.0,e08c54dafb6941bea4465f94b46f2cfaff3f9497
685.0,3d560baf6c84070da60fb0552722bb86db78a90e
886.0,d403189db7a216093473f9677da7608fc4e8bcb3
617.0,fdda8c4e5d5009eb7bdeb7b556b84fe2dce2d850
566.0,fee9074c8e809ee158cd8d3501cb90720b06c852
961.0,462443a2d1d34d686eb11dd1b9b490c062e688a4
1155.0,f3ac5598448a0c2080ee267f00931ed556a6779d
774.0,3995e37a86cc70b2698fe4ca883aac90201af48d
780.0,b136196f29599c223db5323a8020ce3aad40d41c
820.0,a3c0d131d7029e3058b4beec8f02fc60a6efc955
1061.0,df4dd005857aba57353d7ff35040712ddc60c5bb
217.0,6aff7d96c2a3161e2d84373e45f9e2cdecfcbe08
688.0,a238f0a891031261dd735e82d7713937155f1384
276.0,198599daccae583939a7219d93699bbd32d13525
978.0,f614cef7ed63fd7f2a9c44600f4d3c84f96c59d2
106.0,13f84bf83e0aa35c9fb9ca9fa3214fd470353327
332.0,62fddef501465e7ffe4f4eec5562269b7fb5077c
397.0,d7b1e5eb91b65d3807fbf921ae51898ce3973b14
376.0,54acaed24f4600f999d823568f13ca146fc60e1b
240.0,637f41d8ed42e3acd908bd6d8cb7297b58f45ccf
461.0,484108c549c845bdcea263b80979a51b09760663
477.0,289d960114ae59f8247f160e15871673b7751b3c
487.0,64c50cfd35016b24d09f1fcf60e8d6fc2d0685b4
456.0,bc21511c5cce21aebae0e432ec52b963be180ab0
100.0,b1797001f936c5a856a5066597498d01dcff874b
198.0,4161f66ccaacc57b445f1a1add35c429de84c63a
1118.0,0f969aba0cbf9b1a93c679a442e74e13f00a1702
818.0,c664738a79f20e2c2919177a667d586e4f802368
771.0,99c9040c3dad802fd0825dc10a6b09b0e3beb017
793.0,22223f87486b8f790165c05d816023f83f7c3456
732.0,9d74cd138d6a023cd5e8d94aec92ab984c0a5e57
341.0,53d76659ee08df73baa823cb84603266b97d590e
325.0,0a02e774ff42d791326109549900eec13a0a88af
719.0,565dc02a16c98042dd9267e92c835dcbfa423cd6
603.0,d923ab3efdc0c39d517e797e39d1cc19e2e2da28
588.0,185620bb3fe891fa6e074555f256df4bb2c58c63
649.0,7b14da9b4c5a61b4c852f9e3e13c2786317df50e
313.0,68aba40b2dfc9ae68657bcd2139a1897f3ab7f84
1054.0,300febccdd9f6ac36dd2124d35bf974cf950a703
631.0,67ed13498d2efb210ebdd8c284165eca637aaa46
557.0,28d01e44ae4b7741c461116d660b05bc27b5ab60
729.0,f4d6adfc2c7c34799711c5ed7d425c55f9719e4a
361.0,764f69a47bc242383e992502491a1ae0012f13a0
1135.0,a5f7d9196c45519aef761692698875ce9d8d4f8c
571.0,f9b73bfa25f2a2351fbd7355a7ffcf7945ca6ac8
210.0,cd1c9eaa7336c18f1229712fc4a1eb223640b83d
1194.0,77414aa9e75f89cca9d248d4c0f3b9f1959007c8
541.0,d947031e9968493f59fdc97ab0236cc1d8b6ee06
1114.0,f25e49555aa53c740baaf685e9ed4b34a0a5b6f2
277.0,390839b945cfbeaeb4c1c07bf97fc5a99198355f
255.0,0941ffc148ce65bd6c916f0ddc28f561cf2eec30
710.0,d62f1e5030fc5fca0428144b5b98b6438631b018
923.0,9aae5ee34a38167a5eecc028d5bbf1fffa0596ab
581.0,153a72944c80b44da957390dd37c754bbab5e3d5
279.0,ae94c1640c833acd0a2d5fd8dc2b037d84e02bce
679.0,eab935034e6b93cde75f273500d0361565aaa699
314.0,863987dcba99e63c1b652fbbbb051d0353f28609
470.0,ccf3693be62dd8a79ced19ed9d69f0708d2b3d6f
224.0,51be1f391af44531823da4c6e158a216f3de5457
857.0,7ea910236a39fc9aa74e64515c3795951ef5d502
187.0,9ea8cadaccc55f10a8bec5804573f740d51bdfbb
379.0,7ee8a9035821466640ba2700cf2de019a577cb31
233.0,486308f8b27782b0f16fbb24b976ff633426b9bc
1119.0,257d0f2786106c8061f5b1ca4cd130abebc6ab01
606.0,a2f1f6352352a8993b391df10a8740ab3c366585
946.0,819f66e5b550e8881f2a650c0d70bcaa01af8ecb
788.0,3bab2e5cae22390a85af0963b68ffa70d7b2f187
644.0,132f2bd7583326f75a8673b9b69b08a7e7c0960f
87.0,e57dee60a5ab6266ed375adce12df18e0a3dda0c
239.0,7440386f83fc2f51ec9e7abb4c5379f6a1fe31ed
970.0,923f2d64417ed8ab3b778b87a517e64c0534b6ec
271.0,63c45121abf9afa230852d6d21d774f324d91963
889.0,9a543d05f98a927ea783f2d060c8533d6e7820fe
436.0,e14e97e4cd45445400322b270b631ebb4424e7bb
345.0,60a8d1b9bf4b70aa4ce48cbfbca593cdb5e853f7
928.0,b8f6974f14e9eb37023e944a943015ca932bff72
552.0,c125c0455775564ef42b93156819d4d1d43115dd
577.0,a0f1826be39bccb651bee58ccf3f5c95a76aeb6b
356.0,6166291c3e0a9eb97303ee5b5f06e2168c858dd6
1040.0,9a53fe859acbbf833c05f14e673d5cc76e5fe135
302.0,e0c3545dc3e44b59d8fbc540187ad491a5dfff27
607.0,7110018a8bda23d9abadb6144d896fbbe589279c
273.0,b245e8e0d378344fa24a4ea94e9098fa842387cc
670.0,534dbbfce193451a00628167e0f50e36f191fa0b
539.0,eb536a6f64672e54e4dec346c8de602d7de435b9
1164.0,d9ea18d3a0f93c7990bc5e7df76daf3e608ae3d9
614.0,d964c74bc414f8c51d4b146511f6dede93aa1c65
656.0,4904a982dd9970f843a0c368d62de55cd6f1c0a4
209.0,09abde0ce69538dc5068d017ad683e9be1380527
