issue_id,commit_id
11079.0,2780ab0c9712b41c34693758141f30ae3d3c2e7f
11508.0,a37b41d5ae799c338958b3eeeb884074dfba865f
12339.0,71aadf5e8b4020d4c9423ee5a5f42271abd860e5
10282.0,e6d21795d363165b36962e71ea7ba7948185e26f
12287.0,cf6ca32e7ccf05bdfb35aed80726265b61256ea1
9384.0,173a1a545954bae38e40f4fb0bde228765a9b059
9952.0,a8ca67f281bdc5d751204e3b2bf6e98731513a27
13196.0,a39f10acf3eac5e6ef69d084616982a4d4ebd8bb
11499.0,5a8f346e64cb432a445002230246ee042dbc278b
9921.0,0bcd9061856d699d9054f9475b5e59c51348319e
11556.0,cb96315a291a8515544c6dd807500073958f8928
11100.0,5a6af4bc6d44e9adbc2a21804bfcd18c4ce849ef
11124.0,f60313e29657b2afb6a02f28dba5936bc0dd09e6
11390.0,2fdbaa10ab0fd72f962923c4cf73e024424a3022
9435.0,531a8eabe222c3831cc5b55bafc81d2aa36f0672
11521.0,ca802e1b6b9fb47194fe62c2fd0df03de1002c84
11722.0,994c4bb338ce440a27df5db48b8f5044a3e8f611
