issue_id,commit_id
613.0,9bde65edda7a917a14c0f649e3f6748017e0db62
357.0,c9b86b225598e8899e2a0b96c9dd462f40fb8b1a
774.0,3995e37a86cc70b2698fe4ca883aac90201af48d
313.0,68aba40b2dfc9ae68657bcd2139a1897f3ab7f84
356.0,6166291c3e0a9eb97303ee5b5f06e2168c858dd6
912.0,d2ab7c2353eead864d8d30b6b98005e88e03a3ae
888.0,908a8ddacf330b593540fc2c8a56ceed0f07f128
638.0,4ad7c0f11b92348fe5b5b8d6a67c62f80e1d05d5
970.0,923f2d64417ed8ab3b778b87a517e64c0534b6ec
1135.0,a5f7d9196c45519aef761692698875ce9d8d4f8c
15.0,3f5d0c0143677e3256401f7eade7d5b4bd4ebcdf
255.0,0941ffc148ce65bd6c916f0ddc28f561cf2eec30
359.0,e08c54dafb6941bea4465f94b46f2cfaff3f9497
3.0,c47c647e7dc8f2582af657736bc87c153f4fb576
259.0,44528026d292737641ce8011b5096ade8f87a9a6
529.0,33eade861e9aea83ca7fda262026312d2873f302
