issue_id,commit_id
2928.0,d9fa28ba68809aec8df30c65d7ab1f8a5e0514c8
446.0,8740fff90781b3fd0fd9ec51a0b6a15a45f96489
3169.0,f2c854060adf021347a6c4217fdb06a77a38bf58
1532.0,671c1ee0022ebc561a86e7c18ba97b2b81c24ead
2149.0,6c9ff85c3f3c98ea85da5f789c092ad7926af0b5
338.0,51e4a58a85bc1500d1400ba7d633d570f6296745
39.0,c6e6792cd52022add8455fc792b2ca73c62d3d65
1242.0,e9160473093ce7b2a4e867de414a90a9094943fc
3103.0,86bf9dca72cd188813e26ef5dd972101ef8983cf
1862.0,a228a3b2cfbc53d428f6cecade8b5b0fec576f03
