issue_id,commit_id
11181.0,9a9abbac2ab66ec2fb6dfffea3249b32fdbbc894
10030.0,14113279768e0511d6adb7b2ffad21863a7c969d
10690.0,d40656e5799dfd22e96b8bab217638b2934a6894
11563.0,1d10fe2d739c48f00404008fe5754d2807bb0fd6
13422.0,2b1f8ed204609954ab04f7a8c123d400f929e9fb
12306.0,b4e01aee7f4a9b815542c77c3d537e7ba66dd8c9
9865.0,af804d0a5db9a8f20fbb083b48655b2687ce89d9
11561.0,6207edd1477696f4a8a1761993544d72d766bd8e
12499.0,a374c93092341f24027f60ffe32d56d2bff29b83
10173.0,bcf0031b54d555179be81c088cc3df0a723d7907
13048.0,f06524c44e5f6926968cb2bb3ddd1e523f5474c5
11107.0,244546c2fe5165b6770eb456afd5fac8878473c5
11580.0,43b5e9993ab025bd07851d70de5de7fdfe461d24
13289.0,63c0369b2466cdf6002b821351b3ea0ab42cd132
9937.0,6171b3656ebd9b6038f709ba83f7475de284ba4e
12949.0,c658993cf596fbd39cf800873bc457e69cfb0cdb
11622.0,1c221934aaeab20ed5b6fa245b33b00a8b557533
