issue_id,commit_id
1878.0,3d72099dcd8dfdf127c23e7104c19bd70ea18f82
3659.0,9075da126c9a983917b9779dbc826841813eee3c
3240.0,6e995f23792c1cc1809292c770d02797d80622fb
653.0,dfdbc00eafb3e7578b81f82a59630f2e79691cee
2706.0,8f5168cb31a34c54c9a751cb386b8615e03fb148
2409.0,817903c9c1f4c5c6e063edc971ccc75c5c94af49
3694.0,6f2fdc5ac4ad869a21c4c0281d7fa1eb8aa5a689
133.0,1c24b62727704016813a44d7c677ead0b6638c91
2201.0,f5adb61b28f240effbba5a4686647c2af6e85b94
79.0,da514b398429653dbd368c6da48c9863d3c2632f
1669.0,f267191cd81d67de3633b2d5bd4d9bfe4f44e0dd
2397.0,cce6e7dccc73c0bd86ab0c978a033bf85daa0845
3563.0,0d04b40d130a49cef0609ac95be48013528e97d9
1671.0,431db2874b242316051963d9bc4d5653b3647acc
2213.0,5b83f11398c8d0f8f4158af05d187fc03508f01a
3321.0,c074422cfdbcae3cef305631988288e13bbce2d1
559.0,9d9f240df8da4b433c914e76b6ea2c7e82f3e320
2665.0,0cbe698958f81efe202e71ac07446b87ad694789
2038.0,a6a36ec72a1f65514e137b0f21708e8c61dbe4ba
2636.0,4a7db6647407de076daf31f1dd766388128f9a3d
1012.0,5c3b161c9e7c4cacfe789a8237b262a7549d37fa
1247.0,b24438b2c9df81db294d3c15681f7faf9a135970
2322.0,cb94f4c5d3d4e1797207fd03d20d06c7bc0d05b4
742.0,ffbcad1e46ff88981e9f787f29234de49d31a54f
100.0,d17b6d738a0e9f8a3dcf4996a65de6e3347acae6
2148.0,22c613b8c44b74f4756f1eceeedde99b31144a47
687.0,5997890c6996a5eaebc14fff5642ae55acf30cd4
2123.0,789715adb9949f58b7b0272bed1a58d7cd0fad30
2332.0,c5be20b53ca577be5569b1a327e88991f2ea69a0
3111.0,855d59b68b71db78165e4d4e2905c280450b6214
3203.0,d68abe99f69f051435bfac1c040b3a4cef058adb
2199.0,06112a555a9398701d3269253355c214791e1eca
2323.0,849fc4b90c009d9bbbb604b2997d18340fb7ec2d
517.0,24e01318d31c6a541a44636d3a97310ff814d0c1
1206.0,46918d3cebceb611e21bec3b13412f3d18b6509f
3067.0,b2765893e6bd64787ab14b1d67eb7d29314f1bdf
439.0,f43003967e2139ee6d89e7dcf267ba8d52200ac6
605.0,c4f2075f4c4c27856fe0af77250fb75c61c0d86b
1135.0,0cf5881312a2256607cebe36938405a6fe5a820e
343.0,69e7a0a2a0391ed1bdd102deffbd98137790f959
411.0,4e9b7867c989a1d1b0c03ddb2ea62d689b6abab1
3621.0,330a3e3ddba712def955e7a2ccee92a205dfb656
2610.0,94aaa2457927c59d4df2a616d24f640ee8454966
29.0,a921aef6c47cecbacef5173f03c07c52e6bc8fea
2022.0,3bd12b38a80362f6656b834ec04c95f1ba4d83e0
2046.0,49ecc88d9949bed6297944cb4a3d115fa9727aab
1840.0,e4c712ffd2682f963906e1d0d27e67b7f83d95ce
744.0,1fe20d32087cb3e0ae1139b7fca1545db64b8cff
3181.0,5a49b96d0e15f423ce8f2abc27a0ac280e69f726
3174.0,8ef56c8c6d0be4d4a9e844c723e70810a0be2fbc
105.0,faa1c71e455a99e9b098aa9bb4667c07a1bab6aa
1057.0,da1c1f0d7f8e2df19eb320b176021511b7d05b76
1621.0,c72e7c7c70f1553295022c70d5058ed11932c16a
3382.0,941bc9ff6019117c9aa341f809bef7e0e54d0ebf
1354.0,c282ab1ce2c93226ed8f1d44b565beb93391312f
2080.0,4eca29f68bba819494e91270ef27f9c2f4b57bb2
1781.0,de25e98f917ae441d186e8a722a0f40a6c7458f2
1290.0,45e901fbf828addfcd0984edfa495d99d7155d9d
332.0,f034d8d3451f590fca1badeac5da0230bed9b148
3344.0,4a8e75b10a50ae13e9b61763e680f3c9fd518ed3
1192.0,60fcc05c4705ccafa80fb997dd4e908e56894030
2789.0,401d7f9bb2514eb45ff98b2ac7c04952f5eaa678
1875.0,62aaee02f754c74e0a051097c869cdabb0f0a09d
2393.0,c5d3f806d761432e87398d3ecab2f042a3ab617e
2131.0,47e84101173d00f70a7f28547aa0ae2fcd80086e
2193.0,a7f1a21c1204828388eaed1e3903a74c904c8147
997.0,ff3ef8511ed7c507ade5ebdebced7177665a3414
1577.0,6bf42f9a845b7e54a39846f5410c9e3f6c80ba18
3185.0,7f98a28432f2059259a5b8e5088322fa8f42f829
1998.0,6e6c3a4636387892e3725f1ba13457966c188b87
433.0,f4a31db9f6a9b8bdfeb023f247eb6e8a42af3162
977.0,02eb9c99fdaa0c3cb3179ca5a1538e87ba6f13f1
18.0,8d49440d8b881b2df2c10085a58d3a4e4085147e
2582.0,22e072379b9fcffd229cdd239dd3ff5ed4eed571
737.0,97815b999e831205b90018e81569b55ef8fd0043
1860.0,047efac537abad9e3880f545d8b767f6e6be3786
3266.0,185d7cbab279ef7c27b46694b4b6d93a8d6f0421
1014.0,470014a2cab1e7d416ac94445f8aa766eda72c93
3229.0,240e398c8d2b46607f6e5c87b6e39eab50ad7796
601.0,b5bb49d080475e4fb90f6a47dacab60b53470e9d
311.0,e942a0974f945bd4551482ecf7e29d87d162d0c1
3453.0,986871bf4eb85ae62124e71ed579b6baa0ddaeae
3154.0,ab3f92253388df031d2947a5a76c980cba7cb694
2536.0,a43a439c7a839edc8c5ac7062acb694eceb99e55
384.0,09370c3f1c808e9251292bc228b6bef4b1223e93
3292.0,1a6696da70923b2433b588ddcde90fd31ec296a6
3699.0,37551e6798aabefd549340a7d3840b7648b413c7
736.0,ee013e01b0f0007e4908458fbb8e60944c40a6b7
1987.0,5044f3d6101e5915963a497779b6ad1166a7a388
1703.0,7df543d5dc48c9a653403b1be2c8e83ba0f6c7f7
1222.0,a1b273658da6b8ec1d8106d30dfc05e1c9542406
1822.0,8d7e7aab31f0e3cf4d009376b6d210ae1a27785b
799.0,ab1be65c88b01f3318e42afd089006d24e083274
2152.0,1636a4c410a1bf3713bc1da8d4de7ca66cdf1681
3513.0,bac908ef35338e78422c5edc0456a22d04debfc3
1150.0,01450efc25277e8832d1a00916af009db8a07dcf
304.0,b209cd96f5865500c7002e127217fdf9ef9d2225
326.0,c6316132b173f96a6f5a90ff3b62f706f8a62560
1245.0,eea93424142ede248d9febee6be11b37faf9fbb1
1733.0,4542bac4d43efbd2422a52714f96c0dedd08e2b4
1318.0,e3ba459abb026c536e60a3ba2dec3e30b53003f6
3064.0,1096e226ccbae8135085322fb006a01836a19dcb
2555.0,05e3840cc2a3ac6233edacc75fb38ff866d6bcbd
1090.0,b0f594efc9c6ae692b9b4732d40006b1d3c69d23
2724.0,6f84cf4e4b4ab71d950db28d1b0776e07a8726e1
562.0,0f3bc38a18909cae8903f3229a2866aa64a52b2a
623.0,2b30900e2c007cf39b3d73a8ad53afe2f29a3a2c
3175.0,819368a52dc9eb0ba4e20195783f2807872dabad
816.0,2e17ad7fd42d8575f308af9c17496d38ceb72b5e
2279.0,716edfdb2921222eebf64176d416c761d21aed1d
2352.0,62406e667c8004cf0367a3ec5bcbed980cbc32bb
2135.0,49386ee69e92aa23edefbfff01fd425c5fbe33d1
617.0,17fc38c397aeea01165275f6811e34989f2ff00d
3620.0,51c87e6199b78cd3b4b33a5e47c7a135a772f10f
1499.0,9ddd3e9084b9909fccdb42c55f637dc8b671beb7
1088.0,8efbae917b9265fe12b07187c3923d7003600346
3290.0,008d3388b9387245bc0df4887dab3671fd729646
1175.0,80283d6c590a5e54ee877813f33fb7bf3e02123d
2825.0,232e5c81bc722c3ea87f15d0f95f8b52f064fc4c
324.0,7044b4beccec4380bc7e573559a08f4a8820afec
2412.0,59f7966e3192bcf478a213ba0aa9cd3bda7da4e4
1019.0,01e831f08279d69f29984abf74c0eeaa12579915
2870.0,93e4b714a179c7132b505dfbcd835e7aab542a56
2303.0,c8e56d58077d29e2c9478f133b3c69ba73deead5
2804.0,99c56eaafa05a34857623d5318c5bccbd634adff
3207.0,976dfedaa9efdb566333ea829b12751820268f67
3054.0,717f9d33ca7c803abf781ad81d3854ddd7869900
2326.0,090109b63772669f838d4786ce9a2483e75478c0
2378.0,29c055a2b4327d94c5aaf66ae00514199ff146cc
3401.0,af5743f6bd2a62072657830d3585b98680e1c203
2711.0,324b4ea2559f42ca710061bcf6c85960a1f2d2a9
1213.0,fe2d75e1f41efb49472d625ec7c366e7c242a2c2
2234.0,ec18fe94775aaa3d54238c6c75b569491803134e
819.0,a2bc61b5ab19e899735f8945f68123b4cea570d5
2554.0,27a7171d42c878d5d9094c0117466e862ff91000
3391.0,4bceeccfffd09cd6d02489988444e25b07f32ae0
2606.0,8ff0cef6b9ecee2c0bc31774b33cb88632dc79db
3740.0,fe55f92cdc575d00204a134b2d556c1053e1ed4e
2117.0,5b9b180191016044b95896924c7df55cbff7db93
2739.0,4c8ec8f555af8aeba5a48c3c4cd9cc39c74dce8f
3375.0,e17c3423bd306b04d27b6a2e53c80f1ac2179054
1208.0,fa610a24ec326bbca01d6453548a1129178273ae
12.0,88f671aaaef334caf3231095b119cac094ff5ffb
2301.0,5b96e00972b2799728470ef9a3b49a99dff22cda
