issue_id,commit_id
1861.0,808d2cf75e7127618340149c5b0f1a9b608b617e
3435.0,d49cfb35d4bb45e94d8c7c1920e7be99e4e10dde
660.0,94a9b9665b6a0a5b1aac46c4212da519205a22ad
257.0,c5340b1ec471ee8535916eeb042fb2710df64276
1343.0,f0b4b99930595f164c42f53ad9968071ad99c220
702.0,ef62e8440e050bb8791505f66cf48f1b756571b1
3662.0,3349c4914d8556ced05ba85a89868f2ffb78fd46
859.0,d4fec1454488687b574c545761c2869d3bb97ca6
1851.0,5cf261a2876cd311c7abe17c14da733a48a4343d
2341.0,4f689c41d9d5aa1161b185de9bd7fb6d85b6cc25
2309.0,3acec5f801864e8a6fbac759e45569950dec719d
3680.0,a12a34100ac0ab85c29f87117ac0b75100b52d3c
1079.0,7cfe833a50524e629542a82c8cd35b84cb1f9e9c
1912.0,c80ea941d06b0899b8ecdce6179e5b5259e1c5ac
2331.0,471c7f3220f45f60a56515f9c1dc55c794b6ff36
884.0,47a41b645f627b9b68c70c193cb322f56bb4c12c
24.0,9248a7baca5bc616a60f9b63b525e872fbfddef2
2754.0,8c9df3f4eb593cd4755b882d8f412a13ad97429a
2565.0,c2bac6de8c51b4ad687f04d5794ce9c6afdf38d8
539.0,7003fe61352bab3a1dc62d18dffb00ef749b050d
449.0,b31f2d9a640c154e41de6d9631e95cf105e96e1f
683.0,aa83d9132fde44d4fda5b34bea1f0872780746aa
3253.0,d5fea5fa1da0c56860e7023e4af3ba2eb0097dd7
2055.0,88120e9e9db38b6ccf851348542d5cd88e249881
1920.0,b7a0cc61c54dbfebf8c3b21634ec9e37596b1e9a
1138.0,1d55b8983efdc840b83ae6ccc4e496165010c8d1
3054.0,717f9d33ca7c803abf781ad81d3854ddd7869900
1882.0,f19d3bd67e0d8213013cf06f47d951c8735515c8
1860.0,047efac537abad9e3880f545d8b767f6e6be3786
1806.0,88500f5cc709e2e931e6547ed9b58033a50215a8
3321.0,c074422cfdbcae3cef305631988288e13bbce2d1
921.0,76e2f9cd0396c71eedf7e3b1dabf60f36585722e
3011.0,80f14e30a204a76520154a613998a926f920c0a4
433.0,d94efc6db63516b7f72e58c34ae33700f3d9c4fb
2635.0,f808c20139649b747f604492bc33b61a7dd3e13a
1499.0,9ddd3e9084b9909fccdb42c55f637dc8b671beb7
1455.0,3fe68c221a41e8b86107281d869eac435e2a4154
3620.0,51c87e6199b78cd3b4b33a5e47c7a135a772f10f
2004.0,ccd02bfe8c90ee8dbf30cc2be61a7d483ff24cab
2695.0,b178e89e4456e777b1a7ac6d7199052d0dfdbbbe
1728.0,2bf477cfeafd87c69b88e1ec58b5eb67abf756e2
2217.0,19d7e6532f9187ba8a81b2d2ad9afe03e5e5500a
2636.0,4a7db6647407de076daf31f1dd766388128f9a3d
2396.0,1172728a683e0241400d991df672818ed9b2eb0c
2321.0,89aaac7fe00f1d8fb2f326310bf813430fe0d3bb
258.0,ea7a1720779ab4680304d2bc9dffcb6f5c7f2798
3633.0,88c9c68e17774b24c4a67f2abadf411c6a689c1e
148.0,4b65c7ed5a31d56e194817231eb88e1083ba285d
58.0,f5fb4576577cbedcedba9eb16d9fdace18c9292c
1286.0,805692108ae973281d793250ca883cc1412ab08d
2326.0,7c0b36f1467d2d8ea5fdc572d5edfce476a6eb89
2352.0,62406e667c8004cf0367a3ec5bcbed980cbc32bb
2131.0,47e84101173d00f70a7f28547aa0ae2fcd80086e
2861.0,345685c0143f030eda443d6c672ae1b705789027
3434.0,bfa9aceb03fb728acf90436e1bb47d32c0ea5a1c
687.0,5997890c6996a5eaebc14fff5642ae55acf30cd4
1242.0,e9160473093ce7b2a4e867de414a90a9094943fc
3642.0,c59e019f5c5ed032c5360599bbd56e3fd9421adc
2536.0,a43a439c7a839edc8c5ac7062acb694eceb99e55
2006.0,c4ec6954e57b1ab3cb5a0d178e6030f8bab6c149
1917.0,d8c39f4b3753c0ebc93177661c43bfe35d7c019c
3162.0,7f782ba84e18d327ff25d40dc7d5719c8a036258
3172.0,4260b7c2d3a9bf1332e22d18125f5f6157f61b5b
625.0,3fdcefbcda47c1ad7fd3432d0643d127cd2918d4
2470.0,f071562ec007b629d5cdc1374f8df45b74acbb7c
3207.0,976dfedaa9efdb566333ea829b12751820268f67
2297.0,0c949089566cfec9b0435ba6ada601acef8f09fa
605.0,c4f2075f4c4c27856fe0af77250fb75c61c0d86b
446.0,df772df24f22f7f0681a8d5b211dad764ce9c8a6
2993.0,877da63462d9a7e270c295d898d689aacf155779
2554.0,27a7171d42c878d5d9094c0117466e862ff91000
751.0,7f35fc293559e5c809de78909872896236100189
2607.0,e21abd9da5fa755d3af96091ab3a181b7d6498b5
1389.0,ecb8f81760db351957bd413181a86b375ec347b6
1743.0,d45445ed00f5d1839f19f66207ca276ebdc034c6
2792.0,027aeecf26716bff4efcaa7b007e61f2c577a81a
88.0,a3a72e2d8d8df53164689fd84a5db2c6cd04f28a
3124.0,754b72957854e0b955fe973d169daa27a2f98ef1
1030.0,c73d740e571c5912045adb5e2dbd3b9b3ff15a9d
2593.0,c3a997864efc0dfa725f21248ba0fc21a9682faa
2774.0,03036533f021c83205be4ba5c826a33322dc4d78
73.0,d0357b44b02324b85af42052487eab13d0b75f81
2592.0,2949306b7bc44e3f74e42e8277dfe13475b350eb
693.0,ac9d8b09a5f8d3d4580cd432ab05eab2cf2529c7
782.0,fd9bf8f37609f220f4829050eed94df208543c56
238.0,c7ff139481f96316d740a34f01cfd0f25e449848
3206.0,3dc84ec4609de0c08fd159ebe991453309952fa8
1801.0,8011e1de28c82e5ab5c9727d10bcba997e8254ce
2789.0,401d7f9bb2514eb45ff98b2ac7c04952f5eaa678
1951.0,c54d67adee6f99113f525b376da4af27c3001321
294.0,7155f11a723695352323d484610b9a1c6798eb69
2990.0,3bf80912cf959fe860528f75031fe9e4612e3848
3248.0,53f5fd234b8a7377c401ae88e2fb6c29812715d5
3182.0,dbd38404108f5c3c3cc31310a3eff24aa6b262c9
1349.0,4082fe65f3ea553ef954b1cab0202259809e27e0
3237.0,cd4023d9d2ab630ce4f95856f065072ef8badb2b
2348.0,9049755e3fac192d5c0cca5092a74a67e562cdc6
2286.0,378a11f99275a6b80d365a5d51d469844bf9ca17
262.0,eb6549d95a8e9c28f9e4b89c28e370124e7452b9
87.0,70dc2b66a0d02a23546ad8d48b7fca1c21997ae6
2986.0,ded7cbe4294dde22e553d6a8035f414f0ce72f50
1062.0,16a7dd06aade99d478eb183e89ede87d4b55a3f7
744.0,1fe20d32087cb3e0ae1139b7fca1545db64b8cff
661.0,6ab569b0e3791cf04db7c333bbf5b78d33255dad
3453.0,986871bf4eb85ae62124e71ed579b6baa0ddaeae
2254.0,8d515a644f4d1a508e5de85d1ab991194fc6394a
2939.0,d3e1fed7773d1a85a9e2b434c375822edb904619
859.0,6347e75deea2eda444c60080fda3885c1fb7705d
3104.0,2fa30f6a9e67e4515c85c6fe776783b058097498
2256.0,970a8009f1842d6be8c04f3adea3c2ec97d7eff5
743.0,3c5d7bab26cf63b677b23ad9f4620e3bb6bfc706
2934.0,38a391815b4936e9357834bb4924e09fc4384e9a
1338.0,5fa76f6800fb81a621b63c42725c5502e2520302
2848.0,0bb25eb3673904179e772f4b7376ecc7fbe4822f
862.0,4c0253f9fdd4812b979532f1e24b7f0ebbd1626d
3236.0,91e53da054c8e923ad6bf45cfb4c12de029de1b2
2394.0,4c564779d159acadacc078988f7a40a3e5794eed
732.0,bbdfc839029889af7477b6dbbe8dc4c230ba6f73
433.0,146088d58066f16ef4bc8172f8120402517c34d3
2324.0,c62b614d9cbe813d7803c8ecfea2b7bf5a6eaab9
309.0,7b899c85103996d861360a7ce42ab9a21bae3f48
2353.0,49f3e96844b5dfb6459412aa68e3f25ab3a65514
2784.0,b83760675ded7124f8a7c2cc49fa8d7eea438233
1814.0,87787b130b28b97848e57b2c838e92186755cd21
3175.0,819368a52dc9eb0ba4e20195783f2807872dabad
3563.0,0d04b40d130a49cef0609ac95be48013528e97d9
3137.0,eadb99eb93aa21cae3ce907006e62818319fbff7
3113.0,5cb4b731671491941bd5d877f222bf5cee71869c
221.0,63b5dab0fc889f490b9fee803ae67efa3df28a09
3241.0,48d0e86313b479f97cec1a9869bdaf468c248666
1160.0,462bc6c2e5972cd4a91a12a93478b8c7c0739a5f
2278.0,9dd0a0a29f3e384043369a4e902d2a55e311795f
1539.0,7f3867491570746a4c14bdaa5bd59ec1b64cbfea
2311.0,a037762781929a9a658250f3247bfd131d634b0e
2293.0,f962720f7a835df086a11a1ba910e3210675b9b8
2344.0,57974165444d551d281ae25171d4ec5e571c5ca7
2017.0,f4a1ca8fc87bd28ad75502a78005226899e08a2a
1509.0,37474871dc66ddd94f970740f773d9ffb6c0f4e2
1502.0,cb9f64508148453dcfa4deaeb4ea95518f58cee0
2378.0,29c055a2b4327d94c5aaf66ae00514199ff146cc
2151.0,9900a72fe7992d873915af68f7d52148e738d032
830.0,21f3ad267183f1e8347812c3b00e806cac562347
2676.0,c3e2ff2afa223dbe9a780345af06a57b37bbb28f
647.0,813149677d2627a9ca462dbb2fae985369b54384
246.0,4cb6eea8f1e1edc707874f72cbca43a0f698ec7d
1996.0,78a71a48dcb71cb930d747d9facef0dfa5a8f022
3232.0,5e15850532be5521dac7082b155b15b83e1236e8
3260.0,f7f1d9de3daa84ba968fd53553dc8fdb277219a3
2398.0,641fdeaf989c31125289390fe62601b879d1fae1
3711.0,6638432457320fd2db9c74b9135afef370ed96f0
56.0,707b30749daf407c07b5b265bd892564576ad80a
582.0,18413ed1bf08261acf6d40f8ba65a98ae586bb29
2374.0,d625d411047f335bb8586be3064c7c735ccb0cda
3242.0,13b689bba6119613a2a47e8a9c84e82e69f602c4
1980.0,59104db2f2f0a507aea2625230e446361e2fc174
1225.0,84efebd6be3809388160e8654d0fccc9ce0b2395
2338.0,a4869eb4d2bcb25e6cc5c2e285601abfddea7f4c
225.0,8e928a2fcbac6edca918e9d4efccc4fedb418292
3270.0,31d3c7e71941c3a1800f5e31064c9862da473d86
2898.0,2616d97f326504b494304fe744cdd5adfc9c6d91
3673.0,47e165d6d560fa502e41f152a69b657cf95f975a
2804.0,99c56eaafa05a34857623d5318c5bccbd634adff
3174.0,8ef56c8c6d0be4d4a9e844c723e70810a0be2fbc
1840.0,e4c712ffd2682f963906e1d0d27e67b7f83d95ce
1884.0,9121e109bdcd8b2a50bf53cac73b470232d126df
2582.0,22e072379b9fcffd229cdd239dd3ff5ed4eed571
1854.0,fa327fd4fadcca746b466dfd8dbd166a50d8efad
2120.0,0ba1a872b7aac48efef9028e7687475da34eaa39
2624.0,4309c7c6ea51e5797604c43ba858e5ebe1fb1674
3560.0,a40c381ffdc4c28a19a0910c4da8ec54e3ae63cf
2699.0,746b91dfced525651c9b71a3bd075a78d2b9262f
2234.0,ec18fe94775aaa3d54238c6c75b569491803134e
2694.0,aab4c8c7452ba198c6096face53ac2b7cc6460b8
2303.0,c8e56d58077d29e2c9478f133b3c69ba73deead5
2500.0,470112dd6e708a18eb4ec1daa10c4ea276620dbf
439.0,f43003967e2139ee6d89e7dcf267ba8d52200ac6
2445.0,330792e10b6d05788700f269f7da339bec1bfda9
2875.0,7474a9cb8b715ef96a37eedbbf143d39139bf382
2068.0,fa087c89298e0c91abff45b3ee7033889d2dd5d7
2739.0,4c8ec8f555af8aeba5a48c3c4cd9cc39c74dce8f
3401.0,af5743f6bd2a62072657830d3585b98680e1c203
2148.0,22c613b8c44b74f4756f1eceeedde99b31144a47
311.0,e942a0974f945bd4551482ecf7e29d87d162d0c1
3168.0,e2f4b53396f4676978f86492dae5d3952446df89
3684.0,2fa8eb3cfebd7d797f8d27bfd05ea5f63985665f
41.0,854e0e26d16408760072308c44b9160a9fb39abd
44.0,cc8332e9d99c08b77614e5acd7bd0e6d08dc29b6
570.0,661ee54bc2bc1ea0763ac9c226f8e14bb0beb5b1
3208.0,4fe81d7c62a4ecffd238a74783c054c4e5235fae
1010.0,8fd1825551b28ee967246ce9638fcad763bf616d
310.0,6dccf775468ea0a849d3c1c3965e3a1db6a36a3f
3082.0,0b5b4a66ef99c8b91569dd9b9b34911834689d3f
2204.0,1add1f8a02976e070660d9ae0b877bc3f8a36e86
2837.0,827536e20ad2079f3f50db11aac03e037e98503e
1213.0,fe2d75e1f41efb49472d625ec7c366e7c242a2c2
1325.0,7ae1c5a8b928f29477796c24bf62e737cd577bcc
2707.0,e102e5cb3328e6a13aa8c1a1a492c54c4f6d7aba
2591.0,f2cf4d04494cd9d57da6be05debc0967888dd927
47.0,1264c458ae808d306aa03c51f70103e52dca107b
2193.0,a7f1a21c1204828388eaed1e3903a74c904c8147
1942.0,17685da8c069a1698b893cb6f5e41957f77894d2
2261.0,c590e820aadb9134a7fb19fe32c8ddae37199ec3
1679.0,7b1ebfbc4d517c2b9de2e4e4ddabffaead1190df
2325.0,4ec1fbc9f52b4b3997a1978ab3390a5a1157ad6a
2724.0,6f84cf4e4b4ab71d950db28d1b0776e07a8726e1
2077.0,7bd54e9bd61dc6d02237fd5d473fa92030a1ff33
2306.0,5b0b9717da958fd6325c675d92be4f6667796112
2350.0,c7f433c49bcd752a057020ba58672b6e441eec21
1290.0,45e901fbf828addfcd0984edfa495d99d7155d9d
430.0,f7bb2b5f19146cbaed375f29520f57c3c385762f
67.0,387be22f26b8065d29e311723bb8a50a74248534
2315.0,898c8621b175ade4c623ec61d04f24e02c05e0e6
77.0,9e1111c2fbc2c7670eb489df0262a90417b96019
799.0,ab1be65c88b01f3318e42afd089006d24e083274
2637.0,b0c1da1e7ee66084b429a413541e179299de31a2
20.0,f1603d33f266ab24eda604f76632fa604b91e3f9
1795.0,e8bd2c92029455abfcbbd3e10b161f9da0d269be
290.0,63876614b6734e6404f17c9d3d22b71b3f43d158
2610.0,94aaa2457927c59d4df2a616d24f640ee8454966
3406.0,2659f0a5e62c9a97ef37dc2ded3ca8fda3c53c9f
3445.0,900fa2f795615683234cc7e7b050a1e131983689
2284.0,f0a6dcfbb8cc526f19aa4e672d3b106c65cb18ca
1827.0,70de011d5102bea6b97010643cf36698f94f97fb
2964.0,0f56c0cb04c4f63a1ed439cbb3fc49d8c83f8f65
2430.0,85fa8aabf5a7bd0adf204f0c2dacbba1fa6683de
2647.0,d72612d11e4f4e5d682c8986acb42ae5e8e97e4a
784.0,d56d96c8c253a86b5abe20d92584a50017470a06
1175.0,80283d6c590a5e54ee877813f33fb7bf3e02123d
3154.0,ab3f92253388df031d2947a5a76c980cba7cb694
452.0,2262ce4915aec0dfffa8e71244ebe10f72d11111
1456.0,e7d548595e8f2f03fb58c827bef8abae2f84aa59
433.0,f4a31db9f6a9b8bdfeb023f247eb6e8a42af3162
2038.0,a6a36ec72a1f65514e137b0f21708e8c61dbe4ba
1520.0,ac12e362c4b7fd765b0f6ee6d1699d027ee9bffb
3069.0,05102f63b8dc5341d2d650da3aaa51b0b355f65d
228.0,e3d577cc2a87cee4e45f9939df1d6d5d99f4d943
3273.0,2675076cb77fb5d37f54aa05473157ae27be7c42
1051.0,367a168d867d9b1b36485c98d9c6e5ade1d85686
2319.0,39f7aaa41678bbd110365a55453dd5e395655bb8
2450.0,8020d5eac9e4bb0e40a47b82ca95713ee78fc73c
1208.0,fa610a24ec326bbca01d6453548a1129178273ae
843.0,36d70d8789954e9e3e5512d1df2215119279a7c4
1748.0,1a7fd980f8579bd7d7d53c812a77c1dc64be52ba
80.0,f8f8463f3a0e260604b066de56b0a8c7d3a86db4
1621.0,c72e7c7c70f1553295022c70d5058ed11932c16a
2363.0,45946028e77ed68d64869f565b688aff0914638c
2581.0,40745bb338c45498ca19010175f341332ab2eefb
3541.0,f991a898100359684111be1ddef7bb60ab6f0f9a
1714.0,2995366dde63b8acd1f246bcd5a4cf7d61f0c1fa
2046.0,49ecc88d9949bed6297944cb4a3d115fa9727aab
2556.0,b786585b8f5302d707a66fd306f0c79946b408f0
2748.0,a6a6810d563949303bb820cdb83c63714bf98bcd
2213.0,5b83f11398c8d0f8f4158af05d187fc03508f01a
1418.0,dac45f6c5d2dc69a59561dc70579cc16a980bd21
1578.0,00c200eeaa6af7c5c25c37471ab0313ae26651b4
1132.0,8d3ee017c58ded9e994a7d97c58bcc5d6a2a6e68
3427.0,25a5d3031167566cef0fcf38b54afc6b7dcf6e86
938.0,c9bf9070370fb1cfeefab8a34f40351d6bd1bc26
709.0,6a8acc115e312e1e23e70b66d493b4cdc00d1133
2075.0,ec9717502f36126b8a371b73a5730b2092948ca2
1117.0,02f0c755a36c382f210d6654b84316745ad2af00
414.0,8d7ca29a3554d20324ed9c75d9c095dfa8a8c439
18.0,8d49440d8b881b2df2c10085a58d3a4e4085147e
2340.0,135f85a19137371cf4870dab1710618b61fe9183
435.0,561775cbf677f72d6d8d505af79c114bc750b6b7
1869.0,f034d2e271403c7b3b8a1c2728b2320ed157a037
1812.0,c810fae9e835ad446e7e9d61c12bbf2f6b597109
977.0,02eb9c99fdaa0c3cb3179ca5a1538e87ba6f13f1
253.0,ccd5ced70e48515e222b84dccc8f21d32c864dcd
2996.0,b78ebacca7500f625bf7ac48989073dc872a4418
3315.0,b7f6fae9b34341b9be7742b86f6caffe07fc6f25
591.0,39329bfc0788e1475038f9c65cb350daa45b39de
380.0,b786eac5574e478d51314333fb6309456bff7b76
3118.0,4091013ee1e0c126b803a2d76a085609675dc60b
427.0,1d1db80e062bb576cd542a7a3ca990360c5b57ba
1577.0,6bf42f9a845b7e54a39846f5410c9e3f6c80ba18
1376.0,ec5811d0a15dc5ca2c5f231ac6aa79f9a107776e
2071.0,6478d7bb99ef7dcdda19ce3e58c00500ff72e60b
879.0,280d8659601a5e3b8dab77231d9f9fc16f5cd1ce
2491.0,82e66848e8ab44d58e483b6b92eea5f04627c422
1898.0,74b3f7e04cf51df313aac47175b752663ab0ed44
816.0,2e17ad7fd42d8575f308af9c17496d38ceb72b5e
2013.0,9e41eca7f839db16cdf064f827fada0cabf6f54f
1876.0,e048aa4e19d689104733783a19560a6a485a473c
108.0,2a73bbc436041875f81aeffd5b8f13c6da8fcf19
440.0,a5d1cf415e142c2926845601257d3d6c05cb3ded
2541.0,54f3d2131d2abd633288b4810eb95ba40b0a7956
79.0,da514b398429653dbd368c6da48c9863d3c2632f
614.0,f06c80a21508d827a6db1223ad4de253fde013a3
746.0,77753e9b73a8ed8f908e2877455f629ea6e7a6a4
2302.0,65b61aa7c202bb26df53e2cb271269fddd95aeee
811.0,da49f7398d80cdd34e7f0bce28ea119a19d8c81d
2222.0,c935eaceafebaf167f6422fdbd0de3b6bbb96bdf
1264.0,86525d9b374efd00a97a9c3e9586425a356a6bcc
3062.0,afb7e4ee5f6e9cb8a1a937458cb39ee312e172ae
1883.0,bbd6c8c791ffa0f9f30f31d17e47e8fe8e587526
747.0,915d7180fcd0defd23384e30b630e2cb31a39222
497.0,a9e753f7064e38e40819b49a51491e681dd0f42c
12.0,88f671aaaef334caf3231095b119cac094ff5ffb
3159.0,00ca5b7328fbc5b11594ad448343ba371142c43a
885.0,9c434ebc679087ece3d7464e39878e29dabf1951
3169.0,f2c854060adf021347a6c4217fdb06a77a38bf58
1161.0,96d7cc933ae19133ac3cab535b0ea83c6dfecce4
1671.0,431db2874b242316051963d9bc4d5653b3647acc
3621.0,330a3e3ddba712def955e7a2ccee92a205dfb656
3213.0,fe41c6c8aee865ca494b91914f877319b07effd9
2364.0,9d829934226a34c866ef56e6dacc15c423dd02cd
2759.0,a3272941ce76a212e9d8d55722a0b230b963411d
2854.0,914a033586becc94a4001a448107f02d547d81d7
1868.0,ae97ca855361dc47b45f85371d557419c0e764dc
2259.0,39d55525ac8f674b40be5d1d3160b9fd33ce501a
343.0,69e7a0a2a0391ed1bdd102deffbd98137790f959
815.0,af5a0853bfe36d547af93b904729a43fcf8cc55d
2745.0,6b2127b1e0ef474aed91a25492e18a361ad7f364
1811.0,bdbca923ef26424f605b4c744131512a5edb0f1e
2323.0,849fc4b90c009d9bbbb604b2997d18340fb7ec2d
1019.0,01e831f08279d69f29984abf74c0eeaa12579915
1822.0,8d7e7aab31f0e3cf4d009376b6d210ae1a27785b
174.0,04e70bd5c7bd80696eabaea11afd9080d874f859
384.0,09370c3f1c808e9251292bc228b6bef4b1223e93
2693.0,d8bf589d4835ab03daee3101a91c80ee648e72b6
1821.0,c73cf0f82ef011ac4dbaf00ce4e8318fb9fb53dc
326.0,c6316132b173f96a6f5a90ff3b62f706f8a62560
2358.0,63129e8426ba0ab71a3500172ca04fb41ca67daa
657.0,3b393f89f66733f7824a50b33b93eae9999812ad
2117.0,5b9b180191016044b95896924c7df55cbff7db93
1000.0,872094c55612976bdd3de9094f7f8d13a38fee48
3594.0,21c3df31de4bc2f838c945bd37d185210d9bab1a
2710.0,0ff3f722c1c22399d3c755090901fe0250ca9b50
876.0,7f5b6c692df34cedf28a01e46305ec5c22697a5a
42.0,9d98ad5e079b88fd9da87e47d55a11e465ab6bb0
897.0,ba36d57729c413ba41aa0b9504f3300c43bcd483
1235.0,70a33ed49bdc47cdb8e3af923ae315d63f406f0c
2555.0,05e3840cc2a3ac6233edacc75fb38ff866d6bcbd
2080.0,4eca29f68bba819494e91270ef27f9c2f4b57bb2
1280.0,b7dfa6c363aec171bdca04ce0f49ac5f2a0ac35c
3178.0,5e378b4f28af344702a65fcce85a7d8574674860
2072.0,de1652467b0584fe9ee4060bc42101e8255838a3
2870.0,93e4b714a179c7132b505dfbcd835e7aab542a56
2073.0,2647fc7112ed79c1751a3d99491d7dcfe0aa4520
1291.0,aed464b92bbd9bddba2684304c141b9d65b7d01e
3317.0,ca0acbaa5349046c44f8377efd0372eca9650748
617.0,17fc38c397aeea01165275f6811e34989f2ff00d
307.0,780297e2bb6939ea9ed6a40846f3dc3fb7dcddc9
1057.0,da1c1f0d7f8e2df19eb320b176021511b7d05b76
387.0,fbbe14791f2d417bfa57618eecaa503b69f459ac
446.0,8740fff90781b3fd0fd9ec51a0b6a15a45f96489
2342.0,aeb82a404f2926613f83070e039de34cc5842b52
1862.0,a228a3b2cfbc53d428f6cecade8b5b0fec576f03
800.0,afa33e37ecf1214dbf7d619181791af70e600ef5
3183.0,1dda032b00cb4f7a783e018a7c370ee88f15e797
3247.0,d4b688bd035b9704b3168b28fed39c8fcfe3b997
3699.0,37551e6798aabefd549340a7d3840b7648b413c7
1855.0,d80fabd9f633fc0ef2955a127cc980ac9b0cc8fd
82.0,d12d73263f5d1664a65a42f71f19158b7e07ef2c
2047.0,bd5e297aa9697f42a61682fe56f10eeb650e8540
19.0,a9284afde97c30d136e8ec675794c7cdcf4ca277
104.0,fda14678c07d036ef3a1984a4e346e793cc5a63c
3709.0,632f85b65354ad573bb33c54a0a9dd3ffcef371f
2173.0,95db82f8f7df0acce7051a8dedf29b88e436f5ab
1172.0,773ad9b92d447102b92492f64d7ba0e708746f83
1661.0,c1c205bcd39ee417ed028c967819a45d08d604fc
2765.0,1a9caedb49ada290b00d0db0ec61e66d95807413
3437.0,28d09ae0fc518f2b3e9138f0fdfc2566459a52e3
1813.0,b13e83a2f228625b66c04003a1df7f8e7fb4176d
817.0,08931401e8fefa31af2432d27b2346a96ffe8e2c
2314.0,e2067649551033c74e7937b89af9a9874a96d279
1338.0,6e6a3e8cfb5c8c6b6bcddeb0a045a8441a35ad0a
2409.0,817903c9c1f4c5c6e063edc971ccc75c5c94af49
3129.0,bbedd6454094bc26edbcc95bab1ed3d05b4085ea
3740.0,fe55f92cdc575d00204a134b2d556c1053e1ed4e
2897.0,2308cba407884996047790bfb77f90ae17bdb2bc
2928.0,d9fa28ba68809aec8df30c65d7ab1f8a5e0514c8
369.0,f64098c784f93db9a60d7576cd4fefab8000dc97
739.0,d395d3684a6b9243ffd9091ea9b28275d90aeb91
3349.0,12666af6b5474998907310b2f940aebdc3b5a362
3705.0,fc0aa7ac978b56e83dccde94214b1900a2ee1c3f
1341.0,eb2a4521ff838ceb291f6f30f41ea70e3f552032
304.0,b209cd96f5865500c7002e127217fdf9ef9d2225
3669.0,36e6fc8ab8418d7d8ead6ed0196b2bcbbc9e91ba
1431.0,aaebe9fe252454a319de1f0e583d0e5a8635e399
74.0,bc662a546ed9028d93482f79314e64beae19a1d6
2606.0,8ff0cef6b9ecee2c0bc31774b33cb88632dc79db
1144.0,60260eb0f0954ceddad559161445848214a50ec5
981.0,9f2b3d815ec39279bfb838221580a36378a0de20
808.0,1982c208ceebfd317e30ba16a40402850e97e1c9
1315.0,dfeabb7089e989040d0169df4c7df6892e45422d
609.0,fedc96c0b9a1c48d11819f03fc82065336af89a4
1303.0,5b9826615267fd75a954db40c1decc2a9dc40a99
535.0,8339cb35082fc93d3a9c98616aed7fe0c1c642dc
737.0,97815b999e831205b90018e81569b55ef8fd0043
3376.0,e0079490176f080a9a4e52d4edc67e370992d943
1875.0,62aaee02f754c74e0a051097c869cdabb0f0a09d
3059.0,4d37acad21b3877f4881daa55b808b809a391e84
1090.0,b0f594efc9c6ae692b9b4732d40006b1d3c69d23
3246.0,3db469795996523cf834c07684b0eff540227aba
525.0,9034461e5bc3a3e75c64b603c89a28acc7bd2144
3375.0,e17c3423bd306b04d27b6a2e53c80f1ac2179054
3190.0,d0bfb065e5c2d00927ed192c4ea5d8a02b4e19d6
381.0,56177bcbd16f9e73252d7af7c78d25dc60ed946d
3374.0,06507ed4e455dd8b94242d4477dce05b1d95c6c5
1135.0,9d64ff420fdde3c6eaa6d573d41da3b2f587422c
3282.0,6665c91e6fad7df5997c8f3ae2136049062c1b7f
2662.0,8c0d8c1c147a2534c8ed60f7dc62080371126c18
2720.0,062745b23f7abaafb144e3d94b6fbdf8ccc456b9
2504.0,a35fc3cd6bad4ba8891af75fb9a1661f979cbb0a
1950.0,0f1cf50f97a617114078be3dbae3152339ff13ad
601.0,b5bb49d080475e4fb90f6a47dacab60b53470e9d
3142.0,8609b7d840b2430ade985465d87cd9e2f09d477a
2307.0,cd593bf117b7747c5c5b5aec8476315f9b2fbbdb
237.0,46ecc57b7c29cd017fd841aef37c5d767cc538e0
997.0,ff3ef8511ed7c507ade5ebdebced7177665a3414
1054.0,807067001f58272429fd67396ba2c2c5b2e85861
1630.0,b3b5a98fd09f4c02828765a5968825ab4f11556a
2347.0,fb90c310b9c9099118c06a95183e38157727fa92
3056.0,10d0ed68a342880ea355ba62e8d24efa664142cd
725.0,3d9055b3b73b1d09f933bfd070f704e9e8bdff2a
1573.0,c0087204e5b83ad4e3983d07b66d17acdde0b9de
968.0,e7c587789ae22a626196cea26340253dd9b70bf1
2212.0,889c0ed1964f48557e532f95f9003c5ee6e2b727
495.0,d90f0afe39724040d0be92df054e2b1438886134
1135.0,0cf5881312a2256607cebe36938405a6fe5a820e
2231.0,d04d36842b6c0c9430dfb3d1129e5cfa5e8bac3d
282.0,e8e2e934096f36edd8e96d554d06c0e330d94913
1441.0,e99fec26ab1e8b11d93a84ed0b74c3406b01494d
3674.0,3fe5eecc2b57406bc9f14dbcc4fb1a76ba4ebab1
2811.0,b6a8f75c70a0aa72d907a37840213b84f3595f6c
2298.0,e706b5e5448b837f34d11107e9f9295f0e5a9780
856.0,5207c69064898f513c0b08110514f3fd39e5a4a5
3157.0,2c68f86336dc8729f58e8e19af0f49c269c1cfaa
2416.0,851eaa4db7cef513dae35286d816867d68a72049
1318.0,e3ba459abb026c536e60a3ba2dec3e30b53003f6
1196.0,d76ca43a583cddec91e8cdd32a8210e6bfb1bd05
607.0,b2fc9febdda6ce4c90f1aca351c01e8b71fde11b
2910.0,d493e3e083f7565f9b158b12445a994abe9a39cf
29.0,a921aef6c47cecbacef5173f03c07c52e6bc8fea
1342.0,1dcad60051d5f8ce833b7ab6a37529c6c4a96d96
299.0,505cd663cd75b5593a1c9db0eded5298bd67139a
70.0,3ab318a7ddca819e13d6d161b008b62b6583453e
2918.0,1e616696c00c72f01958b761173c8f29f09acc60
2332.0,c5be20b53ca577be5569b1a327e88991f2ea69a0
3513.0,bac908ef35338e78422c5edc0456a22d04debfc3
2152.0,1636a4c410a1bf3713bc1da8d4de7ca66cdf1681
313.0,434c19933eb445907d73b9bb9e4973d546f5ee52
571.0,9a0f6519aaa14aa8f6d0a076e269e8ca8b1668aa
1358.0,3740ae492fa4a953abb86fefd025fe12f33fea92
2238.0,78cb96fde0ffb9d6ce67b8f5c850c7a60cab86b3
2442.0,7d4703e98ab64fa29f6ca50b72ca5a4548121bb8
2209.0,6efea346dd54fa9adb65fc044d72e5ec8bdf4018
57.0,a6617f44c0416c6877d930b312e1f64df08eca0e
600.0,f8b6033a3b86691470a36db57eba17d996c7d5e8
2570.0,2433522d2967b8a5e46f16de587a8fac5088a47c
3369.0,200ce9bd39c70a7782ef8ace0338ad71dbdb175d
1288.0,98b155c65da62077dc5f277a3ec15d3af78333af
3574.0,d091bb00c0358e9f30006a064f3dbb671b99aeae
2916.0,393bd46085fbf308e8b4e182c43f3871df4ec191
2729.0,32e813f728ca5d8ac662231d8fb1aceafcd85412
3103.0,86bf9dca72cd188813e26ef5dd972101ef8983cf
886.0,cab514e9f17e68d66c61739325808dc5ed494e90
2399.0,d13e41ddefb89d42fda61caf5921dc60b66403e1
2490.0,0932d8f428ae6c7cb6615a6a146e417eb182ec4d
1510.0,595fb7e1fac3eea207816a700565f6a549e160d3
3529.0,3d61fc44280e5e77ced09e0eba9634ae5e5f4727
39.0,c6e6792cd52022add8455fc792b2ca73c62d3d65
1181.0,4f5d3eab067f8821b2a69bfaa9be5ab1b04669b7
3562.0,e69b49bd3d2df261316c1c5dbdd53b96d93d2f56
2395.0,bce8ec75ebde8a7f49fbc3a9825e667d7327c64d
2316.0,ce813ae5214acc91b1686e09559bb3fdc28a74e9
3181.0,5a49b96d0e15f423ce8f2abc27a0ac280e69f726
2991.0,339419117fff06fa89124d04b1921b61b8865d80
2288.0,b11f7354d17ae4d7d11bc1b204cac98573f48965
2175.0,9e2807da76d756ca84b55213e799a124beb6a3fe
1262.0,eca53063862fd487dbce6e36fc42fae80f1494c3
2436.0,c74f46979a8b8358437bd7f76e478d04248a9c72
2343.0,90389140cc192113a0c08c54a2de22a41a397702
3204.0,814a7ea96f1f0aa124537cee98fed0955ebbf6c4
1050.0,32d32249d51f37ec53779372ad23616efbf4d74b
2119.0,7f288371674b420ac2df8ff2313e3b469662ee41
2301.0,5b96e00972b2799728470ef9a3b49a99dff22cda
2685.0,16d83d6bb413bec09a656a659b98d897e7abcc81
