issue_id,commit_id
687.0,b9ad881b67a1f64c2303eb0bb1b2145f32475ea6
1181.0,b994c757013a2cfc6cdb9407120e53d94e8906f0
873.0,8e12ea5e0fd32dc5ef3b757d555c9ce1fa5123bf
869.0,2f344ca6d27312bc47c2caff35a273590fb7b2ac
118.0,72ab7f6e87deb2e2167ff4d0b69bd0d6537e14a4
741.0,3081caa1aafde076a8472d62091d131dd8ee72c8
476.0,c3a7284bc8bbd58b68dd885b5339d8c29685bd6d
117.0,15a88ea05d5d14f250f17da6a3d87f9bb9000024
479.0,96747e44d46d99a91879587d311578ecd4664645
89.0,447c54ea743478b375099ab0347b9bfff08e3f78
435.0,f74e2f520f79f279807c122075aee3ccb8fcc6cb
790.0,64f056c61f512c81b71a8b18a23d7907d9b02549
422.0,afcec9536b0853e89cffdedeb41b526f4029965d
891.0,9e54a9ef5625161f3b7d6ec49b00eda7672ceb5e
946.0,819f66e5b550e8881f2a650c0d70bcaa01af8ecb
268.0,f7cfbaab1689b50640adb75476fa14800aaf9eae
158.0,bd4d3028ffefac942af1b5bbfec70ffddf3d753c
300.0,1f147f5e7adf14daea1f59d2ebc88e7539c7e4a7
105.0,c9f651ba39562bc7fa471f75fb859c26400b5dfe
325.0,0a02e774ff42d791326109549900eec13a0a88af
299.0,f39eb99eb93b4fea7a4b4f1953bdc86be6994b36
149.0,979b5e711adcfaabfe5d10087153490d8646d6f2
713.0,11959265eef44ec984297aa3a5ee39ca5e8e3ffa
361.0,764f69a47bc242383e992502491a1ae0012f13a0
1154.0,bc7a5d01001df69f9f0c3dfeb94cca92768ab696
952.0,fcf0eb022ee81cc8e961c08c4a89742a9714cd63
1173.0,bcb0c8bce776a5eba9f5425c57c2ec8385f10e94
596.0,1b6fee1f6e5ad1686f622758d6cecf2996dd3050
523.0,71b01cedd00a9a6c9a5b835025f110e567a13c8c
69.0,5dad6e9b3ae8992ecbe1f90d3d561dc771853abd
750.0,64f1a6d317d0ecaa620ebb586fc9a62fa2a4f318
85.0,2039349597bd2a6831e568d294d894bf34d072a0
1153.0,fd775497547bb51e3d3b38590cbc83e54afd9508
1044.0,eef0e0d65c01159c1754e72a060a557cacdecfdb
938.0,b92743368bfc357f72a4046e899faef899ee9972
187.0,9ea8cadaccc55f10a8bec5804573f740d51bdfbb
913.0,88e03042a61e0aa4ff32d685353ac9d70c4ada21
661.0,13be7e295be87cad9a1198e71bfe3ed9ca1556bb
92.0,97b36a993d5481c71824088834c66f3164a286ad
830.0,885373496002b0400c1d7ade50330b969ec67ffb
847.0,6277ffd860bfb682807794f6b83c5e686283b592
732.0,9d74cd138d6a023cd5e8d94aec92ab984c0a5e57
912.0,d2ab7c2353eead864d8d30b6b98005e88e03a3ae
730.0,af27c34521b183db4a11dfc5e69a84c7a1759dc6
477.0,289d960114ae59f8247f160e15871673b7751b3c
539.0,eb536a6f64672e54e4dec346c8de602d7de435b9
774.0,3995e37a86cc70b2698fe4ca883aac90201af48d
530.0,fc31362f0ee2e1ef807408c53d6a0cce478b6240
1001.0,3eff3bbebd477a95c3a78fa54e876e1ca56805f0
1065.0,6d6ab3dab755759ea51ffdc7e7cc2e49379eca4f
397.0,d7b1e5eb91b65d3807fbf921ae51898ce3973b14
133.0,591534cfc8998dcdc1c40beca4f4895074ed7099
357.0,c9b86b225598e8899e2a0b96c9dd462f40fb8b1a
321.0,9ab49a2145c5997e580bd718099e2ca9bca0cf06
360.0,0f69f8cd232f27edd8795fc8c215ba01c414c109
363.0,981f3aadc79a301ccd391e805f3213ad47bab4cd
819.0,ee3ea177a8550d43e8dc2020dfb3f86045d3d5a8
978.0,f614cef7ed63fd7f2a9c44600f4d3c84f96c59d2
376.0,54acaed24f4600f999d823568f13ca146fc60e1b
602.0,72afbd8e77d0400c237b645e86638095532b2e65
513.0,52bac9af854f3e0222ee0569b4206acd3bdaa804
220.0,f12f2937ed3ba08c3558bf170006c97ceb7459df
660.0,da434103cc3d61180b876bc965b4bf71f670a83b
51.0,1f850df753cae1b24c5be218c73728abd18ef89c
254.0,6aefd3d2a5477ab60137dc521b0a1cf5ddf1418d
574.0,979d07097f3762bedc7259fb1350e89e3c367060
734.0,a7a7d09f446cad7f34be04ceb47bd8512b9cd344
483.0,9c42a8ab29f0727cf82ecbf4946eba3007f4e21c
