issue_id,commit_id
375.0,396eb2fdcab07a89d5f5f58f80b04526f16bf343
703.0,43f072f16f4e21c2a19ec1f7fa7eb73667f102f4
250.0,6a40c7d1252c80df742f7072834ffafb092d5d97
956.0,12ad10f6975d9651d0c696a021fc982c2c5de861
452.0,1fc381a84316bbbd9cb938e09bb9290d52a5bc85
714.0,666aeee79f849d4a8d02d2860b2f33a9bd105e93
656.0,4904a982dd9970f843a0c368d62de55cd6f1c0a4
825.0,64f42f211de19b8b80ac15425f863d959e9a23a6
891.0,9e54a9ef5625161f3b7d6ec49b00eda7672ceb5e
642.0,9cc58b7087eb31eb1ca142a0fe4cab7814b43437
271.0,63c45121abf9afa230852d6d21d774f324d91963
134.0,750206c779060ea8b1cf19e2058a87cd536363e2
729.0,f4d6adfc2c7c34799711c5ed7d425c55f9719e4a
129.0,244c356116238de38bc24c21501ffc4103357e84
856.0,9e46fbab324d887934628104e46472c711dad8b3
944.0,a93ef6f76963a96d6de099656ea336bfea9b7405
98.0,78819664cd923e459213625c521963aa686102d4
647.0,b273d1375500a436ba09d80688f50766d51d6b6f
137.0,35909de7517077444bc9db39aee009b59fc10e1f
559.0,0c226e6e7e1b93b48ba3ba7ad9ade5ff38b06987
1193.0,106c6c7bf889b0db5fe85eba31f3f7f6b52a0895
298.0,81aad79cab9d68d4dc4f8173a3b193f03b87cc2f
382.0,b3e109d5185381f3a000fa8397c55c5f38a7bda0
645.0,5b2c3151e0c636ca3bf8c5632542167536ebe3d2
624.0,44c7eb10c6532e45df66dbb552408455480156c6
668.0,7e5ae94dba1bdc5358adad3bc7a427f92436d3a2
100.0,b1797001f936c5a856a5066597498d01dcff874b
126.0,05865f4b39e4af2087ae89382bbc9e4c42f69564
641.0,b07d63be4c5cdc53f008575cdbda67b310a2eebf
255.0,0941ffc148ce65bd6c916f0ddc28f561cf2eec30
248.0,71c98101b2c343c91fb39729cdda48bdc2a22f5b
961.0,462443a2d1d34d686eb11dd1b9b490c062e688a4
407.0,f0b8c71f66dad8a06e3d5e9d4a379d955fc879f9
832.0,8138ae8e31ef2139774acf2d16d6a8f7e14f40cb
