issue_id,commit_id
687.0,b9ad881b67a1f64c2303eb0bb1b2145f32475ea6
1181.0,b994c757013a2cfc6cdb9407120e53d94e8906f0
873.0,8e12ea5e0fd32dc5ef3b757d555c9ce1fa5123bf
869.0,2f344ca6d27312bc47c2caff35a273590fb7b2ac
118.0,72ab7f6e87deb2e2167ff4d0b69bd0d6537e14a4
741.0,3081caa1aafde076a8472d62091d131dd8ee72c8
476.0,c3a7284bc8bbd58b68dd885b5339d8c29685bd6d
117.0,15a88ea05d5d14f250f17da6a3d87f9bb9000024
479.0,96747e44d46d99a91879587d311578ecd4664645
89.0,447c54ea743478b375099ab0347b9bfff08e3f78
435.0,f74e2f520f79f279807c122075aee3ccb8fcc6cb
790.0,64f056c61f512c81b71a8b18a23d7907d9b02549
422.0,afcec9536b0853e89cffdedeb41b526f4029965d
891.0,9e54a9ef5625161f3b7d6ec49b00eda7672ceb5e
946.0,819f66e5b550e8881f2a650c0d70bcaa01af8ecb
268.0,f7cfbaab1689b50640adb75476fa14800aaf9eae
158.0,bd4d3028ffefac942af1b5bbfec70ffddf3d753c
300.0,1f147f5e7adf14daea1f59d2ebc88e7539c7e4a7
105.0,c9f651ba39562bc7fa471f75fb859c26400b5dfe
325.0,0a02e774ff42d791326109549900eec13a0a88af
299.0,f39eb99eb93b4fea7a4b4f1953bdc86be6994b36
149.0,979b5e711adcfaabfe5d10087153490d8646d6f2
713.0,11959265eef44ec984297aa3a5ee39ca5e8e3ffa
361.0,764f69a47bc242383e992502491a1ae0012f13a0
1154.0,bc7a5d01001df69f9f0c3dfeb94cca92768ab696
952.0,fcf0eb022ee81cc8e961c08c4a89742a9714cd63
1173.0,bcb0c8bce776a5eba9f5425c57c2ec8385f10e94
596.0,1b6fee1f6e5ad1686f622758d6cecf2996dd3050
523.0,71b01cedd00a9a6c9a5b835025f110e567a13c8c
69.0,5dad6e9b3ae8992ecbe1f90d3d561dc771853abd
750.0,64f1a6d317d0ecaa620ebb586fc9a62fa2a4f318
85.0,2039349597bd2a6831e568d294d894bf34d072a0
1153.0,fd775497547bb51e3d3b38590cbc83e54afd9508
1044.0,eef0e0d65c01159c1754e72a060a557cacdecfdb
938.0,b92743368bfc357f72a4046e899faef899ee9972
187.0,9ea8cadaccc55f10a8bec5804573f740d51bdfbb
913.0,88e03042a61e0aa4ff32d685353ac9d70c4ada21
661.0,13be7e295be87cad9a1198e71bfe3ed9ca1556bb
92.0,97b36a993d5481c71824088834c66f3164a286ad
830.0,885373496002b0400c1d7ade50330b969ec67ffb
847.0,6277ffd860bfb682807794f6b83c5e686283b592
732.0,9d74cd138d6a023cd5e8d94aec92ab984c0a5e57
912.0,d2ab7c2353eead864d8d30b6b98005e88e03a3ae
730.0,af27c34521b183db4a11dfc5e69a84c7a1759dc6
477.0,289d960114ae59f8247f160e15871673b7751b3c
539.0,eb536a6f64672e54e4dec346c8de602d7de435b9
774.0,3995e37a86cc70b2698fe4ca883aac90201af48d
530.0,fc31362f0ee2e1ef807408c53d6a0cce478b6240
1001.0,3eff3bbebd477a95c3a78fa54e876e1ca56805f0
1065.0,6d6ab3dab755759ea51ffdc7e7cc2e49379eca4f
397.0,d7b1e5eb91b65d3807fbf921ae51898ce3973b14
133.0,591534cfc8998dcdc1c40beca4f4895074ed7099
357.0,c9b86b225598e8899e2a0b96c9dd462f40fb8b1a
321.0,9ab49a2145c5997e580bd718099e2ca9bca0cf06
360.0,0f69f8cd232f27edd8795fc8c215ba01c414c109
363.0,981f3aadc79a301ccd391e805f3213ad47bab4cd
819.0,ee3ea177a8550d43e8dc2020dfb3f86045d3d5a8
978.0,f614cef7ed63fd7f2a9c44600f4d3c84f96c59d2
376.0,54acaed24f4600f999d823568f13ca146fc60e1b
602.0,72afbd8e77d0400c237b645e86638095532b2e65
513.0,52bac9af854f3e0222ee0569b4206acd3bdaa804
220.0,f12f2937ed3ba08c3558bf170006c97ceb7459df
660.0,da434103cc3d61180b876bc965b4bf71f670a83b
51.0,1f850df753cae1b24c5be218c73728abd18ef89c
254.0,6aefd3d2a5477ab60137dc521b0a1cf5ddf1418d
574.0,979d07097f3762bedc7259fb1350e89e3c367060
734.0,a7a7d09f446cad7f34be04ceb47bd8512b9cd344
483.0,9c42a8ab29f0727cf82ecbf4946eba3007f4e21c
848.0,5f23a764326b8a1edec59f60fe3baebdc7e510da
761.0,60f280b5ad6b2cc4c2419b2c7634d4ae253b53d6
490.0,c53221c38574711cdbd9e30ab1705967d4e96288
246.0,a8a7356c9b4e39b759153cabf7192fd1a1817e3d
458.0,becd32cc4bf4424dcfaf4b9a495ad0ea97d29886
356.0,6166291c3e0a9eb97303ee5b5f06e2168c858dd6
735.0,018f495f10c1e07191819a2cf11232a9b3f61327
103.0,39a039fb8eb731495ef5774199502154a08e75ad
40.0,e4e9828640fc9046f65fb3791627a8ca91ad7e55
388.0,d9c62b0925023ce3f255113dd22d615c94a71a05
882.0,996a0863b91c688a7761f2684609c5663fb9f4ac
668.0,7e5ae94dba1bdc5358adad3bc7a427f92436d3a2
818.0,c664738a79f20e2c2919177a667d586e4f802368
95.0,21486c5b0aa9ecb8c8639e4b4e020e8065804515
587.0,0559c5119eb686f5fe59cea716381f404c6e0516
694.0,7858cbc4736a9caaa3cfb0274695a29cf04eb319
195.0,dc94ca382048339ffbb144da0a28f47d6b562dfb
970.0,923f2d64417ed8ab3b778b87a517e64c0534b6ec
521.0,163b2e208712d1d463fa7475499c9f86f0301b6b
317.0,e97cc6586d4976eebe30d343f729cf622ad8c558
517.0,6b29ad862ca292cf1482236934c111783bcdc9d5
901.0,d5b0b6527bb7d962de7a7494b8335008e15cf23d
1186.0,0c24e8bda226f3dbd6ccb0381515a9c903847249
1060.0,8c597751fdbc5a7082ec6f3053c1b066bbac5b3e
255.0,0941ffc148ce65bd6c916f0ddc28f561cf2eec30
398.0,203c1e939e40fe2da6dbfde3d0f3e92f750315a7
557.0,28d01e44ae4b7741c461116d660b05bc27b5ab60
258.0,e187105f620891a026ce3739a9f0f568e6f1bc65
897.0,3fbe8e7cb3ca57fd8656890ea7855da62d2ea03e
607.0,7110018a8bda23d9abadb6144d896fbbe589279c
626.0,6a42d4e91eb33b15369a0113e66a93dbe9e6c029
1118.0,0f969aba0cbf9b1a93c679a442e74e13f00a1702
800.0,d1866191b8e7c4e4f9279ebff5de2628a7656289
332.0,62fddef501465e7ffe4f4eec5562269b7fb5077c
699.0,e4d75fcfb6901af25f51261085a3da6ea770553e
337.0,72b8e60d189bc2e1418cb7bef2eae7743729fdc5
170.0,55120a99589eaf896a4b56cf347affb686445f33
529.0,33eade861e9aea83ca7fda262026312d2873f302
808.0,f6742261719662d71439abe9b83dc1f103a2337a
492.0,087fb1cb7d7c3c11026528f01859b76e35f2205f
451.0,18186f645228a73bf90e75f0397e1947fbb6f61b
656.0,4904a982dd9970f843a0c368d62de55cd6f1c0a4
6.0,181348fd4ef76cc5833539cf1ef432830ef7b85e
911.0,992deefbba7d71b27467e656e88adf37382c8c62
1084.0,19c3e0eeb81f4a231d0ebfd2c18c47215f85e572
654.0,db634a459638f36cd9091677142dbdc476eca778
836.0,a6d07e707a1f50b6e1efc20f968570c8bcc0a77d
1049.0,8cb7009bcd0f0062942932c853706a36178f566c
992.0,ef8aac61c476bd46747d3d4910a4d494a59fa375
642.0,9cc58b7087eb31eb1ca142a0fe4cab7814b43437
396.0,1f6f0186d363d73d26e81c84245715246d57e8b6
649.0,7b14da9b4c5a61b4c852f9e3e13c2786317df50e
480.0,2547ac8682f3ec1f95e1ff365f858bad6807de6d
664.0,dcd9cbac4f3492b674b414c9bc1ddc54cbf61c98
773.0,1e77eab21b8e3b6592007123bf1daec759bdb5e5
843.0,9764219f6da245b5febb81b73f48dadd8a699471
879.0,f8757c6f59b063786f7ab52479665cccb8ce21c7
172.0,7e61c6ddfcc1680d67113dde6f45977d428ce903
177.0,a80eb4ea199de413b9b5fe181647316e837b7eaa
617.0,fdda8c4e5d5009eb7bdeb7b556b84fe2dce2d850
918.0,eefe294cc9f338ccaae63d63b07892653c745d77
155.0,4d60c92184f78e91bed729db0adb2a0272a9c6b5
106.0,13f84bf83e0aa35c9fb9ca9fa3214fd470353327
679.0,eab935034e6b93cde75f273500d0361565aaa699
1052.0,580639904c07c4b29376a144d15fa00f4cd39b9e
1195.0,df1b40ca2220b0211e8a86805788c70f674a1f1f
862.0,be246928123ac5c354f4e0ceec067c227451eea6
552.0,c125c0455775564ef42b93156819d4d1d43115dd
