issue_id,commit_id
4303.0,afbaf9d4306294c9fef1413646f7045db8337e13
2503.0,c305c46254e773be374218c95862bb497383aa25
205.0,d14541c5f1a77a46e44686f7337be34bf87b3f59
4610.0,e6dcfd3c996b7d3af038b3e2300e7c53ca979fb4
1731.0,ed1e4d8df33e53de1516cb025dc60cca9615f637
2417.0,97df139119e087f184d93bdba8cd0e24c4ed3b94
679.0,96ef4c603c53174fd3bc13862551cf73b1159d13
2278.0,3ac3ac4d925ee7ef1eb8be8dc6519606c0fbf9b0
1989.0,79639d0fec426e03840dad6c71f106ada12bbf74
2271.0,2e08a9b412327ed18450f9fe9ccbfd417cdbee78
199.0,cc69b3aa4c88c60ca41a792a60f7e80d75f1b7f3
445.0,b78e76108f6a23493f87fc7dca5d908dac8a5a68
113.0,aeab5370cbefe235c2000a80edefbcfe5d20fc20
1224.0,ee591124808c5776461815fb37b8e68e39331356
816.0,ccde3317d714897ed0d4c05bff7f660df13ba170
1723.0,2246280bb6f71d7d52e24aca5b4ce955b3aa1363
5678.0,da9a2f8a946d6341be1cdd8cad0616a18bba6dbe
48.0,eef01a9fdd9bb820e5edf1780f4b950d439e5085
5801.0,88eec7a417c55668ebd0b8242e59bc99721d2816
2777.0,4e84424f2642baa01b2cd9e4eabafc4b68ad17d7
4688.0,61459de476348a2606372a0a626fad6c89c39e31
586.0,5846d6154ca3adf87dfee7ba7294ef35949177ab
5389.0,9be878fc09cf71bb2cb98695f5042cb344bd2e25
4808.0,015c82b974841897a637dcd3ddbd40ab48a70ecf
363.0,265910aae6f1b7d56a1fc8d3df4bd84345becb1d
2292.0,60559369b539a90bdc624c7b263c42b4eddce335
5724.0,b9c8db13c2dd5f1e0973c021fa10c208162b090c
4015.0,1364e92007308924cec2ac15cb9a3ec79eb9dc23
4185.0,0d416c6191e643d479505ea20757c9bf6a478032
3578.0,4bef6f438d0bab340b4208a89e6a4c6dc85c013a
5027.0,308a58aa275aa514397351caa263e08de2f89adc
1419.0,bdcc78b4ddf47b6161b962b9d9fc8851b11f0117
297.0,2a1a4477d3199f569a91cbef496aaa0db8592e28
726.0,21df09d809a271de3b1a3e00782ba18e6609a46d
38.0,77ffaa50e5f7d5cec72ab00f5db7578aacb8282f
277.0,b0ea457c7cd9346eb295af9f444fad3a3ada6126
4764.0,7e6476ff0a4d924e738a9117bf6c1bd8c9c986ab
4069.0,6674f47dbf0a0018f42c8f312ca87b400538963d
318.0,88e33ad0ad95d5f9049d8d8b1359819f4fbbf704
5052.0,0dad0fce72266aa7b38b536f87bab26e7f233c74
597.0,ad14cf058b8a6b52f12512e87cbbe1af0cfa1070
261.0,6c921896a5bbc64a93b1e027aeacb9cd062165b8
221.0,30d94b5bf577857649aa6c2469957705e476d2b2
5427.0,08557e09db4bcb109eb78e9058622ab5cef77415
1470.0,3919ad64c5873d360aa1a412bee5270aad121760
4165.0,792d29380e3754a316f61ceadf0dc9508d90b16b
977.0,e04b0aff74632702d78f7729b855c0737d50dfcf
4171.0,f1fd7ec318452ae086876a6d4eccfc21e578013d
4412.0,3b0820d747e11a1a7722f0777baf923607fc0485
1601.0,48539af1639ff024e56d499d4ce777d235c32c0f
44.0,0319373c612cccb86b82a8b2439a87fcd1c83b29
2.0,faa12d1fbed92f886f490cc3b04f13bcdb3a16a7
5719.0,d5b6c236a90aac37b7942793e4943347ebaa65b8
5057.0,ec5a7918ec2d8888ba356f9e3295dcd1ee935884
31.0,abdf4dee50ac5764a5d5441d8938f0a9c765be3c
1499.0,a7b86137d03c57cc6a91fd02b56ebb76fa9f4faa
4139.0,d267e183b40031b42cb702977553f885ff50d578
329.0,26c7ec7d9fd145c514c361c8dc79d9e989c08989
2369.0,9755ef933a9ec12e2fc659323a258fe09bb3405a
4114.0,d2b73b8e214631e78f1f3e50b2886e368f45e46a
4817.0,797a6690c07ae90f7a2d703832e2fe44466d656f
5244.0,62491753174ca77c2d123b09891f3dd1984d34be
300.0,aebe5d5073bb02c02acc62148a2538ee51e203da
318.0,8ea041528f598a222ae070e4c0594c89aa521cf9
177.0,c01f81ab44a025be3e20e76e08fd59458bc2e8e6
629.0,27ff010a4130d65629bd8adbe7d849392ee90103
4167.0,a78e58afe0dbe62db0da0ff3705cabaef0ae77d5
1156.0,526aa07f44ab30e128ffb42d12143e4aac9c899e
3096.0,fd02fa808c12ee556b29a3c28588259cf507cc87
4604.0,092f6fdea1583a9fa31002506a9de22637ef52af
4558.0,602bb13bdc401d7ed4cca5e9bfb528a3d2eda3c0
2512.0,4ca191eaf22eceffb75da77f9e24d5f3e87665be
261.0,1d567cdce67320f8c22af0a5d2afa096edf282d7
1912.0,3735eb8e5f62a52c5630ede765b443cb1313ff96
4431.0,e5711127b162ce78e6c1b60ef209792cd6eef4e6
248.0,3a6b80259d246b52472fddc1b4fb80155317ce78
4052.0,1650812060a66abb46f427b3d5c0790b7b08bba7
3920.0,b01d012b5a9ee032487930c324cdba56c9837e51
2530.0,afac3fd2c28ac5b16e7e3c95fca5acd1334f8c58
2625.0,d7b26edf6b419e379a7a0a425093f02cac2fcf33
894.0,e7843d35de62f6257162fb3e0f77cf1d7879048c
4208.0,74627033c4a1701f3e197216f9f2801d497f5535
3672.0,dda12b653798fe639575db6d55332da744b56032
2306.0,7e8453cf1ec992e5df5cebfeda08552c58e7c9bc
251.0,5d4e0655d089cf0738846d219a573ae4ab1cf405
4324.0,5e9cc3298be4ca1146d68098899365b334706db8
5406.0,f449ee53778b038f9ecb1feccb2fa9baa40e1f56
527.0,62a7b6fe73945d9300da34d6ed07ac87dbe07eca
3610.0,70a0f1f2e45074315b219cabd3b365f12e6a2479
3304.0,d05c8677c5079b88db4405fe2bed83dc437c9204
5210.0,b406affd5bc258dc4f0b7b39f78ed4bf256282c7
97.0,5c329b65145332541a981df85d70d1014448f897
2452.0,21d794d35ae1347918e6bf5b2ffe13515ea28795
5601.0,e411ea94eb853eedeee111469c6442d275864a09
5760.0,75450e75d269b2a2b00b6303af1033df1f69cc67
5739.0,b1dd893fbb4d2efed3342e6c98a6bbf4b393d48e
3429.0,d80f9ed72508e566d50b1779f858d1b5b9716df9
