issue_id,commit_id
2611.0,db13ab5ec21dca07310873067fc0a21f71a2567e
5389.0,9be878fc09cf71bb2cb98695f5042cb344bd2e25
5072.0,9a91586f6fe90660bb4eafeb82b2b2b5e155976f
192.0,c7d9f6e2700a572924bc1880f2f902a714fc0fe7
1654.0,6827eab2c59e93d8ec46ef308bc751c6c00f32fd
4167.0,a78e58afe0dbe62db0da0ff3705cabaef0ae77d5
269.0,320bdfe39113e5a916146610d5d4b227d589a14d
3048.0,9f9edeadfc9d8d3422d4ca15b2b13d5b502ca70e
3405.0,0007cd032dd74ad1c4cffc7f9a1781609786e547
4566.0,519f752d6dcd3065e81e9387062003a39f3f0b81
2161.0,27d4cea6a5c1f8fa49e9fb222139c5b922333938
4574.0,5cef927944152f11d296566767c1d794b34b38e4
1228.0,5e5e44e91e67ee177cf305b01eaa875a3ceb9a21
3993.0,d4b8bf18b2c7f563198d4334f5f5622f1006041d
4764.0,7e6476ff0a4d924e738a9117bf6c1bd8c9c986ab
445.0,b78e76108f6a23493f87fc7dca5d908dac8a5a68
373.0,3c64a989ca1da3a666155966f2a499fcc5d27397
113.0,aeab5370cbefe235c2000a80edefbcfe5d20fc20
206.0,12475fccbed1227cbd9467b5443b6699f3609c7a
4052.0,1650812060a66abb46f427b3d5c0790b7b08bba7
2270.0,97e82107b190f08f628a626265a9446b9f3361e3
4178.0,731f2d30851762443cc288a1dfaf25b431b4b680
1735.0,a8a6f050e71fbb7881076a8d6e2867e868d26016
3672.0,dda12b653798fe639575db6d55332da744b56032
330.0,3eb5d5e931baab64ca2c2c5be9ffac1748aec32a
147.0,bd7def8fd46574ac18740e8da9112f9016dd05a4
4385.0,ff8e826dd66f81cd61daa1edbf58339edf8a9014
3884.0,67ee0b097fe15aefa787bce64f6fa085d38e69d8
3667.0,954c4b48e626da2f0a50c636532a1bf9092975e4
527.0,62a7b6fe73945d9300da34d6ed07ac87dbe07eca
2767.0,57d04aa9601bc237da4b08777327df241483b389
4300.0,2d6d4fb2335ef24b1efca67dcedf5d264a642e0f
2678.0,2d66c58e01ddc0d76aeb1cac640e54c323ce0ad9
4615.0,8b549392f924ddad9536e55c6120638daf688dfd
1800.0,513ba7a1fba6da2f3612e7910e60e44e0fba8af8
3762.0,137a3d814641bc4c2eaa713d4b56680863f54765
597.0,ad14cf058b8a6b52f12512e87cbbe1af0cfa1070
1842.0,e122c569fe2e444517ab14d2c7dc8351ce3c3cfa
4568.0,6aab3badfafe88aead15065e743eaf09b24fc346
4634.0,5d541731870eaaa3dd658673b82a7d0ca056f689
3928.0,fc98aa6b671cf55b62efd93377b8cb27603ae24f
182.0,68c7ef7d9811a0dcc216da60b304cc7e69a253c8
4218.0,02cdc53fb82e3cc5e51771180f1f79186b52670a
2497.0,f7abef4b39a1deb5a76052de7075df86b699572a
3819.0,c05d24c571d0f808df19c5d58ebfaa9ae1932b90
4183.0,91c9576675745a4921d8b43c12348085936504de
1359.0,7d187735ffecb0f49cffce1a9058961146212f59
523.0,622ffd84d05eaa8d8912476a050d3757a387532b
633.0,690fbdb93c0277107ead68ba4163476ec31108e1
3495.0,886513c3751b92e42dcc8cb180d4c15a5a11ccaf
4538.0,977ce9f7a8ee2d4b5e32972909f9bde735ef49a6
4519.0,2da952b928059f7fc63bcbae9ce86ac1bb528247
4259.0,ce618fb6f234a854ae3b2a14a8a4e488539999bb
5656.0,2d1c0552f5910482ded6be4dc7fcfe3690b0db79
4000.0,916382e109dc06a57f4631448555953d1fa540b5
62.0,9b849147369eb908cf77d52d3233bf66878a8aae
4412.0,3b0820d747e11a1a7722f0777baf923607fc0485
1352.0,280eab241680c93a763a3ef3a9ccd0c257259ca0
2391.0,802ed30e8e838ab70f9b5f8a7f747d53775d358c
1218.0,1195f906d635cfca885c58130c950e1b7b786d24
5109.0,3e59b0805e8f7a9bd89179203a1307f5cb7fc02a
1725.0,85f0596c43781103f30eaff13b567942ff967e00
2464.0,a8893190a10798b61029d141a52fbb8deeb86d3b
5263.0,214525c2c16cb527a00e31ce47d274266cb5d418
1769.0,150d1c370b6d426e3300607ca3635b6d587efcf2
1351.0,6ac971ebacc1a9a0ca727068182dcf8a8c677bcb
5171.0,9f81de2a50568c3bfefc731d91f326ff14bcfd76
425.0,339861367e11353082ecedfb92355b76e2f088b7
4831.0,45c06cfd80f93b09e295fabe838f2e1dc83b38a8
4365.0,49480225d740d3a4618fb49032f5f1cedef16b01
584.0,3d4fe60e4780467fc682802e0de39e57578993ec
1101.0,ad36de4e6278cf635509a1ade30cca9a506da682
1419.0,bdcc78b4ddf47b6161b962b9d9fc8851b11f0117
3920.0,b01d012b5a9ee032487930c324cdba56c9837e51
422.0,37b01a229c036abe09a98dddd174f4974aae71f2
4803.0,75f35f558f5a9e0851c05dda85763b679d713ac1
5436.0,35b44f3b98a31f88b123d769a8a7134358cdc868
4146.0,7b4637d083d44dc8d3afe0f7817c66c9efea4dcd
367.0,f95b164d06d09422fcfaafd214fd0e31ff4ac7dd
5316.0,28eba610e22c0d2a42e830b4e64746edf44598f9
5451.0,de0e2ccd7b2e7fdc32071e91e9dcdb4e10f190e1
630.0,690081b4a07da0e1109bc767481edf7ef4ecc19c
3812.0,29bbbaa4dd3a985c594c03110ac0710f57f413d0
1495.0,692975acb40c6394424dfb728b1ffa46b3b3c55d
2272.0,45e95b79ce17eef0b3b4d324daa8b0d220fdb2fc
2509.0,5ad64204ac0c477246331e9db72024fb37b569bc
1598.0,a97f28fbf09d2e6d97b626433630df8ca1931b3b
804.0,e748ca50ca3e83ac703e02538a27236fedd53a7d
5739.0,f17d2e711da868c4dbcffc80cb8374175d79c96b
2257.0,91fcafde5ef14d2431dc3b87cf3925f536e4b30a
271.0,6f9f6f1f16a4a9ab4ba8966f6e74465d86f16c15
586.0,5846d6154ca3adf87dfee7ba7294ef35949177ab
1470.0,3919ad64c5873d360aa1a412bee5270aad121760
537.0,e2a5310f92b19bba1de1b6f06be6b205d8135693
531.0,b377d4c28cf39aa9a43b44c08f45bbedfb081b78
1550.0,dd45b31fe42635ff43df62c667f1ace5f9169737
2302.0,a5f4450313a154e654be00a27cb2501a9da26518
1149.0,dd9f777ba725d7a7dbb192302cc52a120005ad64
5508.0,517cbc8d717d5f10c8e54114fa32dca6f54588a9
5719.0,d5b6c236a90aac37b7942793e4943347ebaa65b8
3350.0,895df937a3a18683836ca9e228982e9ea5842aef
797.0,2cddc2a379e0564d2e7f7a0cf3c6ced65497af0c
687.0,21bff7b3b366ac3fb81a225c5c5bdf7d24dbfa33
1137.0,786f62664b41f264bf4213a1ee3805774d82ed69
81.0,f4e7ee5dac82eb50c3c647438cba2b9c4370c782
174.0,391cc0606382c0c2a5bf430a8b024256212cbaea
4094.0,25cd7ac7abdd328c0acdf27e800a2b04c5ea2c6d
4079.0,7b1e69dec4cb1f1c66e9df6f754cdd280cff7e71
4756.0,0ccaf89a6f67e3e4de35907fd305f85c7973eb2f
977.0,fdb6bb07c0cbe2cf664993555c376eeff750f28d
1165.0,4d0d04a92e95251b0892356d05ed6b89db3e5ca2
4184.0,82c01c261fc89b1ade289a1f07c4985854cd726b
629.0,aef14cbf1b626db557e871f8f0d9b3d5f8e43e29
5235.0,8284de5e7613c47e69d40d4f6a2a1dc846b50dd6
3701.0,820adb69c0b5ff0080826a9c7af1151973307b45
5801.0,88eec7a417c55668ebd0b8242e59bc99721d2816
1156.0,526aa07f44ab30e128ffb42d12143e4aac9c899e
636.0,51966f59466b7fbe84becf14ea0be55e81852631
5320.0,9ec60e8e4aad9f4ee2405e601ca943beef48a139
111.0,63e4355fba1ec90bec9cf751b8b6fc3483062377
2314.0,7e20725eb78cb34db60944cd1f155522fcf3b9f5
1293.0,9ca87c5b6b3daa7a9f11fdaaa5ae40f9ded9b79f
1601.0,48539af1639ff024e56d499d4ce777d235c32c0f
107.0,1c5294bee1eb85dd1d0b752d5c5d588803c0b6d9
4288.0,47b9de93a9c7a514f4007439335facd8ea82a12d
253.0,0bf9e4627cfcc477f23fb81edabbad85c24911bd
2258.0,5657f6b8ef00bc0c2266810081c41d52ae56e083
5889.0,c7730627a0f99afccca11437b0775757c50ca9e8
2764.0,12971a7b61e61ee48c029d11ccc2d9ae4c0dbd54
107.0,1e521a3ff30fbe0a7031aea273f92ffce54bb4da
2160.0,2a0a96aef098208dde158f30ecdad55c5600fa85
530.0,553c70a9dc774c3621a37f612105601bae6537db
2267.0,fed53c1e28e29bec6475f0003b23f52c43a95c4b
2894.0,65ac0b06dfcef8c0466595931de3e8d37c6174ae
3308.0,64f48efa269c60c76af4ff381b8bb14dda19b3d1
3224.0,c4f096d3a55def4c986174d50ff8b84c8f00503d
4637.0,4bee73cfa7b276e85731944af1f73e41303abd43
4835.0,ded9a5a085350237c2ab49b515140c39e6710635
221.0,30d94b5bf577857649aa6c2469957705e476d2b2
1848.0,ebef6d7c6dd8922210db8a4a44f48fe27ee0cd16
4995.0,715c05d504d22e87935ae42cee55ee35b12c2ebd
87.0,900bf08fb652183ac9ea33d87735f3a0b4343b21
2927.0,e914556adf8e556d4184db415c49266cc4c91bf5
19.0,c13e23641bbc66c5d1a760310c6eb97e35c12c11
1132.0,fb85bd4b10aaed442e3605c9fae9869eb58416bb
1822.0,9f4fe5dc4a2b78d113e9a42acf70cfc64a9d2d11
193.0,3e3a66620b278f7c03e36ebedb3591d0aaa7e8f4
1829.0,8aa2e4f9976d31bbe3a0014b4f1f96ace1b87043
5224.0,47a281d23143cab1264b6720d39ccf7edb30bd4a
2512.0,4ca191eaf22eceffb75da77f9e24d5f3e87665be
1267.0,d52cf8bb036ce2dc6cfbe63f78cfd172cc7c888d
2249.0,de1a6ac677354089e57d05ccb2c9982a4bab45ac
799.0,321a76569d2130a38b2379816c9d00ef6e139058
5002.0,f95ebd8f7cca64ca868fa064ca74b74add2763ed
78.0,71db7f1b25dc6c147273fff5c2fc2adc43bfd7e6
5173.0,8e7d2ef13312bfb4ec5e1800f00108806ddc12e8
4393.0,de297a3a167a6be3ac1ed94a891effefc12a6d00
5758.0,604ddf82fcd488965639a3e67d9b72bd72aa8a29
1530.0,451318ef7a4e8ee7837b83e73b158da98f579980
234.0,f293d08e7ad730ade96d1c60d1bcbfe8091132cf
93.0,e0de5f3eaba87a6d4d287819720b9a6c724f61cc
637.0,61b81b1c9fd1d468dd85f6addf7479b1bc50aeed
270.0,22283854d49de2a4b01fd114880b486f45c5e3f0
4147.0,49b5251e06bf45373f024898f5b4396a4a2c66b2
5730.0,f6e9e6592a28a11517295847b177b14f41cb8a26
4390.0,e4750f2fbdacbeb7a20ae7c6b13bba3fb0f7ad54
4307.0,58ca8bbf6d1589bd0c8cc1ebda52299346f55e8a
330.0,db5cae7c03b803dfe35b1fc4b93788a5ab6dfeba
1767.0,44bc4c06ffe2e3ea29250015036a066be7a7b5f1
3873.0,cf50561b8696b645940ae33ba9b168ef97580477
3982.0,ace2df3d140ac783c622ea5403876fe76af2bb72
562.0,66829c962f7521b3a6cc0f9ad10174d1d12f7762
4873.0,9e265a2c1f6bccb551e8292785e09462594b8402
3999.0,31c631f9ee9220c3494646a4d26690537f4ebea4
3304.0,d05c8677c5079b88db4405fe2bed83dc437c9204
5095.0,15edb3f6569827653e87212fce45ad20754ec0f4
5100.0,06f3d12c1208c380f9f1a16cb36ba2dfa3c244c5
2159.0,1d80efde89f9035acd5f194926c6a44539e302af
1159.0,0a5bbbaed3e182d2151b6b34357667901ece353f
4623.0,a8e08d51cd50e8f0b58a60992d310e56d4f71641
49.0,c9f2865c83c6bda427791bd9db6522a383242655
1318.0,b4e382c867fb36c1cc9883a84abbab26678eae01
4133.0,1718e450ef9549a4fc71b01dba1e6faf7a63238a
464.0,2d91c7136d613cf84d9a2cb79e147b39ebcb3d8e
5279.0,afa5881ada816a2fc5555f6272dbfe87f7973222
205.0,d14541c5f1a77a46e44686f7337be34bf87b3f59
249.0,318f7f4c58f6031485ba8966aff55676b77b7e62
1681.0,7d24df37380cd5a5b7394cd2534e240bd2eff0ca
134.0,2571e1b7aabbddcf617dc3fe7765cb3ca373c32f
154.0,2f8c052484c51ba63037fa7256c027e4376fe3bc
5217.0,4d1ecc31c9bdb42638e8a1f85f7e7f83130f41f3
3123.0,f8c688e6f4704437085c706ae471c81a6dbaff4d
3621.0,a97a9b57bf1f1197cf785c18fd60419361fa8947
2417.0,97df139119e087f184d93bdba8cd0e24c4ed3b94
3280.0,f1d87ee09a01094702e400053cf2a464bf035b9b
2225.0,552368727a7f89778a8c99726c68669a6f700e73
2750.0,0c237c6cac8f220ac2faf40a02ef035941fa5810
47.0,82dc57e59b10b25f259f7dec82c3124bdb53686a
103.0,eed34e88cd6339d62766a471465a1cb75b211783
629.0,acff13d2b9af08476aae6be3865218edd719f235
1724.0,0d368c5d6fd468aed301ed5967f8bfe9d5e86101
478.0,f0851e41ec7559401c3b6e2a5d42b6a5304f8375
1912.0,3735eb8e5f62a52c5630ede765b443cb1313ff96
744.0,a069d366529d8fa9d4dcdfcc8bfc88a90d83e4b0
5678.0,da9a2f8a946d6341be1cdd8cad0616a18bba6dbe
5691.0,92be5ba2572ec14e2580abe12d276e8aa24247b6
1995.0,d3ced85ec350e8c195760a8ce975a18ca42f29a0
1550.0,97b51ea33b6b96241ef87861619e6820ee9e765c
1162.0,e3aaeb7f060c9460578767b5783fca2fe33382a7
248.0,3a6b80259d246b52472fddc1b4fb80155317ce78
5807.0,30c0dc7ac552ec73f25836562ac2dbb913ef34a6
1740.0,4c9a6ef3ce1e7361206ab33ce8db9b1436032ecd
2202.0,063315258ee2702b5d7f1e8feba7b701f8ebf09b
5547.0,49942026d840abd04ccc91154d4671e7729f7a59
149.0,bd16d1cd488eca45eeac079bb4644388fd9d6214
5457.0,8c3e5a2421f639f36e9b907d69d4d48b86447e68
1731.0,ed1e4d8df33e53de1516cb025dc60cca9615f637
2989.0,b8870ee8a10360aaa74298324d97c823b88ec5c6
165.0,19bcb44c258268e13fd56edecd76722e545463c2
4966.0,30d5779ea94ed1e9343a4590895a3f5e65e444b9
5090.0,7e23677b52b659b11471a63f3be9905a0bbaf995
216.0,616ecc5a1a6966c1dd7ff055e993496ebe3d6f18
1761.0,da36b7d386bb1e1ee2900adb8657bfc15343c36d
5190.0,43ea21e8306bc66e8f07abc84cce680726abc7dc
4596.0,1d2b692666f9f5265e4845f8a30f04089515f7c5
233.0,9f01e3e79e5e733d4809821f6f87e170841795fe
1154.0,f9208dbcc4d625dee72349e1ca0595fa8273a756
1693.0,da83f2dca70020b991bafd296f6c7b9161e418b4
4195.0,b5c4c2cae89714479d6fbb5a497fe43d48d886bc
1644.0,57f99fc34ebc7cb8a2a84371b89552e6623c9e9d
2165.0,fa78849e335994a1617ed63221a70940c21cca20
4008.0,f80c7776ae093b0887b19b65f29bd442ea161900
1550.0,a41c64bfb97a7bba8ec138345d48b94d8734d27e
4242.0,e2b5cdeb88bd6bc18019082ce16c3cb09973dc45
26.0,e95a28ef3d055384a1ce1b14029820143c1bfad2
2091.0,1737c15826b4ff1698eb9e9f5aacf659695ecfab
2197.0,1e95bf59efd5ea98ef6181793be3b2969327cfc5
245.0,ed4aec187f7868a7fcc7c7279489f02be79a8cf9
624.0,ff64584876293620dc097b6115ab6e1c42963a6d
3429.0,d80f9ed72508e566d50b1779f858d1b5b9716df9
