issue_id,commit_id
2259.0,39d55525ac8f674b40be5d1d3160b9fd33ce501a
2395.0,bce8ec75ebde8a7f49fbc3a9825e667d7327c64d
1325.0,7ae1c5a8b928f29477796c24bf62e737cd577bcc
1621.0,c72e7c7c70f1553295022c70d5058ed11932c16a
1912.0,c80ea941d06b0899b8ecdce6179e5b5259e1c5ac
1502.0,cb9f64508148453dcfa4deaeb4ea95518f58cee0
3248.0,53f5fd234b8a7377c401ae88e2fb6c29812715d5
2234.0,ec18fe94775aaa3d54238c6c75b569491803134e
1801.0,8011e1de28c82e5ab5c9727d10bcba997e8254ce
3434.0,bfa9aceb03fb728acf90436e1bb47d32c0ea5a1c
