issue_id,commit_id
1112.0,f3dc23a94b57ccd7c1909dc32174b3bc8c501919
773.0,1e77eab21b8e3b6592007123bf1daec759bdb5e5
342.0,6e1bc6fcd1970b5f566d5b264ebc52bbd5858dad
361.0,764f69a47bc242383e992502491a1ae0012f13a0
1065.0,6d6ab3dab755759ea51ffdc7e7cc2e49379eca4f
397.0,d7b1e5eb91b65d3807fbf921ae51898ce3973b14
305.0,6255017b145df5cc0d09b975e4f257590666a089
302.0,e0c3545dc3e44b59d8fbc540187ad491a5dfff27
732.0,9d74cd138d6a023cd5e8d94aec92ab984c0a5e57
395.0,00df5b44c9f0291cfadcc0e8e101e8208578350a
771.0,99c9040c3dad802fd0825dc10a6b09b0e3beb017
626.0,6a42d4e91eb33b15369a0113e66a93dbe9e6c029
479.0,96747e44d46d99a91879587d311578ecd4664645
1040.0,9a53fe859acbbf833c05f14e673d5cc76e5fe135
65.0,5c56855d6ffec63139b1e53b0b476f910b84766c
231.0,e4f571970c8da2c4ac68f8b5fb751ff13cd3b154
