issue_id,commit_id
12065.0,a6c8042121371b5873773ca767f28cdf5689d5e4
10616.0,bb9b800ebba8914b69db362cfac4e7c8a9b17a9e
12098.0,1400e7b355366a35eb35250c1e6191d4deb21a85
12628.0,30fe4ff1f12ff0c45bac8738b4d2690eadd056b2
11569.0,a0e90bd845795a4e032a7ba82aadace76eddbcb3
12142.0,ec41989421743aa5c11c2ef47b9d0757fdfd5e36
10994.0,cc3521ea93b0470e9ea11151a44c30b54d4d726a
11514.0,48c1c96ac4cfec5580a5feb7eb7ef7c25c6db234
12414.0,14625e57af7fe85eae501582ce1da135fc04c8e8
11278.0,6e004306dfe70ab499afc04c31808fdac594ae08
10153.0,978efb61b9cea47ddc2b5226cefee2a890693557
12465.0,408a344e50ef809812febc6e8dcabd34cfc11c60
11975.0,88cf9707530f9bb3246779aee0138e49efecc500
9899.0,5422fdd38baad36730cb6aeb946e17eeae6a551c
11038.0,e8f8e62add2a7073e50cd31f4f6571bf1ebe21b3
11507.0,8ef5dcfd3dfa385e00e7d2654825f7f79d2dec57
9751.0,886c021e00c9a12e719371e234bd6df4e01a703f
12076.0,f42d9e0179f11871179bc9ee4e8c138cd016612b
10419.0,a68c516e731faba8efa884603bb06d17ad494d69
11974.0,425e99a9e3d00c7d505d585e00e85ee716e3c350
12237.0,c170b8e0a1b1f761d89fc9edcd603336b65f07c3
11043.0,76da5f0a21ca98e4bf6706e182fb825243e76204
10692.0,1fcc791ee1c94c2a3efa5072aa2f10f1aab51a2a
10674.0,67fc091c6daf70bd91717e59799c3e014509ca0c
9398.0,4eab0556d29f11ff41758d80c15d6457263f6a93
11029.0,6dd087ab73b09e449144ff17450cc14f981b9ac2
10012.0,b076e227da6beaf87d6c84eff1a92285e4662acf
11123.0,06c3a804e7d56cc77f76a28ee34aa67a34daedee
9511.0,d79200a51710a23cc47b4ca5ad3f8df7c32f4eae
10066.0,7ff9303041729bb69bd416e2ccb6e7a87ee7cc2a
11161.0,03bd8709778eefb611e470c76af44b2ce90fbff8
11675.0,dcb5e3cf152977209c7122f6b07d6c86fb4cf1e6
10871.0,812c9fa61a7cf5a85cc360ad2d85b0a7a47d33d6
12146.0,55e7875354416c04719eb60c7db2bac78f271df4
11152.0,ecbf73f72b59f8f5c8746de63270aa1fb3ad7524
9996.0,ba8b3fca6e9e4e863bb80d134946be1b60463718
10035.0,a1d544f4a156373b1c9e72d3af0bf87e4d81d90c
12294.0,4c16931b49aceb38b763b4a24a55a99b6847e29b
11305.0,3e772defb7781955be8c5490744532ccdfc1dd3f
11205.0,d337273d2e1be823c5e3e1b5e757e2426cba8004
9920.0,5caec3330b5ecbeb138026bd2be9b1adf6a4e2cc
11551.0,08a6dd04f9143a04ee77af1128eaedb3218c6147
9386.0,5a7906ba6156f57025520fadbff52331eec4a12d
9542.0,ca27e445a15fba61401b2ee23765349515d3f28d
9894.0,adc321b4d7a4e22f6bdb00b404dfe5e23d4887aa
11466.0,df8186833fe47a6fd4b7dbc52fe12f9df73609fb
10673.0,da9ce7d8f2e4212cebdacc80f6252b4ae1e68773
12721.0,2f31fae720b25c60d15e1f30d17dca8e320dd92d
12242.0,58399c111a4639526f8d13d4bfa62fc3d0695b02
9585.0,70ad0d6e4a569701ef106058397ad0540ec08340
9948.0,d673afd5979a4e541266763f65bbd65fabf20b0b
10163.0,cbadaf00e28f7fe42762b55f52294e3a7bb90515
13383.0,f0464c94c3844ba38cfa501fa3928a2bff828011
11294.0,2b963e5ab64166ecde96c2828b937414fa9bf4e5
12135.0,9b67e2b699da8d9ced9af3597906b81ad6f106bc
9390.0,8c2944e00121b6182ca7e0ee7d9e6537eb3e56e5
10552.0,5a7a789ee9766b6a594bd4be8b9edb34e71d6500
12168.0,ad5db1010c40500793cc42539f1d97fa5fe36221
12211.0,3fb9df96e03e4916e9db1c2594070bc6afa47f35
12287.0,cf6ca32e7ccf05bdfb35aed80726265b61256ea1
12740.0,29f27f333efb427830e62bec62fd79b444df4011
9638.0,388a9ab4cd47d76e6feb592a24d76503a692a286
10946.0,6746bda3dcda273580fef2d911c6cc333c8a626c
11456.0,36b9e4c055f32718a036cabaf767325b010c7485
11988.0,6c2c7613e673a847dc41ad6850dd446ddd3b7dd7
11170.0,bb8cc405f3ea3b74a9f3908b606a35f08d8d0be8
12226.0,8bc53bef4fd373d0f4276d00793b9a35fb1a4ef9
10921.0,0151028441d30525a0a553eb7fab4b08269e8266
10956.0,eb8b70addf6ae58ef17739b4c35cc22b1c4c56d6
13472.0,4d59675b65b6733e525286bbd512e9d5a42f3a22
10968.0,96c3c195ca805758e094780b59077bea9db99f41
11808.0,1336cdb14ff03de754aec6899794742ca91057b2
10310.0,315a80ae3cb65da2aa6308abd483f2f8643f1c8b
12542.0,5d844095f6df0db8bd596247a98f429c594855f2
9733.0,f7afc73780ffe89abd8dd08ebd815cbcf56720ee
13265.0,969db5ad69b3efed0ad6bd293812c1c08d71feb0
12894.0,3d48e278f8470f7f6fb9aead5521684f618ebc07
11140.0,5b6243485acc20cc36f2db4f258512c332d691ec
9656.0,5216360a3c70b0f4d685966ef449645fa131ade8
11401.0,5ef0fc3215fb43f5772673b31c51ad8a6582bc39
10459.0,ebdc1c8759f65768212b7e7113b5cae82e9df3d4
11458.0,9148325b9ca9edf94aaebd453b3cf86dba2ef99a
12496.0,ee3d6a6465df01d27cbf3bb3c5bace05298756e3
10207.0,84aa7b5f4167afaa8e4b24f2449ac76c11d5e8df
9902.0,c6332819c7fb1b01730817a2d46e4fff5a60436b
11260.0,f8e80beb96a88b3ff8679ae16489502590d614b4
11564.0,140605ee0f08b7996d69a61610782f48766776ad
12644.0,b5af431ce6b78dbc52f2bdeecdff52fd696bc7d0
11529.0,e47a003ed160d829300f6782a2e3ec014c739144
12253.0,faf0e02621df87abde519466aacc130157e29c6a
11181.0,9a9abbac2ab66ec2fb6dfffea3249b32fdbbc894
9453.0,4f2e65c385d60fa87bb143c6c506cbe428895f44
13294.0,5dc27d0a986e3830ea720f9b8ee88dd1dbfd3601
12312.0,a7fdfdf2d1b1d6ff6d4c5495f8223442f65e8447
12406.0,9bd69784e31f17ee3501167c267dad5c64f25de8
10679.0,d18c564548104c862892a1f73423e333f11f7ce2
10856.0,213170d20241c918ff42078e2de3e9a908244093
10062.0,0ba6d95e768eb7a0d74a6fda3ea893e7fb2d7a67
11593.0,fcf2ed7831185a282895dda193217c2a97e1e41d
9625.0,5d8063359d5d4223a8b892d186118c500890c932
9479.0,07c77c65b5ea9c246690d2eb116c7c8570dc5a7e
12859.0,0792332f77e6a34093cab9c2bc6f638d1676bccd
11114.0,c913b6da92f6ab9a3f4c897caa4085e782a14680
11065.0,c2a6caae852adb0c832da86d5815c26b2e7d24c6
11076.0,23c20f756be07a9e92d9513181eca850fcf2af62
10727.0,b88bbbab2695dd0e24905417006d2240c6595481
9578.0,1c9a49781da2101507db23e2014e4e5d16bd2e52
12017.0,fd537c7962edf563a3bb14526de9ce57dd26c341
11463.0,74264ea3cd5e8bdfe90325f98944297d7f409018
10754.0,b2979c25d3d7d55a6579de0b2906c66e8fd2e172
11378.0,02c1f8865684a055416a93bdc8a7bd07c988a09b
12192.0,a1397169ddf8595736c01fcea084c8e34e1a3884
10259.0,25a8973dfce5251c0bd527ffa16ce17174b94218
11384.0,dc9e510192d0a8a6f6943cd46e9554364d4dcdd2
10444.0,ffa99d69f7bfa42d060c26032793dc650002419b
11872.0,bfa87eb1b0ab53c5f1efab1ec1d91377678046af
10929.0,7386841194d139ee8d1de2749fa64f86150f9c2f
11061.0,1915f106fe94a65cab3887c5842cf520f8adedf3
10737.0,749413a5d5b94f4335fe5704a107d8b2dd84c7f1
9446.0,2f4685c8195597d5c150b8fadc1ec4d8827d95cc
10158.0,528542176f70f9a889e84e4494032f42a53bec67
12540.0,78e1f57c484da15466a34ed543a1cc4709617a2f
10992.0,be6d8293f26d6d577b61874ccf6d68f116734d5a
12205.0,c13d2723d01212d09dfdda39b0ad439803ec9230
10242.0,a3664246de4bb8ef3232dd84ff47fc2694c69e58
10912.0,b2f75b7a3d1da174a4859b1c26e2faab99041d29
11380.0,161f0a876db4f8aa9d57161c13d366f081369601
12133.0,e59570ae26670f788d6c649191031e4a8824f955
12221.0,c55ce21fdd4f55709269140e068cc840a7c7ec48
12220.0,74ccfc4df6002bcbb44dc4ea65400b8b2dbef994
9442.0,06eaeebecfb73c23bfd531013ca172ee3bf5069c
12949.0,c658993cf596fbd39cf800873bc457e69cfb0cdb
12292.0,ca5a4e3d6954eecc2910145111dd91f37d3ccf32
12466.0,c8b0e33c3edf7e1f70b2fbf60a250909c917d55e
9723.0,709f791af201caaab4aa180bda259989087cfe47
11556.0,cb96315a291a8515544c6dd807500073958f8928
10743.0,aab55e649c34f8a24f00ee63922d049d3417c979
10212.0,a07d9f3f3665ed79401f37f0c5759f271268a34f
10655.0,69c30a150f0b2caee7961ca1c0080960ef5ad6f6
11021.0,66f8cc7ac4942f7f9fe0164a2a854a6264b87735
12551.0,9e6b181b0b27d9ea1157b2ed7bcce04434bc8d77
12711.0,61052bc1f1c141c5dba9f83a4af14322ec4e6d7c
13280.0,088bda5902fe6f663a49461e41bbb57630cad681
10812.0,4ba641806b4afcf95bece96c3b15e646fc092161
11100.0,5a6af4bc6d44e9adbc2a21804bfcd18c4ce849ef
10984.0,72e326dde38cb731424210bfd6e56f301ddc9e2b
11588.0,d78c982b326adeed6ac25200dc6892ff8f518ca6
12241.0,63320f807788e16a9a6310180714692ed5c113d8
12288.0,bb8e377ca10432d95c142651a355ce440be80557
10952.0,6d30ab70a4f116554aa610ec1c00a6bc5f1247f3
9921.0,0bcd9061856d699d9054f9475b5e59c51348319e
10647.0,da5a6ac579dfc80cbb220bf092cd151eca7ffb2d
10020.0,918c5991faa21cbb48de07566124c57cf16c0cf0
11242.0,b9ee83cc227ac0719a0de937ae65392473fe007f
11997.0,5a8c85f1261e926a7f4bb52fb72935c574476ac3
10678.0,dd07a4c41efed22afb5780cd584555cbff141c74
13378.0,16bd239e34d853f3bf7ae99f14e0324f924ca371
12154.0,59fd3ce3814c62882b540cb6098e9c37f05ceb56
11660.0,920e8af34a43ad2cd11190a21200a2acbfd83e11
12675.0,f69e046eef93af5a28de5330bfe15ee348520b2d
11562.0,622540176d0943fcc3e361153ddac2ae08eb7e70
11258.0,2bfd1f2c950df5fc3f40b903c1966f1b0a48bee4
11574.0,09d721abf489cf20d9055e7163cf1762b7763bea
9436.0,ff0690ab533b7b882301f8b836ccfda8fd4f7f21
11513.0,2898da6cfcc893aafc0b9016f934ef08c196b9d4
11631.0,75a35032e194a2d065b0071a9e786adf6cee83ea
9411.0,f1df4297c27f4a2dab675d253be67eb0372817af
13481.0,e8946d5240f3b18528d4d34668ee615907879953
11319.0,7875e856f8dc09372a83d8c5dc0af74a50d17d30
10859.0,359e7627b46e850688c95cf6d1de48b77f9df901
12568.0,7c7e51ea5ab47b67cd68374400051dd022bdc662
12545.0,b8ec0e6dc9bc2b069fa9cdb86b8a32ef6a10a6aa
11107.0,244546c2fe5165b6770eb456afd5fac8878473c5
10111.0,d7884570b10951d156aa086ee29a4df9eab79cf3
10963.0,4bcb8c95d8bba3147dd86446cd91be77051cef96
10713.0,f86bc57d621fb0325e928271b246d197611b0e65
10594.0,6eb0c7bdbb68d7de0ef507102c757c7ccbf582a0
12009.0,5c934bd646b0781eaf03e5b533ad2b6bfda401d5
12627.0,b2771d13b0f9146cde43af00f5a5156f56614436
11147.0,40a9ecc684d2c5e7fdfc09f46d0912940b74ab63
10016.0,b09ec1c9bf827622a5eebb94ba0af5bf202ca359
10415.0,8e5b8533ea819d0252d08f45648782ecd543ac70
13246.0,544625545afe2e9c2b358e356c11bb8be53ceb51
10029.0,58fd1f0589d33aeb33c4129cfedfb7737495efc0
11162.0,fed304bcedfed737fa540fc0b6ce0bf27187d4b9
12328.0,29b80082dc4f785b462c4453f14294ea32ad9ef3
9952.0,a8ca67f281bdc5d751204e3b2bf6e98731513a27
13355.0,9ad5a18fdfe7c3cb7ff828bc1d6b42b75660db6c
11383.0,dc6f00fa0d831e8583a5285f032cf583d4980c4f
13196.0,a39f10acf3eac5e6ef69d084616982a4d4ebd8bb
9557.0,ae72ea0bfe7f7041d6f7580427fa1f69158bab7e
11504.0,b7fad0752779177e0968f93832d8a5b302236a7d
11079.0,2780ab0c9712b41c34693758141f30ae3d3c2e7f
10087.0,24e7ac0756aeba06ce1cf7f7e72219a11b14b101
9715.0,25d0193eaeed91ac899bf8b572d98ce0e0c76d3a
11133.0,fe38f9dfc8c732a77ac03507b63c79b1d2acfba2
11585.0,64737f23ea9500c248acf91b117c09ef7a43d470
11708.0,c3eb62763fcc5029c26b025ba1b60d7788d491a1
13037.0,ee3997f2e6dafa5e1fa93b71dcf428a29f8066f6
12293.0,6d5cdd7efdf8c10ff7df322059dccc8013144521
11124.0,f60313e29657b2afb6a02f28dba5936bc0dd09e6
10549.0,83cd9b78a241a04d3762ba7c71c1a0c47f9aba58
11622.0,1c221934aaeab20ed5b6fa245b33b00a8b557533
11572.0,314c4495a3a091867186c62b77b33877c238b0e1
10209.0,14ff5175181e680d75b8d4ad6fe0d7d4dd35beff
11609.0,63543a7e35639e8b0b8bce6bb3f80406bb925cf3
11163.0,621ec292c2609b82fd3f992b5a66f3d6611a4477
12259.0,91ccb284abcd83a091dc5f2549f6b24df849a2b5
13315.0,78691340edd38b00668151c2e636ddbf370f9ef3
10749.0,1c4bb1ed8286b723d99b419a6a5e63286353b149
11575.0,a96d8709fba51b70a08daeea12529948fa800830
10873.0,c7b7328cc99fd5d7c298e57c6020043451d89a61
11263.0,ae6474df5ee2072cc056e02803c3b58efde1f5d0
10024.0,24daab1c7b3ceebf04a19d3df3fdcdef11fe773b
12090.0,8c9de8349ff4498c83f72fdcf5e432a6975d9722
10334.0,1e80c1a2dbaceba9a8280c37e4e896599eb927f6
11131.0,ba7ab2ffe62143949b9730a55291c474352f31e5
11285.0,a07253d8269e1b750f0a64767cc9a07da8a3b7ea
11664.0,5e126ec99a4909efe45f2f32ae076fa4ac8c0e21
11518.0,aa0f12ce9eacd70932466d248fde746e0b0dfa0d
12494.0,dc83851aca230648c4f75ac1a0d4b9971b2d6aa0
10879.0,f99f633725815635a1cf24aa2dd70bdb094ed7aa
12332.0,02642368427964aae6b28a90da754b2ed0703f8b
10686.0,7205d903fbc079bb99fbae0e3c02e6d2b4d227f0
12492.0,2fadce57f0e12cf96f11fa1d42286986eccd70a8
10427.0,2d183db0372e5ac2a686608cb9da0a9bd4319764
9639.0,068a680480ebf27ecbe57f1406d60157b7d2df38
9563.0,830c3633176bd7a22955a0264b79242c41f862b5
12904.0,b2f989889cf7f68f8573eed70875e283dbdaf2a8
9478.0,5e797436c3defd2d863ac1ffab11c48dbd42588e
13477.0,ecac367b2372b5f2326fcd3ddd11718323427f4e
10410.0,a40f33556caef1ab0a3f75758f194728c804dcd3
12915.0,910e1247b452f29c0297ec6e3bf52b28b24fefcf
9457.0,cdbe1542d7b694d96e428fcba340fa82bc4cc8e5
10966.0,57fba26d8cb8434a14140c0ea65c2c71a14636bf
10603.0,8a8a19ba1eb74feb5da22399a44e81b734c2b2d8
11203.0,88af7d0c97497b5c3a198ee9416b2accfbc72c36
9642.0,c08ef613af27da896cee168daeee5c6fad1980b6
11913.0,8461b0920a61a50d83fd147bb4e8c16c4e9126ff
12344.0,f69946854775d5c755983d9f585bd20cc97acae8
9705.0,a69008527787c387be7d7d4f6de91f9f08396dbc
9963.0,895dba6c92ad4fd9bc98975b0ae23ee6230a8b38
11154.0,3184efd620840fb6032526df32a09185b7ae18e2
11643.0,4b54657ab4806b0aaef8f8eeb973edb83c3d3483
11391.0,8fc8a1681332cc4c8b05260b20ee54fa1589e3d2
9375.0,dc698c5486117780b643eda0a2f60a8753625b8a
12669.0,6b8a3bcd79beb264794ea72fd7a86c64c3f27736
12500.0,d7c0e952f7a3d0dbf7d9489a8b5c959e04bd9379
12281.0,c0d1709cbae3d05efc6dd224230012bc120be8e5
9802.0,ced81968b0e9d8b1389e6580721ac60d9cf3ca60
13467.0,afff7b4326f380a54c73400d1e2ae03890162bdf
9599.0,839d3dd0b598ecf6f2e93b9f9068c2e21fa1c97b
9570.0,62c395e7b6c7eb405614969035407560c82f5096
10939.0,38ce4657bad26cb359c2852b792478264d92ee9f
10888.0,23c40e68de2cffa77c92ae48cca1f81913756d2a
10654.0,3dcd9c767ce6875fc8b69c74971ac8a552e23131
11189.0,67d563c455072dd26e4612a0b050b9f8363385ca
11924.0,e11c48d9ce3ee47bb8a966549b14cbd5b10ee70d
13271.0,680be2e1b782616982338da1bca5158259e94e78
12086.0,4aba316b7973e246af94ab5ace18fd5d5ffe4f81
10742.0,d4c1f69693ec476b33add0d540631021eea36a0c
11187.0,6c92fa425e980f2a2a83bee8bfa5b5e4113066e4
11701.0,13b255dfd832dd78bca90fac142325df534d51be
10184.0,3e9048bccaba33805d96ec29f5139e5d6ec40358
9830.0,083a41cc6be7b1796e3817df198d1557bb8557b8
11089.0,9e1a0df3cd1d1bbbe7f9010c4c943bedfdfc3487
11437.0,b9a74813081303399e8fce0f9f5f37f6a8343b03
11116.0,9149ff85210c1cc8b294b26ea37b8f6d7d51c8f6
10275.0,c77267af5fff5642951ae4a2c9bb09fb6d698c30
9775.0,e2a10a5e6e156a45e946c4d08db7133f997c1f9a
9429.0,ba204bc43847a62de8eb8a7941da24f1fe6ac2a6
10977.0,7a195b64ea02e02698083b0b795287ffa6e72cf8
13073.0,3bda5520b787f84f687bb116c460f3aedada039b
12306.0,b4e01aee7f4a9b815542c77c3d537e7ba66dd8c9
11390.0,2fdbaa10ab0fd72f962923c4cf73e024424a3022
11722.0,994c4bb338ce440a27df5db48b8f5044a3e8f611
9944.0,3578599b6499eac4dc1f320ec5e7d96433777ee8
12084.0,48a8fa0e0dcb7b06af113c8f5dd47fa5190407ca
9611.0,96f71e70dc54282df4a693c54efdbfd7d52429af
10887.0,aa8d7f76a047b24a97614524d29fb5070cf549c7
9445.0,6b329a17e194e6e945bda87e0707ccb97e481746
11296.0,6939d91768543d953412a321983915eaf013ebd9
12534.0,f6a30b005535fb45a5b4decf084af437ac7fc7f2
9425.0,84f755259cf64cf38395ce5e5bafa36df9f979e8
11559.0,58432f2c78cd5bc1d9893c63b3cb8977dab31670
11386.0,b2d1dea24c8b369b3a4411f0ede9518cef1db7db
13078.0,ed07472bc5fc985982db355135d37059a1f887a9
12322.0,979e880c53f44d502cfc3648740bcc1300d6c4f0
12056.0,e4e342f70dec046fdb1a092e5a12c565f37b9ddc
12841.0,665b0076e089dbe60ecadc34bf2cbff9d7042482
11202.0,630a3a877c3c96ce39be7b0611570466c8c9f447
10130.0,08c873669f39b37743014db99fcd2d308f8ea5ea
9580.0,0121ba067e19c023b725f9bee581633a276db890
10934.0,8c6f8d8c797c1b8576063cc973e6b9f729ec7612
12313.0,304b3958cf0787b16f4d23e7e45b26c6603c7fc3
10781.0,1068e173eafd15e5aa9f40b9f73590a7f5be4a84
12536.0,618edbe595abcdca96f508b14d9198d68ac767a2
11306.0,d059890d0342955e968fdf97b5a90d19c9d68b4e
12106.0,4185cbb50bfcae9cc30b0fc7b67e81d67a50a8ac
11431.0,882302d2b0b6a5aad20dc08a98a9384165b3ab0a
11636.0,a9cd4bfc8fcc7ed43e092c84415c261d30e9c79f
11244.0,3c899337c0d4c895308239a04cead2761822bee2
10765.0,1fc585adb57f20a2acf69f0cd08b731259b8d2f8
10698.0,2526c85ae17d83cdcd826ceeceb7643ae5cbcb2b
10313.0,fe066966b5afa96f2f6b9f71ec0c71158b44068d
11398.0,f199d00ea5bb2230230a34193fbce7ecb5a4d4d2
10092.0,c8728e4e47569a2eb918600fe75f36a6dae4e623
9623.0,bc54e152666bbd7ed741ec812ea2fc24c894ed11
12228.0,3e6db0e99ef56b23b3977b5969413d0b636a6fad
12002.0,87a746878ba2359a7fb8135ed5829e6c5003b4db
11914.0,c1c4afe60b1355a6c0e83577791a0423f37a3324
11879.0,bf0f25f79a368aecc79515be6a7f20a87de2c436
11037.0,780f5e447799b4ab343164ab8beceabcd4ab15f0
11542.0,90c90b69cf35c0457ae52e97e363b82562fe1920
11491.0,6272e662ae0c99ce7cad912992d4c55e22c8a369
9937.0,6171b3656ebd9b6038f709ba83f7475de284ba4e
11729.0,a8e235c35e23193f6cc68cd9d390ec37caeaec6e
13138.0,c10d24959b0ad615a21e671b180a1b2466d77a2b
12526.0,91efaaa1d7486df71be30a54d82b907443d80bf1
12030.0,041814193dc9f0490fc2d93db830d64eb2b2d28b
12170.0,3dbc940b9eb690e92fa6d7fe7ebf897a552a1c50
11986.0,6096ded90df902e1f8a21f666748a03100d140c0
10023.0,49f5b931410bc2e56378f20a15e8ac919e0efb88
12831.0,627bf95c11199419eb6d2017c322a0d78ef3dc3c
10174.0,44fd649069bac653accd0a47550619d69015a91b
10191.0,36176924bb5d0fe248a56362c6f776799434ebc0
13225.0,ccecd39dd9281d65bada97f6762f622563227315
9450.0,7a1b9005c220afb9271d20a73e168cf18d0cd631
10145.0,a80ecd78daf7d464a6ff915111f62b8cd21c8b6b
12841.0,08f6bdeb5652550f36210f64aefda3d0d41e2d79
10047.0,c98093f6ac852534493956ce6668f7294d608c82
11091.0,9400be98783135a1d42dd238f4e6c3aa048eceea
10230.0,bf1378f39d02b7d0b53ece5458f9275ac8208046
9903.0,12cf6523226bd22c02e66ebbc441ed7769ca28f0
13388.0,b75b2f7dcf5d3c83e33b8b2bc86f1d2543263a59
11550.0,97bff7df815de472039d366728df8f610528d631
11389.0,885ba629acba8128fd40b0af92c960b99ac5b827
9537.0,9118ea65f40874e915dd1299efd1cc3a7ca2c333
12231.0,539aff8b37023caa177c1dcea6470af6e8b2d88f
11062.0,f9210387088fe91b5bc8999cf0cb41a0fe9eacf6
11049.0,6f53d0ab98e0fe0b7d51eb5a14eaa5b04dd91925
11580.0,43b5e9993ab025bd07851d70de5de7fdfe461d24
10962.0,1788a0a901efccfffcead3d64a5b8e5876998d32
11373.0,6dff721a3a8755356b2e89d02ef63ad8ab38ec95
11497.0,267ccbb4a76913680f4db6b400e05dea7aa84db7
10077.0,a637960fab61b66848a36e6a5caf0204c155af01
10125.0,b470a595f7278acf5e7e47521edf25d3c4f479f1
11011.0,785d6e396ce81575bb155bede412a6182d5f22ed
10997.0,f06c7e4dcd9d3044580dff155cdeb4978e622188
11984.0,ae30f36fbde83beb122a1eb1c3bf3cea2d490d5a
10132.0,f6fabd1a370c27aff4e8a82e5a3edce52aaf9c2b
11160.0,ef0c95aca2fd19666711422c14a6b16f8025ed84
11036.0,3b7b071bb7b4537576306f00703c5c409bedbb43
