issue_id,commit_id
1206.0,46918d3cebceb611e21bec3b13412f3d18b6509f
859.0,d4fec1454488687b574c545761c2869d3bb97ca6
930.0,2506c0b9a96d48f14624acfa552fc88e38a542ae
2964.0,0f56c0cb04c4f63a1ed439cbb3fc49d8c83f8f65
324.0,7044b4beccec4380bc7e573559a08f4a8820afec
2754.0,8c9df3f4eb593cd4755b882d8f412a13ad97429a
2969.0,7e714bd28b6e96d82b2848b48cf8ff48b517b09b
1134.0,3c48bf893590fe87445a735584591201c3085e35
3185.0,7f98a28432f2059259a5b8e5088322fa8f42f829
2990.0,3bf80912cf959fe860528f75031fe9e4612e3848
531.0,7bc6eead47061d1135e420ec1a54eeaf702ed470
3435.0,d49cfb35d4bb45e94d8c7c1920e7be99e4e10dde
2031.0,7186a5aaf571e1d08a617138867998cbea518522
3065.0,a656025c3bbedb1d8092e553cc799bcde375db3a
369.0,f64098c784f93db9a60d7576cd4fefab8000dc97
1843.0,9c236d3b84332aef0c834266a0e3d2171fe5a7bd
3253.0,d5fea5fa1da0c56860e7023e4af3ba2eb0097dd7
3056.0,10d0ed68a342880ea355ba62e8d24efa664142cd
3113.0,5cb4b731671491941bd5d877f222bf5cee71869c
2765.0,1a9caedb49ada290b00d0db0ec61e66d95807413
2071.0,6478d7bb99ef7dcdda19ce3e58c00500ff72e60b
2173.0,95db82f8f7df0acce7051a8dedf29b88e436f5ab
2430.0,85fa8aabf5a7bd0adf204f0c2dacbba1fa6683de
2875.0,7474a9cb8b715ef96a37eedbbf143d39139bf382
414.0,8d7ca29a3554d20324ed9c75d9c095dfa8a8c439
3206.0,3dc84ec4609de0c08fd159ebe991453309952fa8
143.0,2ac1b7d4388209d8e1309ed5b43ebe8d023eaa53
39.0,c6e6792cd52022add8455fc792b2ca73c62d3d65
3266.0,185d7cbab279ef7c27b46694b4b6d93a8d6f0421
1868.0,ae97ca855361dc47b45f85371d557419c0e764dc
413.0,0ba758d448ca18d98bf05dfa2ad48b59eedbb942
311.0,e942a0974f945bd4551482ecf7e29d87d162d0c1
3374.0,06507ed4e455dd8b94242d4477dce05b1d95c6c5
30.0,f6da77e894a939b838e02fb744fa3031abfc96ec
2344.0,57974165444d551d281ae25171d4ec5e571c5ca7
2279.0,716edfdb2921222eebf64176d416c761d21aed1d
2912.0,19a0a7d7718277e63692c8e9d4c11248a5e30a50
1360.0,5164be092a7e9ece7e5e23089458f568be7b9eea
2738.0,27d56c1df5fc977e17806b466dc74dfa9a98689b
387.0,fbbe14791f2d417bfa57618eecaa503b69f459ac
2004.0,ccd02bfe8c90ee8dbf30cc2be61a7d483ff24cab
1801.0,8011e1de28c82e5ab5c9727d10bcba997e8254ce
307.0,780297e2bb6939ea9ed6a40846f3dc3fb7dcddc9
2996.0,b78ebacca7500f625bf7ac48989073dc872a4418
1661.0,c1c205bcd39ee417ed028c967819a45d08d604fc
2348.0,9049755e3fac192d5c0cca5092a74a67e562cdc6
1679.0,7b1ebfbc4d517c2b9de2e4e4ddabffaead1190df
3019.0,7e65f1c5f13f7f721c64f551d0022f6907a35b40
2699.0,746b91dfced525651c9b71a3bd075a78d2b9262f
1854.0,fa327fd4fadcca746b466dfd8dbd166a50d8efad
1032.0,ea73571a5464d254979d827f849a2d69b655adcc
2217.0,19d7e6532f9187ba8a81b2d2ad9afe03e5e5500a
338.0,51e4a58a85bc1500d1400ba7d633d570f6296745
885.0,9c434ebc679087ece3d7464e39878e29dabf1951
1245.0,eea93424142ede248d9febee6be11b37faf9fbb1
1000.0,872094c55612976bdd3de9094f7f8d13a38fee48
1160.0,462bc6c2e5972cd4a91a12a93478b8c7c0739a5f
1277.0,82d7c49d005f419b2f7b5e70fd34a42fb18a1a7e
452.0,2262ce4915aec0dfffa8e71244ebe10f72d11111
2293.0,f962720f7a835df086a11a1ba910e3210675b9b8
800.0,afa33e37ecf1214dbf7d619181791af70e600ef5
742.0,ffbcad1e46ff88981e9f787f29234de49d31a54f
3344.0,4a8e75b10a50ae13e9b61763e680f3c9fd518ed3
1346.0,6521c36c681500d94ff3b624b6c633be98844adc
2724.0,6f84cf4e4b4ab71d950db28d1b0776e07a8726e1
747.0,915d7180fcd0defd23384e30b630e2cb31a39222
2047.0,bd5e297aa9697f42a61682fe56f10eeb650e8540
71.0,7ea1b801cc1f7d09ee18e8d70957c9d34b870700
3157.0,2c68f86336dc8729f58e8e19af0f49c269c1cfaa
732.0,bbdfc839029889af7477b6dbbe8dc4c230ba6f73
2582.0,22e072379b9fcffd229cdd239dd3ff5ed4eed571
380.0,1f20a11284e3e9bcfc08939c48e3ab590da7c7a4
2303.0,c8e56d58077d29e2c9478f133b3c69ba73deead5
808.0,1982c208ceebfd317e30ba16a40402850e97e1c9
3235.0,52f9aa7ed6ceee6b416eab39a4f785d958245937
2554.0,27a7171d42c878d5d9094c0117466e862ff91000
1510.0,595fb7e1fac3eea207816a700565f6a549e160d3
630.0,777c0c56b5768582eb57607846a945f94c37e154
1714.0,2995366dde63b8acd1f246bcd5a4cf7d61f0c1fa
2395.0,bce8ec75ebde8a7f49fbc3a9825e667d7327c64d
282.0,e8e2e934096f36edd8e96d554d06c0e330d94913
2307.0,cd593bf117b7747c5c5b5aec8476315f9b2fbbdb
58.0,f5fb4576577cbedcedba9eb16d9fdace18c9292c
2201.0,f5adb61b28f240effbba5a4686647c2af6e85b94
2350.0,c7f433c49bcd752a057020ba58672b6e441eec21
1354.0,c282ab1ce2c93226ed8f1d44b565beb93391312f
1671.0,431db2874b242316051963d9bc4d5653b3647acc
525.0,9034461e5bc3a3e75c64b603c89a28acc7bd2144
3642.0,c59e019f5c5ed032c5360599bbd56e3fd9421adc
238.0,c7ff139481f96316d740a34f01cfd0f25e449848
3427.0,25a5d3031167566cef0fcf38b54afc6b7dcf6e86
2559.0,eab030f9f5f8f488362fd359a82e000991a1e7d5
3669.0,36e6fc8ab8418d7d8ead6ed0196b2bcbbc9e91ba
1730.0,9f9e1fde8fc91b64a0cf99bf0debaae5806a2644
3111.0,855d59b68b71db78165e4d4e2905c280450b6214
1987.0,5044f3d6101e5915963a497779b6ad1166a7a388
1630.0,b3b5a98fd09f4c02828765a5968825ab4f11556a
1235.0,70a33ed49bdc47cdb8e3af923ae315d63f406f0c
655.0,ab3d9d12c6f16712895735903cfbb136f22aeeec
1558.0,751fe451df7d0e03754a02a52e4b59152b37891a
2208.0,5b7fd9ad889e54d4d694d310b559c921d7df75cf
2278.0,9dd0a0a29f3e384043369a4e902d2a55e311795f
2261.0,c590e820aadb9134a7fb19fe32c8ddae37199ec3
3244.0,b61cbf8ab437574d4b041e49a214240b650eb1be
2935.0,e08bcf9f9700180a09f77f52604ea6de36fb83a8
3063.0,15c079f500967543c033ddeb113febc1d84abc87
2346.0,b7eca826aa94d87b85a998916f1ccc0d3b4591c6
2583.0,60eecb547d8af9916c55163c7356999ca2d5ffb9
3169.0,f2c854060adf021347a6c4217fdb06a77a38bf58
2378.0,29c055a2b4327d94c5aaf66ae00514199ff146cc
1840.0,e4c712ffd2682f963906e1d0d27e67b7f83d95ce
2795.0,9c0e110e233f67f1853a4ab8e0521ed4ff8afa9a
2318.0,81c2440a054a0aa9110ec1d5aa0955055c08050e
1998.0,6e6c3a4636387892e3725f1ba13457966c188b87
539.0,7003fe61352bab3a1dc62d18dffb00ef749b050d
669.0,6fa449de00ae89bb1d1ae5e6f793b60d32c1ba76
570.0,661ee54bc2bc1ea0763ac9c226f8e14bb0beb5b1
2394.0,4c564779d159acadacc078988f7a40a3e5794eed
1851.0,5cf261a2876cd311c7abe17c14da733a48a4343d
1848.0,19b134002cdd6be9f3543a7b6d18b4c05fa44fe9
2870.0,93e4b714a179c7132b505dfbcd835e7aab542a56
3315.0,b7f6fae9b34341b9be7742b86f6caffe07fc6f25
257.0,c5340b1ec471ee8535916eeb042fb2710df64276
962.0,ccc2de19971c6c88202e9068431e562230f84b62
3513.0,bac908ef35338e78422c5edc0456a22d04debfc3
3574.0,d091bb00c0358e9f30006a064f3dbb671b99aeae
3562.0,e69b49bd3d2df261316c1c5dbdd53b96d93d2f56
2123.0,789715adb9949f58b7b0272bed1a58d7cd0fad30
1186.0,a25ee7e060ba449f36daa1ba903ddd116b6422e3
2223.0,8b45009dbc22508ca6d9dc06e79ab23914ed14bb
2412.0,59f7966e3192bcf478a213ba0aa9cd3bda7da4e4
1455.0,3fe68c221a41e8b86107281d869eac435e2a4154
174.0,04e70bd5c7bd80696eabaea11afd9080d874f859
862.0,4c0253f9fdd4812b979532f1e24b7f0ebbd1626d
2305.0,54a18a5e94116342b2f16a8d558cce366b644a64
3179.0,aade460f1557aa0546ebf248a4f323140f30759f
1577.0,6bf42f9a845b7e54a39846f5410c9e3f6c80ba18
2067.0,77af942b982a3b07669362cc6bc223026bf039cd
484.0,7c79ce6e418f07a49be8c25a4c5a40e5347be257
2580.0,26f413e1e55d3b57fa164114b39f6cf74669591a
3232.0,5e15850532be5521dac7082b155b15b83e1236e8
1795.0,e8bd2c92029455abfcbbd3e10b161f9da0d269be
2196.0,c43560777a3efeaeaf0eb47568171f04103dc363
81.0,ed16ae2183ad44a7ba89aedd331a180455ed0836
