issue_id,commit_id
120.0,2a7d8aa79c8b9b0146e5339df15c030043d58c34
151.0,b05a83cce2d7f401ae5f4efad47a63c465e0603f
231.0,e4f571970c8da2c4ac68f8b5fb751ff13cd3b154
94.0,63fb6b1bd1068960ab2536bb027f0858d4d68d06
95.0,21486c5b0aa9ecb8c8639e4b4e020e8065804515
326.0,cec4e0bd0e2008bac9843b80f1690de4b3a5d45f
927.0,f12b472f4935577611d51b1ce14fb8b67886b5ff
709.0,bb9d8ac38ef76599b39942835bcd82694f7b4f53
233.0,486308f8b27782b0f16fbb24b976ff633426b9bc
306.0,8dfff69ec23be828d5681fae5fcd2c7b9391ced6
740.0,0ea4c177c559ab467848af2af398bd66d46dfe95
692.0,c9ade68443fe0195003ebcb7e62dbda94d35dc84
170.0,55120a99589eaf896a4b56cf347affb686445f33
910.0,b536c100e84dd27e4e6208dc42737810ed015d44
50.0,835a24252f6c31846349bd84fd2d543cb8046556
1149.0,b6e2a229e5f122a9efa31666dee7965621eff031
666.0,ffc7f7a64f157526726c1b30311c8ca65fde82db
105.0,c9f651ba39562bc7fa471f75fb859c26400b5dfe
664.0,dcd9cbac4f3492b674b414c9bc1ddc54cbf61c98
343.0,65998b263bf203f07fe3b0db4917b3d836e5d504
448.0,37c10e45c8fea5753f1a412f052e840cf53b8833
32.0,0238697de663d0045844195347d7aee08952183b
679.0,eab935034e6b93cde75f273500d0361565aaa699
502.0,8d426c2db6391b3e0dea145998aebefee94a5376
984.0,b3bf7ec188b7f924a7df1b2884440444be7e1e08
673.0,56af64585f4f033c25cd574072185c85c26e52a2
345.0,60a8d1b9bf4b70aa4ce48cbfbca593cdb5e853f7
631.0,67ed13498d2efb210ebdd8c284165eca637aaa46
746.0,74699ac803fa993aa1470bda9fc95a24dea18b30
819.0,ee3ea177a8550d43e8dc2020dfb3f86045d3d5a8
898.0,aee99b9a40e17b07a252e388aff7a016691a043c
596.0,1b6fee1f6e5ad1686f622758d6cecf2996dd3050
687.0,b9ad881b67a1f64c2303eb0bb1b2145f32475ea6
208.0,0b1707bc9de935908a1b2c80d329318e44daeb4f
619.0,a9352bdb221b7df0c3bec67167e1a8f73d8a2514
1170.0,936475258d501b7b1fed1c80080eabfae8179970
952.0,fcf0eb022ee81cc8e961c08c4a89742a9714cd63
848.0,5f23a764326b8a1edec59f60fe3baebdc7e510da
1094.0,88b829aa824deef1166e01ee5fa0ab8813e25cac
770.0,244043b49d3dc0fcada5aa7a043716de7d19f2d8
686.0,bad238f9964b31ceb3f1801d7a5e47c1b2549383
505.0,30de80223bb00cc33cf7c97c5afbdac17ab073d5
847.0,6277ffd860bfb682807794f6b83c5e686283b592
724.0,837c8051e42d9de458c60a2ac55ab1eeeac33021
552.0,c125c0455775564ef42b93156819d4d1d43115dd
1155.0,f3ac5598448a0c2080ee267f00931ed556a6779d
124.0,c2d539df8aaba9bc15031cb9234f401694e0d5ee
448.0,5f4bded5999b0e93097384be029f0e6912425e8a
653.0,6e38853c99a6b01513dc4595e5103e848a09e63d
741.0,3081caa1aafde076a8472d62091d131dd8ee72c8
438.0,a6b8436c50103660ab61cdf73cb5e57b2b1e6699
1051.0,9f2d61bc234cff3d33be9c526d8cc38c9e475063
1009.0,1c66dece59d4595eee3fb33d2609e2e288a28ff4
1165.0,63b87ba3a8003fb6c605fd5f9570b32e5087bb60
735.0,018f495f10c1e07191819a2cf11232a9b3f61327
252.0,cd70f036f205e41cf1fb1a34785f1e7d9e80745d
620.0,062d9dcc2e262d8ceb4cdbca3241a1fb9875e5dd
42.0,f01fea4c4b039364d1afacb8262b7ac5826f3916
1126.0,51d4d4a04c1bc50238accb49788039e43b9b84d5
451.0,18186f645228a73bf90e75f0397e1947fbb6f61b
581.0,153a72944c80b44da957390dd37c754bbab5e3d5
289.0,9a35e5ef05d5f623f5362f85be9d2f240e6cac19
823.0,8bd7a7a94f4615836de3c431ef5e97da60c77801
915.0,abc8d51dd3814cff0b5b015677904fc1939d236b
774.0,3995e37a86cc70b2698fe4ca883aac90201af48d
374.0,f074a4c6c05dd61d0ed625b507f671214542e477
239.0,7440386f83fc2f51ec9e7abb4c5379f6a1fe31ed
750.0,64f1a6d317d0ecaa620ebb586fc9a62fa2a4f318
780.0,b136196f29599c223db5323a8020ce3aad40d41c
494.0,68f8f429390b50ddd33d503aa6bff8dd9cc6eb5d
314.0,863987dcba99e63c1b652fbbbb051d0353f28609
800.0,d1866191b8e7c4e4f9279ebff5de2628a7656289
1095.0,67799b98ab2d6ced76b8e46c4d857943225beab9
224.0,51be1f391af44531823da4c6e158a216f3de5457
268.0,f7cfbaab1689b50640adb75476fa14800aaf9eae
1187.0,4a98b37877050d0ff8cf475dc2fb8b3a93c7da89
388.0,d9c62b0925023ce3f255113dd22d615c94a71a05
517.0,6b29ad862ca292cf1482236934c111783bcdc9d5
685.0,3d560baf6c84070da60fb0552722bb86db78a90e
606.0,a2f1f6352352a8993b391df10a8740ab3c366585
187.0,9ea8cadaccc55f10a8bec5804573f740d51bdfbb
661.0,13be7e295be87cad9a1198e71bfe3ed9ca1556bb
715.0,bc6883a308055bd76f6ec82d5d2afdd3d911d528
437.0,cb65d2ca4a70ad9b387b1402e8f87909332abf9d
869.0,2f344ca6d27312bc47c2caff35a273590fb7b2ac
363.0,981f3aadc79a301ccd391e805f3213ad47bab4cd
861.0,e20d4754fab0b4aac7e797ef4e87327093447161
259.0,44528026d292737641ce8011b5096ade8f87a9a6
373.0,12207f39fef560f60e51ffe2815eea843fe19850
408.0,f7aef6ecacd0dc4c1343d3aab534c12aa50cd51d
918.0,eefe294cc9f338ccaae63d63b07892653c745d77
676.0,733a6073802775d2fcf9086ac73ec39fff8fd1e0
876.0,a7fa9cb29f22d62ec189a059142e600e0a1fa75b
613.0,9bde65edda7a917a14c0f649e3f6748017e0db62
1114.0,f25e49555aa53c740baaf685e9ed4b34a0a5b6f2
361.0,764f69a47bc242383e992502491a1ae0012f13a0
684.0,66cd634de462c685cd11d08b56e39289dbdd109e
245.0,e3d34fb35e716546eba77c222dc242ad6cfae268
334.0,08c1444e73ad11068b7c4bff4589310ef6ca566f
395.0,02987e27ccc411e020156bd8e9cff794f6bbeba9
1195.0,df1b40ca2220b0211e8a86805788c70f674a1f1f
977.0,9494ef705003a99b2053f2b4084e9346b6c279a0
442.0,9d87e8fd6ffa4c0ab66dd6c399ee3a276302942a
40.0,e4e9828640fc9046f65fb3791627a8ca91ad7e55
476.0,c3a7284bc8bbd58b68dd885b5339d8c29685bd6d
355.0,748fcb76778b618d232b1c829f72d4ef65392441
92.0,97b36a993d5481c71824088834c66f3164a286ad
323.0,ad9c99f79028ee6a508ea3dfdad63215424a6fa1
541.0,d947031e9968493f59fdc97ab0236cc1d8b6ee06
217.0,6aff7d96c2a3161e2d84373e45f9e2cdecfcbe08
670.0,534dbbfce193451a00628167e0f50e36f191fa0b
928.0,b8f6974f14e9eb37023e944a943015ca932bff72
1046.0,6d1b653e24278111d82b761c2ea1e66a0621a27d
649.0,7b14da9b4c5a61b4c852f9e3e13c2786317df50e
885.0,d01b4eeb6479c951a8b0ee10e29099af9eaf6e5e
903.0,5491d288fc7ea3a512a69c1da0b27d0d77c107e4
480.0,2547ac8682f3ec1f95e1ff365f858bad6807de6d
62.0,f444e3dbe1fb1afacef12f6545693c580cad73a2
387.0,eded7675dd4046ac64a95a1425e86eaa046bc705
1078.0,f85642da67285a2b1d991d1d0970d261a715efb1
311.0,a25dc906afb675a2b9d9095553be05df84153459
701.0,2e4b907b19403960bcb0882b150c732e5d47ec5d
1007.0,bd0aaefdd277b7328ff5948d8621d34fb8f87dfd
198.0,4161f66ccaacc57b445f1a1add35c429de84c63a
195.0,dc94ca382048339ffbb144da0a28f47d6b562dfb
782.0,e733b0ea914a6744f7ffd96569b75437244aa4de
1.0,01fc25f919df5023eafe64e98bc6a7a87361debd
871.0,364ee6c33d74ef5b907242cd56f299409e06bcd1
133.0,591534cfc8998dcdc1c40beca4f4895074ed7099
614.0,d964c74bc414f8c51d4b146511f6dede93aa1c65
89.0,447c54ea743478b375099ab0347b9bfff08e3f78
531.0,1605bf1cdb7c4f7bd10f3f215451195d3286fedf
633.0,2a83436f14dd8c9d4dbad4889c530b5398463dfc
1026.0,30c788917bf083aae6c4331ee102f8785c69432a
1152.0,0f3d4602efa2eda4cf5056d237cac36b2cc012ea
660.0,da434103cc3d61180b876bc965b4bf71f670a83b
544.0,986fd2d9921ee433436d72b3ff5e8b6c2daae34e
878.0,16fb504ab9bbdeeb3fe98d94243f9f02a85de8e7
1199.0,8f7e31450835bca5d9a8bb4de252efba6f4b7b10
561.0,beb9ceae946c3db9cff6d21d0f35485e853411d6
1122.0,901812a7bf1667117668e24211a99ab7b867b98d
435.0,f74e2f520f79f279807c122075aee3ccb8fcc6cb
336.0,f8fa8497f3bd192b97dfdba071b60d47a06dad00
1065.0,6d6ab3dab755759ea51ffdc7e7cc2e49379eca4f
781.0,386838b31fa4928dbbca8df1330f23df977f9b23
242.0,19cb4076f1c80caeb8e39825011d0651e8bb1f33
202.0,7d4e57090c679e628259d5dab2fc9c0c33dfcb64
1186.0,0c24e8bda226f3dbd6ccb0381515a9c903847249
730.0,af27c34521b183db4a11dfc5e69a84c7a1759dc6
149.0,979b5e711adcfaabfe5d10087153490d8646d6f2
395.0,00df5b44c9f0291cfadcc0e8e101e8208578350a
889.0,9a543d05f98a927ea783f2d060c8533d6e7820fe
337.0,72b8e60d189bc2e1418cb7bef2eae7743729fdc5
678.0,1b50f04a89dd7af7931c53ec41385f3c16135322
530.0,fc31362f0ee2e1ef807408c53d6a0cce478b6240
1157.0,e9874e2f96c27e24aafbc54436465abd8f152f8a
528.0,7ce6df95ab9a6aeab8e3d0c268568063624849b3
246.0,a8a7356c9b4e39b759153cabf7192fd1a1817e3d
1045.0,3fd91012f20faef6f823cae3b0ba970181e30c75
276.0,198599daccae583939a7219d93699bbd32d13525
644.0,132f2bd7583326f75a8673b9b69b08a7e7c0960f
423.0,29d47ebf343547f1c0f0c7f4850c4113409e2844
713.0,11959265eef44ec984297aa3a5ee39ca5e8e3ffa
877.0,d971e49993ef3d0308e9f1f4466c87b0e8463bea
654.0,db634a459638f36cd9091677142dbdc476eca778
477.0,289d960114ae59f8247f160e15871673b7751b3c
104.0,7b47919e3deb59100f4351584741140531068fc8
1058.0,10cc4ce2b9e1d745f3be91373f48ef6ea9ca7f88
734.0,a7a7d09f446cad7f34be04ceb47bd8512b9cd344
721.0,6a58bd08d98bbf4f812dc347537c8d4ab3663cc7
884.0,644ad1a963ee3de3d5aba02b4afb0e9effd4b42d
1173.0,bcb0c8bce776a5eba9f5425c57c2ec8385f10e94
165.0,1e3a5a1338b6158ccca97d608898f79ed3c627ed
873.0,8e12ea5e0fd32dc5ef3b757d555c9ce1fa5123bf
638.0,4ad7c0f11b92348fe5b5b8d6a67c62f80e1d05d5
549.0,51fe5fafbf5fa8db0757473313419a4eca9642ca
125.0,a1cad195ece7289e147fb5c15f0753351291d0ad
566.0,fee9074c8e809ee158cd8d3501cb90720b06c852
45.0,29a1451210a111b0038e593962973cc12fc23796
764.0,323fda4b9cad52f5fbfe491f54fbe27b746c5b06
1164.0,d9ea18d3a0f93c7990bc5e7df76daf3e608ae3d9
1031.0,629a931aedd290bcf69ddcb6ac1e0fd807b5a448
74.0,e2419c50f6a43f5476aa0e9c0725925e1b0670f6
516.0,f912633d6ded6ed563f8b8ba88525839afa20031
681.0,a85b68962e0ae5cc2e10db4f0da09f1ac856a758
882.0,996a0863b91c688a7761f2684609c5663fb9f4ac
568.0,db496fb35456a907ff1dc4b460947bd80cb4f37c
397.0,d7b1e5eb91b65d3807fbf921ae51898ce3973b14
507.0,f1b60c2a411c4ae4dcb7377f088f64a99d43be99
839.0,fa248655da620a70e94935541d50cebf440ea946
302.0,e0c3545dc3e44b59d8fbc540187ad491a5dfff27
488.0,cd6d1d2f2a2423db74e18b149787b2efcca442a3
790.0,64f056c61f512c81b71a8b18a23d7907d9b02549
971.0,25a66ecfb3dee049b4094d5113bbd178dc190bef
982.0,0cae7e20361dbee41fb8f79d7ee9c763d17d51e1
1194.0,77414aa9e75f89cca9d248d4c0f3b9f1959007c8
571.0,f9b73bfa25f2a2351fbd7355a7ffcf7945ca6ac8
1145.0,91263c37b94a1a3b45be13d35ff1ea19c7b8e1b7
875.0,5eb0fd5ddcdf0b77ad30d7aaf051e5fd013e2f7d
483.0,9c42a8ab29f0727cf82ecbf4946eba3007f4e21c
487.0,64c50cfd35016b24d09f1fcf60e8d6fc2d0685b4
671.0,915dd237450120c6b658c95b4a87b575b8df0cbc
479.0,96747e44d46d99a91879587d311578ecd4664645
398.0,203c1e939e40fe2da6dbfde3d0f3e92f750315a7
761.0,60f280b5ad6b2cc4c2419b2c7634d4ae253b53d6
69.0,5dad6e9b3ae8992ecbe1f90d3d561dc771853abd
858.0,a91afadccfea9fc2063f46989fb1b5028d30b6ee
698.0,7eef21e3d371bd2a87bcd8a170e162991fa9cef1
755.0,a255c1bde0b01da1510d2f3e65bd400f56bd0c6b
1028.0,a7632361c42b33e4474a4ca5363bddbf57484daa
144.0,16bbfc3911a396c3f449b0f92727528b99abb043
87.0,e57dee60a5ab6266ed375adce12df18e0a3dda0c
8.0,e9868b7d98de19672b0737bb69287b1f450a5417
598.0,4d149e827d3ffee210a898689ecd48a66c80fbd1
948.0,8428e3fff18a870b881c6b664034af863973974b
380.0,c7ac5d248308f1379c0e5fbb03587532457116b2
277.0,390839b945cfbeaeb4c1c07bf97fc5a99198355f
785.0,2fe9fe801f6e7cf4f64e6315af10eb7407766f24
258.0,e187105f620891a026ce3739a9f0f568e6f1bc65
665.0,efe905a2aa924592bec6bf38e5c20269cd0dd771
796.0,7c720a07652d705376af6bf4fcfe6a65e0df3ddc
589.0,a39f5c5cb38143e8d185e48af8315ed6e5d45bf4
290.0,791b7710989b58832299b387cbe15bce776dd04d
411.0,f4bb154cedd5068447725a87769f0b494da007a8
1054.0,300febccdd9f6ac36dd2124d35bf974cf950a703
864.0,85d087b51eaa1706671b28add8aa86dfc7766a01
1198.0,223015a1facba4c2bfa1873235998cd845f0715e
901.0,d5b0b6527bb7d962de7a7494b8335008e15cf23d
1056.0,a5e607b6fc889afd3f8960ca3903ae16b641c304
501.0,5844690138de221c80be35a6b96382c666878a9c
308.0,47c9af815d062e4c1c5bd0750246b3c28cf740ec
1181.0,b994c757013a2cfc6cdb9407120e53d94e8906f0
820.0,a3c0d131d7029e3058b4beec8f02fc60a6efc955
816.0,2c02f56c4123a8a2943ed9f7c868ea235a90f42e
305.0,6255017b145df5cc0d09b975e4f257590666a089
930.0,392491a74d2d8abcb2c0db5230fc7f11502c6ba9
