issue_id,commit_id
2711.0,324b4ea2559f42ca710061bcf6c85960a1f2d2a9
2277.0,c01ddc59b72658ec4efdce0f54c1df3f13dd03d7
2646.0,cc6c618f4d8a0ba4bc648f5a6ec226df4f8b7529
164.0,0bf777ed81d5296fb722931d35e5db4333e3de39
81.0,ed16ae2183ad44a7ba89aedd331a180455ed0836
258.0,ea7a1720779ab4680304d2bc9dffcb6f5c7f2798
1917.0,d8c39f4b3753c0ebc93177661c43bfe35d7c019c
3705.0,fc0aa7ac978b56e83dccde94214b1900a2ee1c3f
2004.0,ccd02bfe8c90ee8dbf30cc2be61a7d483ff24cab
2706.0,8f5168cb31a34c54c9a751cb386b8615e03fb148
661.0,6ab569b0e3791cf04db7c333bbf5b78d33255dad
3594.0,21c3df31de4bc2f838c945bd37d185210d9bab1a
3284.0,6d0e79b33afe47525958dc23c1ebb2eea70f25fe
630.0,777c0c56b5768582eb57607846a945f94c37e154
2302.0,65b61aa7c202bb26df53e2cb271269fddd95aeee
2668.0,47a00864c35f3266fa098744c65496bec601977b
497.0,a9e753f7064e38e40819b49a51491e681dd0f42c
2792.0,027aeecf26716bff4efcaa7b007e61f2c577a81a
3456.0,a75315028cc7b8219f2ec28c7c7c7beb92c113c2
2397.0,cce6e7dccc73c0bd86ab0c978a033bf85daa0845
3031.0,aef4159588be8bc245243c80e5032ccc79092f42
3044.0,446cea9221e4f6d368a02a90cd105db0f8c9c7c9
75.0,a154c87cfca3e21316552b2ec558029f9c96122a
2504.0,a35fc3cd6bad4ba8891af75fb9a1661f979cbb0a
3369.0,200ce9bd39c70a7782ef8ace0338ad71dbdb175d
2861.0,345685c0143f030eda443d6c672ae1b705789027
2686.0,abba4b2a74634bc33a85cf5d512de473f0a3bfaf
1848.0,19b134002cdd6be9f3543a7b6d18b4c05fa44fe9
2295.0,a0e38a8cf12ea2f7ea99f17c6568afdc1e634b72
19.0,a9284afde97c30d136e8ec675794c7cdcf4ca277
2412.0,59f7966e3192bcf478a213ba0aa9cd3bda7da4e4
1748.0,1a7fd980f8579bd7d7d53c812a77c1dc64be52ba
2299.0,a693f22a5af210a752ab4b2b73b6568c9706a824
1338.0,5fa76f6800fb81a621b63c42725c5502e2520302
1213.0,fe2d75e1f41efb49472d625ec7c366e7c242a2c2
1918.0,663d786f6888bbd308528284b6a26d433ef314ee
1057.0,da1c1f0d7f8e2df19eb320b176021511b7d05b76
1806.0,88500f5cc709e2e931e6547ed9b58033a50215a8
2298.0,e706b5e5448b837f34d11107e9f9295f0e5a9780
2676.0,c3e2ff2afa223dbe9a780345af06a57b37bbb28f
2957.0,4f32c6d4e37cda7a5053aa4f1527b6c340433778
370.0,065afe53a6f72e42428c4373ed10d082868f25d6
693.0,ac9d8b09a5f8d3d4580cd432ab05eab2cf2529c7
2624.0,4309c7c6ea51e5797604c43ba858e5ebe1fb1674
2394.0,4c564779d159acadacc078988f7a40a3e5794eed
3480.0,c12d9f8b490c56fcba7ad793249ab14441c544d6
3051.0,c9245609f4a2c23103bcb5cbfbc58ed78b76892e
607.0,b2fc9febdda6ce4c90f1aca351c01e8b71fde11b
2536.0,a43a439c7a839edc8c5ac7062acb694eceb99e55
1291.0,aed464b92bbd9bddba2684304c141b9d65b7d01e
1135.0,0cf5881312a2256607cebe36938405a6fe5a820e
2491.0,82e66848e8ab44d58e483b6b92eea5f04627c422
1822.0,8d7e7aab31f0e3cf4d009376b6d210ae1a27785b
2284.0,f0a6dcfbb8cc526f19aa4e672d3b106c65cb18ca
737.0,97815b999e831205b90018e81569b55ef8fd0043
79.0,da514b398429653dbd368c6da48c9863d3c2632f
2249.0,9569e8c9562fd6695d5ec83a5e33fa608d5d7166
446.0,df772df24f22f7f0681a8d5b211dad764ce9c8a6
2080.0,4eca29f68bba819494e91270ef27f9c2f4b57bb2
1714.0,2995366dde63b8acd1f246bcd5a4cf7d61f0c1fa
384.0,09370c3f1c808e9251292bc228b6bef4b1223e93
3056.0,10d0ed68a342880ea355ba62e8d24efa664142cd
2149.0,6c9ff85c3f3c98ea85da5f789c092ad7926af0b5
2395.0,bce8ec75ebde8a7f49fbc3a9825e667d7327c64d
2934.0,38a391815b4936e9357834bb4924e09fc4384e9a
1814.0,87787b130b28b97848e57b2c838e92186755cd21
2378.0,29c055a2b4327d94c5aaf66ae00514199ff146cc
522.0,7b1c8fd15b619aee9eb6bc53dd50bd2d7e9bea3d
2693.0,d8bf589d4835ab03daee3101a91c80ee648e72b6
3281.0,5a04590e9c1f2aba03c2bd70a8b5fe1a18eecb56
427.0,1d1db80e062bb576cd542a7a3ca990360c5b57ba
3204.0,814a7ea96f1f0aa124537cee98fed0955ebbf6c4
657.0,3b393f89f66733f7824a50b33b93eae9999812ad
2593.0,c3a997864efc0dfa725f21248ba0fc21a9682faa
3054.0,717f9d33ca7c803abf781ad81d3854ddd7869900
2338.0,a4869eb4d2bcb25e6cc5c2e285601abfddea7f4c
2774.0,03036533f021c83205be4ba5c826a33322dc4d78
2842.0,81c2a1e47565708f7af359503ff61f16558007ad
3462.0,982663d0631e1cb3bf4e66d567dc83373a3046dd
1264.0,86525d9b374efd00a97a9c3e9586425a356a6bcc
1884.0,9121e109bdcd8b2a50bf53cac73b470232d126df
417.0,71a97662663babca96365e01bc2017f9f178c95b
3199.0,ded0f68c16d6eeb95abfca925e29bff70b026e10
3473.0,8973b58955df185c6502389a6e91b7b262a735d4
1920.0,b7a0cc61c54dbfebf8c3b21634ec9e37596b1e9a
3253.0,d5fea5fa1da0c56860e7023e4af3ba2eb0097dd7
2180.0,bb0e755c808a8541192982ba7b86308b68ff7657
304.0,b209cd96f5865500c7002e127217fdf9ef9d2225
856.0,5207c69064898f513c0b08110514f3fd39e5a4a5
2309.0,3acec5f801864e8a6fbac759e45569950dec719d
1181.0,4f5d3eab067f8821b2a69bfaa9be5ab1b04669b7
2916.0,393bd46085fbf308e8b4e182c43f3871df4ec191
3437.0,28d09ae0fc518f2b3e9138f0fdfc2566459a52e3
3243.0,6369537a49f55ba3c3e319b7d21b6c6a96e5d332
784.0,d56d96c8c253a86b5abe20d92584a50017470a06
1196.0,d76ca43a583cddec91e8cdd32a8210e6bfb1bd05
2286.0,378a11f99275a6b80d365a5d51d469844bf9ca17
1887.0,63ddf2d47997299002cda290821909c02ca80675
2603.0,83b5625f0c1842a7837bc3326319a64b02a45e44
440.0,a5d1cf415e142c2926845601257d3d6c05cb3ded
3241.0,48d0e86313b479f97cec1a9869bdaf468c248666
707.0,9427e16567943cb5dc2a6b034db97f34e39bfe9f
1135.0,9d64ff420fdde3c6eaa6d573d41da3b2f587422c
3410.0,42942ec2910420ff6107b9da839c93d9c422109c
1172.0,773ad9b92d447102b92492f64d7ba0e708746f83
3069.0,05102f63b8dc5341d2d650da3aaa51b0b355f65d
1050.0,32d32249d51f37ec53779372ad23616efbf4d74b
625.0,3fdcefbcda47c1ad7fd3432d0643d127cd2918d4
351.0,d628df6ab6c57b34acfb412e135d0d095636c539
3067.0,b2765893e6bd64787ab14b1d67eb7d29314f1bdf
745.0,4baeac07d97b73c1c7ca14c9d5ca7ff35d583165
133.0,1c24b62727704016813a44d7c677ead0b6638c91
2279.0,716edfdb2921222eebf64176d416c761d21aed1d
962.0,ccc2de19971c6c88202e9068431e562230f84b62
2073.0,2647fc7112ed79c1751a3d99491d7dcfe0aa4520
2013.0,9e41eca7f839db16cdf064f827fada0cabf6f54f
297.0,a950f936875fcf7acd64e66273485f770b09c626
456.0,bb31188ec3882e9a6c6035b7a65ca257d424e31a
655.0,ab3d9d12c6f16712895735903cfbb136f22aeeec
307.0,780297e2bb6939ea9ed6a40846f3dc3fb7dcddc9
2795.0,9c0e110e233f67f1853a4ab8e0521ed4ff8afa9a
3669.0,36e6fc8ab8418d7d8ead6ed0196b2bcbbc9e91ba
517.0,24e01318d31c6a541a44636d3a97310ff814d0c1
3208.0,4fe81d7c62a4ecffd238a74783c054c4e5235fae
3232.0,5e15850532be5521dac7082b155b15b83e1236e8
2582.0,22e072379b9fcffd229cdd239dd3ff5ed4eed571
2396.0,1172728a683e0241400d991df672818ed9b2eb0c
2071.0,6478d7bb99ef7dcdda19ce3e58c00500ff72e60b
1661.0,c1c205bcd39ee417ed028c967819a45d08d604fc
559.0,9d9f240df8da4b433c914e76b6ea2c7e82f3e320
3453.0,986871bf4eb85ae62124e71ed579b6baa0ddaeae
3179.0,aade460f1557aa0546ebf248a4f323140f30759f
2570.0,2433522d2967b8a5e46f16de587a8fac5088a47c
3375.0,e17c3423bd306b04d27b6a2e53c80f1ac2179054
148.0,4b65c7ed5a31d56e194817231eb88e1083ba285d
2344.0,57974165444d551d281ae25171d4ec5e571c5ca7
1138.0,1d55b8983efdc840b83ae6ccc4e496165010c8d1
3270.0,31d3c7e71941c3a1800f5e31064c9862da473d86
1079.0,7cfe833a50524e629542a82c8cd35b84cb1f9e9c
484.0,7c79ce6e418f07a49be8c25a4c5a40e5347be257
3229.0,240e398c8d2b46607f6e5c87b6e39eab50ad7796
2490.0,0932d8f428ae6c7cb6615a6a146e417eb182ec4d
1621.0,c72e7c7c70f1553295022c70d5058ed11932c16a
42.0,9d98ad5e079b88fd9da87e47d55a11e465ab6bb0
3113.0,5cb4b731671491941bd5d877f222bf5cee71869c
2347.0,fb90c310b9c9099118c06a95183e38157727fa92
2710.0,0ff3f722c1c22399d3c755090901fe0250ca9b50
1160.0,462bc6c2e5972cd4a91a12a93478b8c7c0739a5f
1730.0,9f9e1fde8fc91b64a0cf99bf0debaae5806a2644
2372.0,d75d83defdbcc2e498f816b5cd20dcc24a1b7138
262.0,eb6549d95a8e9c28f9e4b89c28e370124e7452b9
977.0,02eb9c99fdaa0c3cb3179ca5a1538e87ba6f13f1
2754.0,8c9df3f4eb593cd4755b882d8f412a13ad97429a
2875.0,7474a9cb8b715ef96a37eedbbf143d39139bf382
3242.0,13b689bba6119613a2a47e8a9c84e82e69f602c4
2209.0,6efea346dd54fa9adb65fc044d72e5ec8bdf4018
2939.0,d3e1fed7773d1a85a9e2b434c375822edb904619
744.0,1fe20d32087cb3e0ae1139b7fca1545db64b8cff
886.0,cab514e9f17e68d66c61739325808dc5ed494e90
2558.0,eebc0edfddba9687f82f4868f85714c0c7bb3d84
24.0,9248a7baca5bc616a60f9b63b525e872fbfddef2
44.0,cc8332e9d99c08b77614e5acd7bd0e6d08dc29b6
2969.0,7e714bd28b6e96d82b2848b48cf8ff48b517b09b
1186.0,a25ee7e060ba449f36daa1ba903ddd116b6422e3
2358.0,63129e8426ba0ab71a3500172ca04fb41ca67daa
2322.0,cb94f4c5d3d4e1797207fd03d20d06c7bc0d05b4
2606.0,8ff0cef6b9ecee2c0bc31774b33cb88632dc79db
284.0,34c4709d0674607afb32d3ef48738cd0c8003769
609.0,fedc96c0b9a1c48d11819f03fc82065336af89a4
2231.0,d04d36842b6c0c9430dfb3d1129e5cfa5e8bac3d
571.0,9a0f6519aaa14aa8f6d0a076e269e8ca8b1668aa
2325.0,4ec1fbc9f52b4b3997a1978ab3390a5a1157ad6a
1942.0,17685da8c069a1698b893cb6f5e41957f77894d2
1988.0,71e10be28665eee6a919045f9e5d8773508dc756
1865.0,024fbe5a6076d0f3f793cd4a66d0b50decdb2a1a
87.0,70dc2b66a0d02a23546ad8d48b7fca1c21997ae6
2470.0,f071562ec007b629d5cdc1374f8df45b74acbb7c
582.0,18413ed1bf08261acf6d40f8ba65a98ae586bb29
3174.0,8ef56c8c6d0be4d4a9e844c723e70810a0be2fbc
1277.0,82d7c49d005f419b2f7b5e70fd34a42fb18a1a7e
3554.0,cd8a3745047a4413387f1e8a6877fd35859e21be
1881.0,4f83f705e7a5f35381841148caf04b2829873faf
2093.0,0e79aba40d2497218736448ced708fcf4f8943b3
3103.0,86bf9dca72cd188813e26ef5dd972101ef8983cf
2256.0,970a8009f1842d6be8c04f3adea3c2ec97d7eff5
1480.0,5ebf1e824da1a35c8f45a8c39591a6ddd3f70b36
2222.0,1d4448abe335741c61b3c8c5f99e1607a13f7e3d
2212.0,889c0ed1964f48557e532f95f9003c5ee6e2b727
2935.0,e08bcf9f9700180a09f77f52604ea6de36fb83a8
2120.0,0ba1a872b7aac48efef9028e7687475da34eaa39
2898.0,2616d97f326504b494304fe744cdd5adfc9c6d91
1450.0,61f12d6a8d113ec1c20bfa518efc78dd5b4d564a
600.0,f8b6033a3b86691470a36db57eba17d996c7d5e8
1208.0,fa610a24ec326bbca01d6453548a1129178273ae
2581.0,40745bb338c45498ca19010175f341332ab2eefb
1240.0,6fcc2ae3f4536e4d2651c1a00abe2306212a5bfd
1502.0,cb9f64508148453dcfa4deaeb4ea95518f58cee0
1795.0,e8bd2c92029455abfcbbd3e10b161f9da0d269be
3299.0,d694eb443a6243e248df974e9cd64defb591bf38
3376.0,e0079490176f080a9a4e52d4edc67e370992d943
3574.0,d091bb00c0358e9f30006a064f3dbb671b99aeae
2359.0,f29fa0d56b1e971ed9ac303806d7da153f6d6fa9
742.0,ffbcad1e46ff88981e9f787f29234de49d31a54f
1117.0,02f0c755a36c382f210d6654b84316745ad2af00
3740.0,fe55f92cdc575d00204a134b2d556c1053e1ed4e
3203.0,d68abe99f69f051435bfac1c040b3a4cef058adb
2288.0,b11f7354d17ae4d7d11bc1b204cac98573f48965
3236.0,91e53da054c8e923ad6bf45cfb4c12de029de1b2
3562.0,e69b49bd3d2df261316c1c5dbdd53b96d93d2f56
2363.0,45946028e77ed68d64869f565b688aff0914638c
601.0,b5bb49d080475e4fb90f6a47dacab60b53470e9d
2430.0,85fa8aabf5a7bd0adf204f0c2dacbba1fa6683de
515.0,9f055104ad1a8bfa29c8cccf830dea196b5a9344
1950.0,0f1cf50f97a617114078be3dbae3152339ff13ad
2739.0,4c8ec8f555af8aeba5a48c3c4cd9cc39c74dce8f
3673.0,47e165d6d560fa502e41f152a69b657cf95f975a
1980.0,59104db2f2f0a507aea2625230e446361e2fc174
779.0,05dbf52fa586ccd86a7d774e918faa5e9ae414a5
2332.0,c5be20b53ca577be5569b1a327e88991f2ea69a0
3381.0,9bdc42d300c63f82cf3aad872d606434fcb8cb97
2193.0,a7f1a21c1204828388eaed1e3903a74c904c8147
369.0,f64098c784f93db9a60d7576cd4fefab8000dc97
2234.0,ec18fe94775aaa3d54238c6c75b569491803134e
1902.0,17d4cb3828b9520be6c4e64e6b7548a561aa6e7a
981.0,9f2b3d815ec39279bfb838221580a36378a0de20
605.0,c4f2075f4c4c27856fe0af77250fb75c61c0d86b
2910.0,d493e3e083f7565f9b158b12445a994abe9a39cf
2342.0,aeb82a404f2926613f83070e039de34cc5842b52
3260.0,f7f1d9de3daa84ba968fd53553dc8fdb277219a3
931.0,e95cef66a3bd2d8ca751e36d111cf8f84dfc5586
2123.0,789715adb9949f58b7b0272bed1a58d7cd0fad30
2630.0,79f34f1769477d9909e4fe0830c48b04208c50fc
968.0,e7c587789ae22a626196cea26340253dd9b70bf1
3207.0,976dfedaa9efdb566333ea829b12751820268f67
3064.0,1096e226ccbae8135085322fb006a01836a19dcb
1728.0,2bf477cfeafd87c69b88e1ec58b5eb67abf756e2
799.0,ab1be65c88b01f3318e42afd089006d24e083274
1811.0,bdbca923ef26424f605b4c744131512a5edb0f1e
2353.0,49f3e96844b5dfb6459412aa68e3f25ab3a65514
3684.0,2fa8eb3cfebd7d797f8d27bfd05ea5f63985665f
1132.0,8d3ee017c58ded9e994a7d97c58bcc5d6a2a6e68
647.0,813149677d2627a9ca462dbb2fae985369b54384
3709.0,632f85b65354ad573bb33c54a0a9dd3ffcef371f
859.0,2aa26fff04a98f2435e8e3015e92ef6108d3b485
1869.0,f034d2e271403c7b3b8a1c2728b2320ed157a037
2199.0,06112a555a9398701d3269253355c214791e1eca
2175.0,9e2807da76d756ca84b55213e799a124beb6a3fe
1861.0,808d2cf75e7127618340149c5b0f1a9b608b617e
1090.0,b0f594efc9c6ae692b9b4732d40006b1d3c69d23
3427.0,25a5d3031167566cef0fcf38b54afc6b7dcf6e86
2252.0,9b892e2225bb88ab24f839719ba50575e1ce4de0
1872.0,fe5f714026b68b1416c3d3985bce5063901c320f
225.0,8e928a2fcbac6edca918e9d4efccc4fedb418292
2371.0,2c97ed985eaef9663bc72b1bc6b6d35c7d69e60d
1539.0,7f3867491570746a4c14bdaa5bd59ec1b64cbfea
282.0,e8e2e934096f36edd8e96d554d06c0e330d94913
102.0,38107c752cf959ad69cf4f35886946bc947f2bd3
1998.0,6e6c3a4636387892e3725f1ba13457966c188b87
2117.0,5b9b180191016044b95896924c7df55cbff7db93
3406.0,2659f0a5e62c9a97ef37dc2ded3ca8fda3c53c9f
2635.0,f808c20139649b747f604492bc33b61a7dd3e13a
747.0,915d7180fcd0defd23384e30b630e2cb31a39222
2321.0,89aaac7fe00f1d8fb2f326310bf813430fe0d3bb
2912.0,19a0a7d7718277e63692c8e9d4c11248a5e30a50
1088.0,8efbae917b9265fe12b07187c3923d7003600346
3662.0,3349c4914d8556ced05ba85a89868f2ffb78fd46
501.0,3afcbf160eff2a5ab6ac35a82e0719f972df8972
2341.0,4f689c41d9d5aa1161b185de9bd7fb6d85b6cc25
1431.0,aaebe9fe252454a319de1f0e583d0e5a8635e399
2286.0,65fc888172fbff89a8354e8926a69b4515766389
1733.0,4542bac4d43efbd2422a52714f96c0dedd08e2b4
808.0,1982c208ceebfd317e30ba16a40402850e97e1c9
3374.0,06507ed4e455dd8b94242d4477dce05b1d95c6c5
746.0,77753e9b73a8ed8f908e2877455f629ea6e7a6a4
1354.0,c282ab1ce2c93226ed8f1d44b565beb93391312f
2685.0,16d83d6bb413bec09a656a659b98d897e7abcc81
2393.0,c5d3f806d761432e87398d3ecab2f042a3ab617e
1242.0,e9160473093ce7b2a4e867de414a90a9094943fc
3694.0,6f2fdc5ac4ad869a21c4c0281d7fa1eb8aa5a689
435.0,561775cbf677f72d6d8d505af79c114bc750b6b7
2077.0,7bd54e9bd61dc6d02237fd5d473fa92030a1ff33
3498.0,a3e4395a42574386a15ef6ca1afa83ff9787608f
3564.0,2062d984abd3364557a6dcbd3300cfe3e4ecf156
2565.0,c2bac6de8c51b4ad687f04d5794ce9c6afdf38d8
1325.0,7ae1c5a8b928f29477796c24bf62e737cd577bcc
2301.0,5b96e00972b2799728470ef9a3b49a99dff22cda
1876.0,e048aa4e19d689104733783a19560a6a485a473c
3278.0,043443d2d3432d8c182f059cf2f30967eda73d1f
2963.0,0038a6796feaea05d9839520eb7f31f7f976fc47
3616.0,5b1d47f7e45ca6304009156882fcb6e4ebe55fbc
1010.0,8fd1825551b28ee967246ce9638fcad763bf616d
830.0,21f3ad267183f1e8347812c3b00e806cac562347
1429.0,06f2be3ae48e6a49f9e4528fc187dab0af0ac9a3
2068.0,fa087c89298e0c91abff45b3ee7033889d2dd5d7
2500.0,470112dd6e708a18eb4ec1daa10c4ea276620dbf
3059.0,4d37acad21b3877f4881daa55b808b809a391e84
2204.0,1add1f8a02976e070660d9ae0b877bc3f8a36e86
3111.0,855d59b68b71db78165e4d4e2905c280450b6214
1054.0,807067001f58272429fd67396ba2c2c5b2e85861
2811.0,b6a8f75c70a0aa72d907a37840213b84f3595f6c
3563.0,0d04b40d130a49cef0609ac95be48013528e97d9
2611.0,8c2c802f19cf220d6e177414d315dcc6be6ac759
816.0,2e17ad7fd42d8575f308af9c17496d38ceb72b5e
449.0,b31f2d9a640c154e41de6d9631e95cf105e96e1f
2962.0,70b45094ab3d62b919a84f8fb8376e6614a98dd3
1954.0,5f009374fd28aba381f375391b70ac131926bd9d
1813.0,b13e83a2f228625b66c04003a1df7f8e7fb4176d
1225.0,84efebd6be3809388160e8654d0fccc9ce0b2395
3206.0,3dc84ec4609de0c08fd159ebe991453309952fa8
3292.0,1a6696da70923b2433b588ddcde90fd31ec296a6
1743.0,d45445ed00f5d1839f19f66207ca276ebdc034c6
2348.0,9049755e3fac192d5c0cca5092a74a67e562cdc6
2636.0,4a7db6647407de076daf31f1dd766388128f9a3d
2994.0,ca23b7b40638c48a72e7be4ea5134984c399b502
3124.0,754b72957854e0b955fe973d169daa27a2f98ef1
2047.0,bd5e297aa9697f42a61682fe56f10eeb650e8540
2151.0,9900a72fe7992d873915af68f7d52148e738d032
3382.0,941bc9ff6019117c9aa341f809bef7e0e54d0ebf
88.0,a3a72e2d8d8df53164689fd84a5db2c6cd04f28a
2320.0,701faf0724d8aa18d7ed2907b63c143725dd3e7d
2848.0,0bb25eb3673904179e772f4b7376ecc7fbe4822f
2637.0,b0c1da1e7ee66084b429a413541e179299de31a2
3172.0,4260b7c2d3a9bf1332e22d18125f5f6157f61b5b
338.0,51e4a58a85bc1500d1400ba7d633d570f6296745
2662.0,8c0d8c1c147a2534c8ed60f7dc62080371126c18
2271.0,255375d72ce4f0eebb2ccdb7d10591c9abbf6d09
859.0,6347e75deea2eda444c60080fda3885c1fb7705d
1846.0,390cd5e4eec8340d74e8b72b2d51a5a3eeef3842
1872.0,2bde2065e646a67665cb4eaac3219e78524e29ad
3492.0,b074a2eec95aefd252af9be120078cfa6854a2d9
2580.0,26f413e1e55d3b57fa164114b39f6cf74669591a
689.0,8a968a9378b4db323af71683ccd09b810afc2bbb
2152.0,1636a4c410a1bf3713bc1da8d4de7ca66cdf1681
452.0,2262ce4915aec0dfffa8e71244ebe10f72d11111
71.0,7ea1b801cc1f7d09ee18e8d70957c9d34b870700
2709.0,5fba092c22bee738ad2818d587d75ae17be882d1
2297.0,0c949089566cfec9b0435ba6ada601acef8f09fa
2072.0,de1652467b0584fe9ee4060bc42101e8255838a3
2017.0,f4a1ca8fc87bd28ad75502a78005226899e08a2a
1532.0,671c1ee0022ebc561a86e7c18ba97b2b81c24ead
446.0,8740fff90781b3fd0fd9ec51a0b6a15a45f96489
2996.0,b78ebacca7500f625bf7ac48989073dc872a4418
3529.0,3d61fc44280e5e77ced09e0eba9634ae5e5f4727
30.0,f6da77e894a939b838e02fb744fa3031abfc96ec
1244.0,13bd8586e997bccc7d106006aaf82eca0c4c6d6d
2825.0,232e5c81bc722c3ea87f15d0f95f8b52f064fc4c
2135.0,49386ee69e92aa23edefbfff01fd425c5fbe33d1
2278.0,9dd0a0a29f3e384043369a4e902d2a55e311795f
3266.0,185d7cbab279ef7c27b46694b4b6d93a8d6f0421
2046.0,49ecc88d9949bed6297944cb4a3d115fa9727aab
1716.0,d5308bb80c47a645dfcc06588bf173b5c3a3887f
2854.0,914a033586becc94a4001a448107f02d547d81d7
1996.0,78a71a48dcb71cb930d747d9facef0dfa5a8f022
2837.0,827536e20ad2079f3f50db11aac03e037e98503e
2330.0,50c6df709800ac7504b71209564c8ce5b746d2b8
623.0,2b30900e2c007cf39b3d73a8ad53afe2f29a3a2c
2019.0,a40489e0ce89acef2a49b70a571143ef479ca235
1499.0,9ddd3e9084b9909fccdb42c55f637dc8b671beb7
1175.0,80283d6c590a5e54ee877813f33fb7bf3e02123d
1588.0,e7367c9bbf7187d1e3650093fd4aaf96d879a331
2610.0,94aaa2457927c59d4df2a616d24f640ee8454966
392.0,7ba5196ba6230feede5afc24d7eff4fd15742397
1112.0,c048aed65abdbf51955367b95242a53f0219853b
3513.0,bac908ef35338e78422c5edc0456a22d04debfc3
1235.0,70a33ed49bdc47cdb8e3af923ae315d63f406f0c
859.0,d4fec1454488687b574c545761c2869d3bb97ca6
938.0,c9bf9070370fb1cfeefab8a34f40351d6bd1bc26
3321.0,c074422cfdbcae3cef305631988288e13bbce2d1
253.0,ccd5ced70e48515e222b84dccc8f21d32c864dcd
743.0,3c5d7bab26cf63b677b23ad9f4620e3bb6bfc706
1303.0,5b9826615267fd75a954db40c1decc2a9dc40a99
2003.0,92ce20eeacf5de24803abaf70a3658806fa4d74f
3240.0,6e995f23792c1cc1809292c770d02797d80622fb
3162.0,7f782ba84e18d327ff25d40dc7d5719c8a036258
1262.0,eca53063862fd487dbce6e36fc42fae80f1494c3
946.0,4d9916e1a6e26e33ce2360f1d7ee41d95b79d995
1669.0,f267191cd81d67de3633b2d5bd4d9bfe4f44e0dd
2414.0,77b98a2762b358b1e90c350a33971a91f8a9375d
2324.0,c62b614d9cbe813d7803c8ecfea2b7bf5a6eaab9
332.0,f034d8d3451f590fca1badeac5da0230bed9b148
2554.0,27a7171d42c878d5d9094c0117466e862ff91000
108.0,2a73bbc436041875f81aeffd5b8f13c6da8fcf19
86.0,f5b8c082847baa8a902cef22c43a5d50d7a55bdc
2409.0,817903c9c1f4c5c6e063edc971ccc75c5c94af49
2317.0,e7cd68ba58b78309a342fbce68f6ef1edef3e5e5
1192.0,60fcc05c4705ccafa80fb997dd4e908e56894030
104.0,fda14678c07d036ef3a1984a4e346e793cc5a63c
2315.0,898c8621b175ade4c623ec61d04f24e02c05e0e6
2031.0,7186a5aaf571e1d08a617138867998cbea518522
2591.0,f2cf4d04494cd9d57da6be05debc0967888dd927
3659.0,9075da126c9a983917b9779dbc826841813eee3c
897.0,ba36d57729c413ba41aa0b9504f3300c43bcd483
2398.0,641fdeaf989c31125289390fe62601b879d1fae1
1827.0,70de011d5102bea6b97010643cf36698f94f97fb
2228.0,a63a4cb034955f5d9c4b14f87a5337d94ba472a1
63.0,fe35105bec80bbb7cbba1b1d6414612fe85873cd
2364.0,9d829934226a34c866ef56e6dacc15c423dd02cd
3019.0,7e65f1c5f13f7f721c64f551d0022f6907a35b40
701.0,6309987dca72ebe62539ce7b851a072f4e4e9173
343.0,69e7a0a2a0391ed1bdd102deffbd98137790f959
3195.0,b0185a620522269acb9cbef01437acd01d2b551d
1851.0,5cf261a2876cd311c7abe17c14da733a48a4343d
2559.0,eab030f9f5f8f488362fd359a82e000991a1e7d5
381.0,56177bcbd16f9e73252d7af7c78d25dc60ed946d
2326.0,090109b63772669f838d4786ce9a2483e75478c0
2442.0,7d4703e98ab64fa29f6ca50b72ca5a4548121bb8
3305.0,d0df619263c3264d11fbb8a11698a2b73a08722c
1911.0,b8aca21a392c367522eedb93f248f68005c84908
1234.0,54def6265767f1ab134c75b18bd7c7a67a176a1d
885.0,9c434ebc679087ece3d7464e39878e29dabf1951
92.0,4a2d2ba3b8259165a97dc80890547f97d7e35ff5
388.0,92dbe3153a9e0c007ecd1987ccd5f3d796c901af
2937.0,db8cb31f2b2c39c1b0800926969c16d44b28ea38
3282.0,6665c91e6fad7df5997c8f3ae2136049062c1b7f
3182.0,dbd38404108f5c3c3cc31310a3eff24aa6b262c9
2647.0,d72612d11e4f4e5d682c8986acb42ae5e8e97e4a
3011.0,80f14e30a204a76520154a613998a926f920c0a4
20.0,f1603d33f266ab24eda604f76632fa604b91e3f9
39.0,c6e6792cd52022add8455fc792b2ca73c62d3d65
2607.0,e21abd9da5fa755d3af96091ab3a181b7d6498b5
731.0,c87735ff1bc30ed8c9e80d385ddb69ad5f4f4a12
1630.0,b3b5a98fd09f4c02828765a5968825ab4f11556a
2346.0,b7eca826aa94d87b85a998916f1ccc0d3b4591c6
90.0,e5008386b1a7e0ef3ebb5a4082bf2176d7169ab9
2928.0,d9fa28ba68809aec8df30c65d7ab1f8a5e0514c8
433.0,146088d58066f16ef4bc8172f8120402517c34d3
1878.0,3d72099dcd8dfdf127c23e7104c19bd70ea18f82
2305.0,54a18a5e94116342b2f16a8d558cce366b644a64
2319.0,39f7aaa41678bbd110365a55453dd5e395655bb8
2729.0,32e813f728ca5d8ac662231d8fb1aceafcd85412
1144.0,60260eb0f0954ceddad559161445848214a50ec5
1418.0,dac45f6c5d2dc69a59561dc70579cc16a980bd21
687.0,5997890c6996a5eaebc14fff5642ae55acf30cd4
3699.0,37551e6798aabefd549340a7d3840b7648b413c7
3401.0,af5743f6bd2a62072657830d3585b98680e1c203
3247.0,d4b688bd035b9704b3168b28fed39c8fcfe3b997
433.0,f4a31db9f6a9b8bdfeb023f247eb6e8a42af3162
1912.0,c80ea941d06b0899b8ecdce6179e5b5259e1c5ac
709.0,6a8acc115e312e1e23e70b66d493b4cdc00d1133
2993.0,877da63462d9a7e270c295d898d689aacf155779
3579.0,cf5b1d028342a2f7c929a23d53367addf106064e
1032.0,ea73571a5464d254979d827f849a2d69b655adcc
1854.0,fa327fd4fadcca746b466dfd8dbd166a50d8efad
550.0,aecb760c6adb1ee9a32b6cca5b47920cb9bf9e1b
2314.0,e2067649551033c74e7937b89af9a9874a96d279
1510.0,595fb7e1fac3eea207816a700565f6a549e160d3
1882.0,f19d3bd67e0d8213013cf06f47d951c8735515c8
3398.0,8f422d2b5efe685bf67852b8f06672a32c1f07e6
3269.0,6cd92ebc323d7f3c8584f155c445696e8a2b057c
294.0,7155f11a723695352323d484610b9a1c6798eb69
3137.0,eadb99eb93aa21cae3ce907006e62818319fbff7
1509.0,37474871dc66ddd94f970740f773d9ffb6c0f4e2
438.0,d626787a3461edcebd38025269f74a5428f64edb
1014.0,470014a2cab1e7d416ac94445f8aa766eda72c93
80.0,f8f8463f3a0e260604b066de56b0a8c7d3a86db4
1560.0,00d6e339ec789e7b92007297e840a671a5e38a7b
725.0,3d9055b3b73b1d09f933bfd070f704e9e8bdff2a
2055.0,88120e9e9db38b6ccf851348542d5cd88e249881
2201.0,f5adb61b28f240effbba5a4686647c2af6e85b94
2764.0,72011908b530e53761694cfd60a7d4426d96143d
2208.0,5b7fd9ad889e54d4d694d310b559c921d7df75cf
3066.0,1c92c02c4a9762be059e930eb4b5a51488fd4037
3062.0,afb7e4ee5f6e9cb8a1a937458cb39ee312e172ae
1781.0,de25e98f917ae441d186e8a722a0f40a6c7458f2
2530.0,03a2996bb89a0f35f82beb389788539ceb58ba46
2738.0,27d56c1df5fc977e17806b466dc74dfa9a98689b
1441.0,e99fec26ab1e8b11d93a84ed0b74c3406b01494d
617.0,17fc38c397aeea01165275f6811e34989f2ff00d
879.0,280d8659601a5e3b8dab77231d9f9fc16f5cd1ce
519.0,1f82d02b33dad8ac7a4aa49e690767027690fe1a
2870.0,93e4b714a179c7132b505dfbcd835e7aab542a56
