issue_id,commit_id
647.0,b273d1375500a436ba09d80688f50766d51d6b6f
1026.0,30c788917bf083aae6c4331ee102f8785c69432a
1193.0,106c6c7bf889b0db5fe85eba31f3f7f6b52a0895
240.0,637f41d8ed42e3acd908bd6d8cb7297b58f45ccf
1157.0,e9874e2f96c27e24aafbc54436465abd8f152f8a
398.0,203c1e939e40fe2da6dbfde3d0f3e92f750315a7
892.0,93c14f844ee33e4d47ae07688f0e5ca7219df7de
862.0,be246928123ac5c354f4e0ceec067c227451eea6
663.0,91a3a9da6da1a8ca2ad27ac6e53062fa0aa802a9
539.0,eb536a6f64672e54e4dec346c8de602d7de435b9
