issue_id,commit_id
710.0,d62f1e5030fc5fca0428144b5b98b6438631b018
508.0,85d0ddb4564b40dc1283428e52c8a51bf0d0990b
762.0,1a2932ec0459325be1a531c280d3f26ec5d6cd7f
559.0,0c226e6e7e1b93b48ba3ba7ad9ade5ff38b06987
505.0,30de80223bb00cc33cf7c97c5afbdac17ab073d5
788.0,3bab2e5cae22390a85af0963b68ffa70d7b2f187
117.0,15a88ea05d5d14f250f17da6a3d87f9bb9000024
755.0,a255c1bde0b01da1510d2f3e65bd400f56bd0c6b
761.0,60f280b5ad6b2cc4c2419b2c7634d4ae253b53d6
699.0,e4d75fcfb6901af25f51261085a3da6ea770553e
1154.0,bc7a5d01001df69f9f0c3dfeb94cca92768ab696
938.0,b92743368bfc357f72a4046e899faef899ee9972
1194.0,77414aa9e75f89cca9d248d4c0f3b9f1959007c8
289.0,9a35e5ef05d5f623f5362f85be9d2f240e6cac19
69.0,5dad6e9b3ae8992ecbe1f90d3d561dc771853abd
703.0,43f072f16f4e21c2a19ec1f7fa7eb73667f102f4
596.0,1b6fee1f6e5ad1686f622758d6cecf2996dd3050
413.0,171da8fd4a99b1919712dd2e6691a4add429cc04
134.0,750206c779060ea8b1cf19e2058a87cd536363e2
299.0,f39eb99eb93b4fea7a4b4f1953bdc86be6994b36
944.0,a93ef6f76963a96d6de099656ea336bfea9b7405
315.0,687a8054818fa6869fb666adc62729eb82069208
1001.0,3eff3bbebd477a95c3a78fa54e876e1ca56805f0
321.0,9ab49a2145c5997e580bd718099e2ca9bca0cf06
364.0,1be884e83e6d9d4a90e8b0c7923df31728f0f628
790.0,64f056c61f512c81b71a8b18a23d7907d9b02549
436.0,e14e97e4cd45445400322b270b631ebb4424e7bb
885.0,d01b4eeb6479c951a8b0ee10e29099af9eaf6e5e
106.0,13f84bf83e0aa35c9fb9ca9fa3214fd470353327
973.0,3b9041fe36798639b4316fb3e413ac7a04c43da3
25.0,9632546c4b52362b21ddf9072c68f0b3411c6d1d
1152.0,0f3d4602efa2eda4cf5056d237cac36b2cc012ea
877.0,d971e49993ef3d0308e9f1f4466c87b0e8463bea
1170.0,936475258d501b7b1fed1c80080eabfae8179970
527.0,9e98896bb3557b9a3cd21b4d8369d5427b66b770
832.0,8138ae8e31ef2139774acf2d16d6a8f7e14f40cb
512.0,92cc469b7b49984026c15778e3045513cb1da202
367.0,9f2fced17bb01ce1f8170aecf4f87a0c3ab229dc
268.0,f7cfbaab1689b50640adb75476fa14800aaf9eae
1048.0,e9b18f9e84a5b26eb4a42633f6cee98597d70ad4
458.0,becd32cc4bf4424dcfaf4b9a495ad0ea97d29886
796.0,7c720a07652d705376af6bf4fcfe6a65e0df3ddc
1181.0,b994c757013a2cfc6cdb9407120e53d94e8906f0
1149.0,b6e2a229e5f122a9efa31666dee7965621eff031
639.0,5d2c084d1b0a12af240a45b7c396af3d18de0e7d
676.0,733a6073802775d2fcf9086ac73ec39fff8fd1e0
129.0,244c356116238de38bc24c21501ffc4103357e84
87.0,e57dee60a5ab6266ed375adce12df18e0a3dda0c
972.0,580ff415c8f611a9651878e1135922b62673535c
104.0,7b47919e3deb59100f4351584741140531068fc8
483.0,9c42a8ab29f0727cf82ecbf4946eba3007f4e21c
688.0,a238f0a891031261dd735e82d7713937155f1384
929.0,1ddeaf012b58c7d764c2d7a9aaf8531c0ac78ee1
878.0,16fb504ab9bbdeeb3fe98d94243f9f02a85de8e7
882.0,996a0863b91c688a7761f2684609c5663fb9f4ac
901.0,d5b0b6527bb7d962de7a7494b8335008e15cf23d
343.0,65998b263bf203f07fe3b0db4917b3d836e5d504
279.0,ae94c1640c833acd0a2d5fd8dc2b037d84e02bce
326.0,cec4e0bd0e2008bac9843b80f1690de4b3a5d45f
1095.0,67799b98ab2d6ced76b8e46c4d857943225beab9
984.0,b3bf7ec188b7f924a7df1b2884440444be7e1e08
740.0,0ea4c177c559ab467848af2af398bd66d46dfe95
673.0,56af64585f4f033c25cd574072185c85c26e52a2
633.0,2a83436f14dd8c9d4dbad4889c530b5398463dfc
1009.0,1c66dece59d4595eee3fb33d2609e2e288a28ff4
916.0,97b7d22599deec4b6ddf4bd11a55aff0f93dc6fd
557.0,28d01e44ae4b7741c461116d660b05bc27b5ab60
670.0,534dbbfce193451a00628167e0f50e36f191fa0b
350.0,fe6752d1f293346e6f1d3c47e12fa6a68503d6c6
1061.0,df4dd005857aba57353d7ff35040712ddc60c5bb
808.0,f6742261719662d71439abe9b83dc1f103a2337a
496.0,ab91b83723901ea6b9a52be329f258901f612c6b
391.0,6bb6e90f83929d26b3412e5859399dcfb72d4a62
956.0,12ad10f6975d9651d0c696a021fc982c2c5de861
126.0,05865f4b39e4af2087ae89382bbc9e4c42f69564
820.0,a3c0d131d7029e3058b4beec8f02fc60a6efc955
269.0,a37713ff0754bafffb6ca7098b99d4fbb4968e8d
1196.0,41dd24e8da9a812cb41e022c33dbe9835361d7b6
606.0,a2f1f6352352a8993b391df10a8740ab3c366585
441.0,a27fe8f0508bd441c1af87015bddf6450ade9168
830.0,885373496002b0400c1d7ade50330b969ec67ffb
1092.0,b2ebe0e95c6b9f28574804d5f1ea8d689ccd5211
62.0,f444e3dbe1fb1afacef12f6545693c580cad73a2
359.0,e08c54dafb6941bea4465f94b46f2cfaff3f9497
903.0,5491d288fc7ea3a512a69c1da0b27d0d77c107e4
165.0,1e3a5a1338b6158ccca97d608898f79ed3c627ed
603.0,d923ab3efdc0c39d517e797e39d1cc19e2e2da28
858.0,a91afadccfea9fc2063f46989fb1b5028d30b6ee
824.0,460d9a418ecf95e06fe800a37a02a186ba8fc0ae
819.0,ee3ea177a8550d43e8dc2020dfb3f86045d3d5a8
818.0,c664738a79f20e2c2919177a667d586e4f802368
763.0,058b9947e4e587c9eb54f4797b1a1596fdb98cb6
190.0,049c51b97100f9f8e149859faad794937ed7dc93
889.0,9a543d05f98a927ea783f2d060c8533d6e7820fe
513.0,52bac9af854f3e0222ee0569b4206acd3bdaa804
259.0,44528026d292737641ce8011b5096ade8f87a9a6
911.0,992deefbba7d71b27467e656e88adf37382c8c62
127.0,6944ef60f83e7e116aa687a972b5402f1a1bbe04
421.0,5dde125d9399296ae91eff7267651af7e70b4063
50.0,835a24252f6c31846349bd84fd2d543cb8046556
541.0,d947031e9968493f59fdc97ab0236cc1d8b6ee06
891.0,9e54a9ef5625161f3b7d6ec49b00eda7672ceb5e
487.0,64c50cfd35016b24d09f1fcf60e8d6fc2d0685b4
598.0,4d149e827d3ffee210a898689ecd48a66c80fbd1
713.0,11959265eef44ec984297aa3a5ee39ca5e8e3ffa
876.0,a7fa9cb29f22d62ec189a059142e600e0a1fa75b
376.0,54acaed24f4600f999d823568f13ca146fc60e1b
387.0,eded7675dd4046ac64a95a1425e86eaa046bc705
400.0,a5cf7d9ba273854d9ad5dfba8a3d3a57ded651fe
452.0,1fc381a84316bbbd9cb938e09bb9290d52a5bc85
83.0,1464a3396f7f9dd8737b97963a33cd1afeef421b
764.0,323fda4b9cad52f5fbfe491f54fbe27b746c5b06
319.0,e3e7b20d0eaa0684a9af71d7a2403afe101a6535
857.0,7ea910236a39fc9aa74e64515c3795951ef5d502
502.0,8d426c2db6391b3e0dea145998aebefee94a5376
14.0,4255e4e654af4d68765204cf6b2929e86306c292
208.0,0b1707bc9de935908a1b2c80d329318e44daeb4f
727.0,ec9873fa85fddc330e55de4ab792bff799fe7c29
613.0,9bde65edda7a917a14c0f649e3f6748017e0db62
51.0,1f850df753cae1b24c5be218c73728abd18ef89c
884.0,644ad1a963ee3de3d5aba02b4afb0e9effd4b42d
574.0,979d07097f3762bedc7259fb1350e89e3c367060
270.0,31b867f632acd87636af9a38d68a5d4cd80acda3
714.0,666aeee79f849d4a8d02d2860b2f33a9bd105e93
881.0,0ad1a9a60c5d4d0881ec12321246b0139fcd57f5
223.0,bcd271743d0dcc6530b784f567f8254b81bb83ab
290.0,791b7710989b58832299b387cbe15bce776dd04d
875.0,5eb0fd5ddcdf0b77ad30d7aaf051e5fd013e2f7d
1054.0,300febccdd9f6ac36dd2124d35bf974cf950a703
482.0,60adc95ef1377f79f9cf7555b0e15762c7dbef70
317.0,e97cc6586d4976eebe30d343f729cf622ad8c558
517.0,6b29ad862ca292cf1482236934c111783bcdc9d5
583.0,ab6efc7457bc2d764610b0bbcc8cc464925b18f0
199.0,c7f173d4ca97819f9db5b1c704a09a82e5106e62
668.0,7e5ae94dba1bdc5358adad3bc7a427f92436d3a2
124.0,c2d539df8aaba9bc15031cb9234f401694e0d5ee
642.0,9cc58b7087eb31eb1ca142a0fe4cab7814b43437
1031.0,629a931aedd290bcf69ddcb6ac1e0fd807b5a448
42.0,f01fea4c4b039364d1afacb8262b7ac5826f3916
1139.0,77a361966a6cbe73ba153710f10f32cc27d167f5
961.0,462443a2d1d34d686eb11dd1b9b490c062e688a4
510.0,a9c209df7a046846a16930124a865432d7caf2a1
456.0,bc21511c5cce21aebae0e432ec52b963be180ab0
982.0,0cae7e20361dbee41fb8f79d7ee9c763d17d51e1
897.0,3fbe8e7cb3ca57fd8656890ea7855da62d2ea03e
831.0,327f15afc3fcbd556b87a5b568b2b6c983519bdd
741.0,3081caa1aafde076a8472d62091d131dd8ee72c8
380.0,c7ac5d248308f1379c0e5fbb03587532457116b2
74.0,e2419c50f6a43f5476aa0e9c0725925e1b0670f6
774.0,3995e37a86cc70b2698fe4ca883aac90201af48d
490.0,c53221c38574711cdbd9e30ab1705967d4e96288
624.0,44c7eb10c6532e45df66dbb552408455480156c6
568.0,db496fb35456a907ff1dc4b460947bd80cb4f37c
1112.0,f3dc23a94b57ccd7c1909dc32174b3bc8c501919
773.0,1e77eab21b8e3b6592007123bf1daec759bdb5e5
342.0,6e1bc6fcd1970b5f566d5b264ebc52bbd5858dad
361.0,764f69a47bc242383e992502491a1ae0012f13a0
1065.0,6d6ab3dab755759ea51ffdc7e7cc2e49379eca4f
397.0,d7b1e5eb91b65d3807fbf921ae51898ce3973b14
305.0,6255017b145df5cc0d09b975e4f257590666a089
302.0,e0c3545dc3e44b59d8fbc540187ad491a5dfff27
732.0,9d74cd138d6a023cd5e8d94aec92ab984c0a5e57
395.0,00df5b44c9f0291cfadcc0e8e101e8208578350a
771.0,99c9040c3dad802fd0825dc10a6b09b0e3beb017
626.0,6a42d4e91eb33b15369a0113e66a93dbe9e6c029
479.0,96747e44d46d99a91879587d311578ecd4664645
1040.0,9a53fe859acbbf833c05f14e673d5cc76e5fe135
65.0,5c56855d6ffec63139b1e53b0b476f910b84766c
231.0,e4f571970c8da2c4ac68f8b5fb751ff13cd3b154
