issue_id,commit_id
134.0,750206c779060ea8b1cf19e2058a87cd536363e2
620.0,062d9dcc2e262d8ceb4cdbca3241a1fb9875e5dd
735.0,018f495f10c1e07191819a2cf11232a9b3f61327
972.0,580ff415c8f611a9651878e1135922b62673535c
644.0,132f2bd7583326f75a8673b9b69b08a7e7c0960f
262.0,cb9905a44e78b2fa257fc5308341a2d010a306c7
276.0,198599daccae583939a7219d93699bbd32d13525
529.0,33eade861e9aea83ca7fda262026312d2873f302
1173.0,bcb0c8bce776a5eba9f5425c57c2ec8385f10e94
1198.0,223015a1facba4c2bfa1873235998cd845f0715e
133.0,591534cfc8998dcdc1c40beca4f4895074ed7099
42.0,f01fea4c4b039364d1afacb8262b7ac5826f3916
187.0,9ea8cadaccc55f10a8bec5804573f740d51bdfbb
1052.0,580639904c07c4b29376a144d15fa00f4cd39b9e
750.0,64f1a6d317d0ecaa620ebb586fc9a62fa2a4f318
170.0,55120a99589eaf896a4b56cf347affb686445f33
872.0,f36635f4dc1764fd3b29919e925b7681ddc28ffa
899.0,2e6e0e4acd66d4a29b64c9f3a5a08b5a9527ae80
528.0,7ce6df95ab9a6aeab8e3d0c268568063624849b3
912.0,d2ab7c2353eead864d8d30b6b98005e88e03a3ae
172.0,7e61c6ddfcc1680d67113dde6f45977d428ce903
324.0,4b644bf2f130ea34dc11e13ca4a3dde6e0cfeab7
641.0,b07d63be4c5cdc53f008575cdbda67b310a2eebf
1118.0,0f969aba0cbf9b1a93c679a442e74e13f00a1702
543.0,6894c8ecaac64f4b5baaa383ea689e658782d05e
209.0,09abde0ce69538dc5068d017ad683e9be1380527
891.0,9e54a9ef5625161f3b7d6ec49b00eda7672ceb5e
321.0,9ab49a2145c5997e580bd718099e2ca9bca0cf06
730.0,af27c34521b183db4a11dfc5e69a84c7a1759dc6
907.0,dcd2d039888a4a9e268ac63cb32005d7bc412985
762.0,1a2932ec0459325be1a531c280d3f26ec5d6cd7f
656.0,4904a982dd9970f843a0c368d62de55cd6f1c0a4
1031.0,6763433a687cc651d9ce5c97eeb81d83c4d34f71
458.0,becd32cc4bf4424dcfaf4b9a495ad0ea97d29886
85.0,2039349597bd2a6831e568d294d894bf34d072a0
668.0,7e5ae94dba1bdc5358adad3bc7a427f92436d3a2
671.0,915dd237450120c6b658c95b4a87b575b8df0cbc
490.0,c53221c38574711cdbd9e30ab1705967d4e96288
368.0,4055b726cca8d3c698968a96111050fade53995e
1048.0,b401b16d9a4332b3af64a5ce12c8ce6727885917
827.0,22773b8b32803b6365874998a291ac8595f16e3d
975.0,7b03f8e2043682aa2d1c06e0f7e8258b2f9c43c5
350.0,fe6752d1f293346e6f1d3c47e12fa6a68503d6c6
1078.0,f85642da67285a2b1d991d1d0970d261a715efb1
873.0,8e12ea5e0fd32dc5ef3b757d555c9ce1fa5123bf
879.0,f8757c6f59b063786f7ab52479665cccb8ce21c7
948.0,8428e3fff18a870b881c6b664034af863973974b
930.0,392491a74d2d8abcb2c0db5230fc7f11502c6ba9
513.0,52bac9af854f3e0222ee0569b4206acd3bdaa804
901.0,d5b0b6527bb7d962de7a7494b8335008e15cf23d
869.0,2f344ca6d27312bc47c2caff35a273590fb7b2ac
1181.0,b994c757013a2cfc6cdb9407120e53d94e8906f0
1195.0,df1b40ca2220b0211e8a86805788c70f674a1f1f
642.0,9cc58b7087eb31eb1ca142a0fe4cab7814b43437
946.0,819f66e5b550e8881f2a650c0d70bcaa01af8ecb
741.0,3081caa1aafde076a8472d62091d131dd8ee72c8
938.0,b92743368bfc357f72a4046e899faef899ee9972
117.0,15a88ea05d5d14f250f17da6a3d87f9bb9000024
688.0,a238f0a891031261dd735e82d7713937155f1384
630.0,77e21b03791cce0a52ca3ac3591f0c797c5e9134
391.0,6bb6e90f83929d26b3412e5859399dcfb72d4a62
92.0,97b36a993d5481c71824088834c66f3164a286ad
819.0,ee3ea177a8550d43e8dc2020dfb3f86045d3d5a8
660.0,da434103cc3d61180b876bc965b4bf71f670a83b
973.0,3b9041fe36798639b4316fb3e413ac7a04c43da3
1060.0,8c597751fdbc5a7082ec6f3053c1b066bbac5b3e
1062.0,a2ed5e46d17020f75b5d11fdcc22fa4090b2ccdb
118.0,72ab7f6e87deb2e2167ff4d0b69bd0d6537e14a4
441.0,a27fe8f0508bd441c1af87015bddf6450ade9168
480.0,2547ac8682f3ec1f95e1ff365f858bad6807de6d
62.0,f444e3dbe1fb1afacef12f6545693c580cad73a2
492.0,087fb1cb7d7c3c11026528f01859b76e35f2205f
978.0,f614cef7ed63fd7f2a9c44600f4d3c84f96c59d2
882.0,996a0863b91c688a7761f2684609c5663fb9f4ac
313.0,68aba40b2dfc9ae68657bcd2139a1897f3ab7f84
375.0,396eb2fdcab07a89d5f5f58f80b04526f16bf343
396.0,1f6f0186d363d73d26e81c84245715246d57e8b6
834.0,0feffcb7789df57b44fd1824d648d73689fe7c1c
1065.0,6d6ab3dab755759ea51ffdc7e7cc2e49379eca4f
603.0,d923ab3efdc0c39d517e797e39d1cc19e2e2da28
521.0,163b2e208712d1d463fa7475499c9f86f0301b6b
7.0,fe2832d8b0959e486c09d1be23c44e16e83d5fd3
306.0,8dfff69ec23be828d5681fae5fcd2c7b9391ced6
453.0,cd678d9756c88c2bc27ccde09136b76edadd2920
698.0,7eef21e3d371bd2a87bcd8a170e162991fa9cef1
732.0,9d74cd138d6a023cd5e8d94aec92ab984c0a5e57
915.0,abc8d51dd3814cff0b5b015677904fc1939d236b
847.0,6277ffd860bfb682807794f6b83c5e686283b592
461.0,484108c549c845bdcea263b80979a51b09760663
195.0,dc94ca382048339ffbb144da0a28f47d6b562dfb
858.0,fbf12c3ee3def0a47f040c545f0d3313d9209662
566.0,fee9074c8e809ee158cd8d3501cb90720b06c852
678.0,1b50f04a89dd7af7931c53ec41385f3c16135322
199.0,c7f173d4ca97819f9db5b1c704a09a82e5106e62
379.0,7ee8a9035821466640ba2700cf2de019a577cb31
210.0,cd1c9eaa7336c18f1229712fc4a1eb223640b83d
858.0,a91afadccfea9fc2063f46989fb1b5028d30b6ee
918.0,eefe294cc9f338ccaae63d63b07892653c745d77
876.0,a7fa9cb29f22d62ec189a059142e600e0a1fa75b
242.0,19cb4076f1c80caeb8e39825011d0651e8bb1f33
429.0,a54830fb654c3c415f20886f317e8a6443131368
780.0,b136196f29599c223db5323a8020ce3aad40d41c
155.0,4d60c92184f78e91bed729db0adb2a0272a9c6b5
665.0,efe905a2aa924592bec6bf38e5c20269cd0dd771
913.0,88e03042a61e0aa4ff32d685353ac9d70c4ada21
676.0,733a6073802775d2fcf9086ac73ec39fff8fd1e0
220.0,f12f2937ed3ba08c3558bf170006c97ceb7459df
413.0,171da8fd4a99b1919712dd2e6691a4add429cc04
596.0,1b6fee1f6e5ad1686f622758d6cecf2996dd3050
270.0,31b867f632acd87636af9a38d68a5d4cd80acda3
381.0,4e9fe6ad1c36bffd01aae4722cbf7609d230efe3
740.0,0ea4c177c559ab467848af2af398bd66d46dfe95
1094.0,88b829aa824deef1166e01ee5fa0ab8813e25cac
1058.0,10cc4ce2b9e1d745f3be91373f48ef6ea9ca7f88
734.0,a7a7d09f446cad7f34be04ceb47bd8512b9cd344
877.0,d971e49993ef3d0308e9f1f4466c87b0e8463bea
1112.0,f3dc23a94b57ccd7c1909dc32174b3bc8c501919
626.0,6a42d4e91eb33b15369a0113e66a93dbe9e6c029
1149.0,b6e2a229e5f122a9efa31666dee7965621eff031
960.0,589c2abdfb329d343f5fcc41f674993677f01607
848.0,5f23a764326b8a1edec59f60fe3baebdc7e510da
260.0,72d435338209917e2e9f6624af6591f995644b98
557.0,28d01e44ae4b7741c461116d660b05bc27b5ab60
477.0,289d960114ae59f8247f160e15871673b7751b3c
1.0,01fc25f919df5023eafe64e98bc6a7a87361debd
1116.0,199a0223e044ec3116879e67d2b924050e4afa78
344.0,e4c18532c3d9f9fbe0448d70a1f00559295b9eec
273.0,b245e8e0d378344fa24a4ea94e9098fa842387cc
649.0,7b14da9b4c5a61b4c852f9e3e13c2786317df50e
104.0,7b47919e3deb59100f4351584741140531068fc8
106.0,13f84bf83e0aa35c9fb9ca9fa3214fd470353327
151.0,b05a83cce2d7f401ae5f4efad47a63c465e0603f
388.0,d9c62b0925023ce3f255113dd22d615c94a71a05
364.0,1be884e83e6d9d4a90e8b0c7923df31728f0f628
747.0,007f75ef5e006d0b887a0c7b1f536b7852e92783
371.0,5e54956b7c1d597b6c83b2c7f54839e62f7c4b3b
1199.0,8f7e31450835bca5d9a8bb4de252efba6f4b7b10
1109.0,2bf01a77844532cce9686a45b227209f85646dde
317.0,e97cc6586d4976eebe30d343f729cf622ad8c558
602.0,72afbd8e77d0400c237b645e86638095532b2e65
929.0,1ddeaf012b58c7d764c2d7a9aaf8531c0ac78ee1
419.0,a05e9a571ded0b6ec3161112446524355c141d6a
670.0,534dbbfce193451a00628167e0f50e36f191fa0b
898.0,aee99b9a40e17b07a252e388aff7a016691a043c
223.0,bcd271743d0dcc6530b784f567f8254b81bb83ab
680.0,dc7e73524f7c9c6c9456ec1aa5499da84f8b7386
703.0,43f072f16f4e21c2a19ec1f7fa7eb73667f102f4
442.0,9d87e8fd6ffa4c0ab66dd6c399ee3a276302942a
1056.0,a5e607b6fc889afd3f8960ca3903ae16b641c304
962.0,0f0be9deab501b85f9d77d5233886505ba17abc5
928.0,b8f6974f14e9eb37023e944a943015ca932bff72
1031.0,7f44748149be47cc42261ff73465a82eb7174eca
1045.0,3fd91012f20faef6f823cae3b0ba970181e30c75
239.0,7440386f83fc2f51ec9e7abb4c5379f6a1fe31ed
587.0,0559c5119eb686f5fe59cea716381f404c6e0516
548.0,d7117dd4b55ea3956a543fd69f5af5f74d0fe3cf
881.0,0ad1a9a60c5d4d0881ec12321246b0139fcd57f5
539.0,eb536a6f64672e54e4dec346c8de602d7de435b9
49.0,3f78ce7d643e10034795cd51405dff39b944b1f5
1001.0,3eff3bbebd477a95c3a78fa54e876e1ca56805f0
517.0,6b29ad862ca292cf1482236934c111783bcdc9d5
1141.0,8fe316e5376738880c9cf4013f37ff357f428e19
12.0,f2ecb2ed6752fa6acd476c47f1e17eb4f0c2f051
862.0,be246928123ac5c354f4e0ceec067c227451eea6
279.0,ae94c1640c833acd0a2d5fd8dc2b037d84e02bce
435.0,f74e2f520f79f279807c122075aee3ccb8fcc6cb
383.0,8ba1efb9218e96788a7ac692c58292303256f4c3
693.0,5508d725b92284b78f3fc5c30db448ba68e3c4dd
315.0,687a8054818fa6869fb666adc62729eb82069208
302.0,e0c3545dc3e44b59d8fbc540187ad491a5dfff27
457.0,fea50b59dbc49b2f0c1ee6b963f71d19cfa846b3
328.0,376588597ecf47db932ed5fee432cf6a30cb8d97
105.0,c9f651ba39562bc7fa471f75fb859c26400b5dfe
884.0,644ad1a963ee3de3d5aba02b4afb0e9effd4b42d
574.0,979d07097f3762bedc7259fb1350e89e3c367060
617.0,fdda8c4e5d5009eb7bdeb7b556b84fe2dce2d850
255.0,0941ffc148ce65bd6c916f0ddc28f561cf2eec30
240.0,637f41d8ed42e3acd908bd6d8cb7297b58f45ccf
258.0,e187105f620891a026ce3739a9f0f568e6f1bc65
361.0,764f69a47bc242383e992502491a1ae0012f13a0
149.0,979b5e711adcfaabfe5d10087153490d8646d6f2
654.0,db634a459638f36cd9091677142dbdc476eca778
538.0,f77dafd17bf11d505d4afd120added2c7b242880
667.0,1e1d980ae2967a9fee14dfeb13a63cbe34769fd5
713.0,11959265eef44ec984297aa3a5ee39ca5e8e3ffa
589.0,a39f5c5cb38143e8d185e48af8315ed6e5d45bf4
483.0,9c42a8ab29f0727cf82ecbf4946eba3007f4e21c
897.0,3fbe8e7cb3ca57fd8656890ea7855da62d2ea03e
494.0,68f8f429390b50ddd33d503aa6bff8dd9cc6eb5d
254.0,6aefd3d2a5477ab60137dc521b0a1cf5ddf1418d
1107.0,a713b5d08b0fae4e55066f5438522a173f79606b
341.0,53d76659ee08df73baa823cb84603266b97d590e
572.0,6d15d46a310b29f9c0936347693dddc7001d2ebe
356.0,6166291c3e0a9eb97303ee5b5f06e2168c858dd6
6.0,181348fd4ef76cc5833539cf1ef432830ef7b85e
790.0,64f056c61f512c81b71a8b18a23d7907d9b02549
387.0,eded7675dd4046ac64a95a1425e86eaa046bc705
25.0,9632546c4b52362b21ddf9072c68f0b3411c6d1d
127.0,6944ef60f83e7e116aa687a972b5402f1a1bbe04
992.0,ef8aac61c476bd46747d3d4910a4d494a59fa375
956.0,a88c693c49feb9c9b9fe253e1e35adb10af2efa5
774.0,3995e37a86cc70b2698fe4ca883aac90201af48d
161.0,cb39a712f96e74b193f7c62da9d062b047703162
103.0,39a039fb8eb731495ef5774199502154a08e75ad
32.0,0238697de663d0045844195347d7aee08952183b
1157.0,e9874e2f96c27e24aafbc54436465abd8f152f8a
952.0,fcf0eb022ee81cc8e961c08c4a89742a9714cd63
449.0,f8ba5c6f54ae44aa5bf74b6ef6a3d9cb871ec524
1193.0,106c6c7bf889b0db5fe85eba31f3f7f6b52a0895
398.0,203c1e939e40fe2da6dbfde3d0f3e92f750315a7
158.0,bd4d3028ffefac942af1b5bbfec70ffddf3d753c
1044.0,eef0e0d65c01159c1754e72a060a557cacdecfdb
911.0,992deefbba7d71b27467e656e88adf37382c8c62
50.0,835a24252f6c31846349bd84fd2d543cb8046556
684.0,66cd634de462c685cd11d08b56e39289dbdd109e
645.0,5b2c3151e0c636ca3bf8c5632542167536ebe3d2
470.0,ccf3693be62dd8a79ced19ed9d69f0708d2b3d6f
325.0,0a02e774ff42d791326109549900eec13a0a88af
479.0,96747e44d46d99a91879587d311578ecd4664645
40.0,e4e9828640fc9046f65fb3791627a8ca91ad7e55
892.0,93c14f844ee33e4d47ae07688f0e5ca7219df7de
374.0,f074a4c6c05dd61d0ed625b507f671214542e477
666.0,ffc7f7a64f157526726c1b30311c8ca65fde82db
1122.0,901812a7bf1667117668e24211a99ab7b867b98d
202.0,7d4e57090c679e628259d5dab2fc9c0c33dfcb64
607.0,7110018a8bda23d9abadb6144d896fbbe589279c
970.0,923f2d64417ed8ab3b778b87a517e64c0534b6ec
679.0,eab935034e6b93cde75f273500d0361565aaa699
337.0,72b8e60d189bc2e1418cb7bef2eae7743729fdc5
425.0,218689dc20097d6ca275f3dc44caaf853fc3062e
843.0,9764219f6da245b5febb81b73f48dadd8a699471
1084.0,19c3e0eeb81f4a231d0ebfd2c18c47215f85e572
588.0,185620bb3fe891fa6e074555f256df4bb2c58c63
357.0,c9b86b225598e8899e2a0b96c9dd462f40fb8b1a
1153.0,fd775497547bb51e3d3b38590cbc83e54afd9508
1186.0,0c24e8bda226f3dbd6ccb0381515a9c903847249
300.0,1f147f5e7adf14daea1f59d2ebc88e7539c7e4a7
1126.0,51d4d4a04c1bc50238accb49788039e43b9b84d5
268.0,f7cfbaab1689b50640adb75476fa14800aaf9eae
65.0,5c56855d6ffec63139b1e53b0b476f910b84766c
1061.0,df4dd005857aba57353d7ff35040712ddc60c5bb
332.0,62fddef501465e7ffe4f4eec5562269b7fb5077c
525.0,3029ca6f67460a53a0d3ea62c35dbaec10749fa9
326.0,cec4e0bd0e2008bac9843b80f1690de4b3a5d45f
818.0,c664738a79f20e2c2919177a667d586e4f802368
208.0,0b1707bc9de935908a1b2c80d329318e44daeb4f
885.0,d01b4eeb6479c951a8b0ee10e29099af9eaf6e5e
89.0,447c54ea743478b375099ab0347b9bfff08e3f78
793.0,22223f87486b8f790165c05d816023f83f7c3456
267.0,71301c695587881d7d34647f32650df3e7329b06
355.0,748fcb76778b618d232b1c829f72d4ef65392441
363.0,981f3aadc79a301ccd391e805f3213ad47bab4cd
514.0,32029e27668dcdc6204bab8d8d64236962ecf973
631.0,67ed13498d2efb210ebdd8c284165eca637aaa46
497.0,30727196ed68a97b7b14b3bfd457337c4a7103ec
345.0,60a8d1b9bf4b70aa4ce48cbfbca593cdb5e853f7
554.0,fb23a1e4ec0eb4b76fe30b3f86f1ba05e934f369
244.0,f20c498b1bf63cbdc16720cee9b787fd911705a8
549.0,51fe5fafbf5fa8db0757473313419a4eca9642ca
808.0,f6742261719662d71439abe9b83dc1f103a2337a
770.0,244043b49d3dc0fcada5aa7a043716de7d19f2d8
624.0,44c7eb10c6532e45df66dbb552408455480156c6
523.0,71b01cedd00a9a6c9a5b835025f110e567a13c8c
74.0,e2419c50f6a43f5476aa0e9c0725925e1b0670f6
977.0,9494ef705003a99b2053f2b4084e9346b6c279a0
1123.0,2b55da84812f94bc98d3586244f02749326062d5
916.0,97b7d22599deec4b6ddf4bd11a55aff0f93dc6fd
648.0,54d08ba9cd8f4c0db7931484c28fe8e3d29a586d
488.0,cd6d1d2f2a2423db74e18b149787b2efcca442a3
422.0,afcec9536b0853e89cffdedeb41b526f4029965d
655.0,83442f8ebf3b855ccc9ea691e6797dc63a5648bc
246.0,a8a7356c9b4e39b759153cabf7192fd1a1817e3d
677.0,5a8e5d21b635882375c7c77a9b2c6dd682d6d00d
51.0,1f850df753cae1b24c5be218c73728abd18ef89c
241.0,7156d2d5df5922ed729957f98a8ca26adfa83f44
451.0,18186f645228a73bf90e75f0397e1947fbb6f61b
910.0,b536c100e84dd27e4e6208dc42737810ed015d44
773.0,1e77eab21b8e3b6592007123bf1daec759bdb5e5
692.0,c9ade68443fe0195003ebcb7e62dbda94d35dc84
224.0,51be1f391af44531823da4c6e158a216f3de5457
360.0,0f69f8cd232f27edd8795fc8c215ba01c414c109
729.0,f4d6adfc2c7c34799711c5ed7d425c55f9719e4a
204.0,fbe25db9cf1a863b8910a614150463c86a240aba
944.0,a93ef6f76963a96d6de099656ea336bfea9b7405
83.0,1464a3396f7f9dd8737b97963a33cd1afeef421b
69.0,5dad6e9b3ae8992ecbe1f90d3d561dc771853abd
448.0,5f4bded5999b0e93097384be029f0e6912425e8a
198.0,4161f66ccaacc57b445f1a1add35c429de84c63a
744.0,fd5e0302438ed28d6b676261a4158debfd44058d
830.0,885373496002b0400c1d7ade50330b969ec67ffb
633.0,2a83436f14dd8c9d4dbad4889c530b5398463dfc
95.0,21486c5b0aa9ecb8c8639e4b4e020e8065804515
476.0,c3a7284bc8bbd58b68dd885b5339d8c29685bd6d
788.0,3bab2e5cae22390a85af0963b68ffa70d7b2f187
583.0,ab6efc7457bc2d764610b0bbcc8cc464925b18f0
1154.0,bc7a5d01001df69f9f0c3dfeb94cca92768ab696
400.0,a5cf7d9ba273854d9ad5dfba8a3d3a57ded651fe
405.0,c6668bc23572855a9cbc22ddda20c106b3a87b90
761.0,60f280b5ad6b2cc4c2419b2c7634d4ae253b53d6
661.0,13be7e295be87cad9a1198e71bfe3ed9ca1556bb
553.0,ab6e54b2cf5fd3badb1a31143146b36beaeb88d9
516.0,f912633d6ded6ed563f8b8ba88525839afa20031
687.0,b9ad881b67a1f64c2303eb0bb1b2145f32475ea6
502.0,8d426c2db6391b3e0dea145998aebefee94a5376
686.0,bad238f9964b31ceb3f1801d7a5e47c1b2549383
407.0,f0b8c71f66dad8a06e3d5e9d4a379d955fc879f9
1026.0,30c788917bf083aae6c4331ee102f8785c69432a
289.0,9a35e5ef05d5f623f5362f85be9d2f240e6cac19
552.0,c125c0455775564ef42b93156819d4d1d43115dd
190.0,049c51b97100f9f8e149859faad794937ed7dc93
299.0,f39eb99eb93b4fea7a4b4f1953bdc86be6994b36
311.0,a25dc906afb675a2b9d9095553be05df84153459
699.0,e4d75fcfb6901af25f51261085a3da6ea770553e
639.0,5d2c084d1b0a12af240a45b7c396af3d18de0e7d
319.0,e3e7b20d0eaa0684a9af71d7a2403afe101a6535
1023.0,80f440e91c1276f98463dd66007bfd9a7a59a878
452.0,1fc381a84316bbbd9cb938e09bb9290d52a5bc85
825.0,64f42f211de19b8b80ac15425f863d959e9a23a6
1039.0,4af4e33e31dc800a8ebaed517e0a781fa3dbb437
376.0,54acaed24f4600f999d823568f13ca146fc60e1b
125.0,a1cad195ece7289e147fb5c15f0753351291d0ad
1187.0,4a98b37877050d0ff8cf475dc2fb8b3a93c7da89
664.0,dcd9cbac4f3492b674b414c9bc1ddc54cbf61c98
694.0,7858cbc4736a9caaa3cfb0274695a29cf04eb319
505.0,30de80223bb00cc33cf7c97c5afbdac17ab073d5
800.0,d1866191b8e7c4e4f9279ebff5de2628a7656289
777.0,8c8b6816ca9bea1d4611e23ad73a22018605371a
681.0,a85b68962e0ae5cc2e10db4f0da09f1ac856a758
177.0,a80eb4ea199de413b9b5fe181647316e837b7eaa
836.0,a6d07e707a1f50b6e1efc20f968570c8bcc0a77d
397.0,d7b1e5eb91b65d3807fbf921ae51898ce3973b14
771.0,99c9040c3dad802fd0825dc10a6b09b0e3beb017
367.0,9f2fced17bb01ce1f8170aecf4f87a0c3ab229dc
530.0,fc31362f0ee2e1ef807408c53d6a0cce478b6240
512.0,92cc469b7b49984026c15778e3045513cb1da202
886.0,d403189db7a216093473f9677da7608fc4e8bcb3
1049.0,8cb7009bcd0f0062942932c853706a36178f566c
647.0,b273d1375500a436ba09d80688f50766d51d6b6f
