issue_id,commit_id
495.0,d90f0afe39724040d0be92df054e2b1438886134
3541.0,f991a898100359684111be1ddef7bb60ab6f0f9a
1860.0,047efac537abad9e3880f545d8b767f6e6be3786
1138.0,1d55b8983efdc840b83ae6ccc4e496165010c8d1
3082.0,0b5b4a66ef99c8b91569dd9b9b34911834689d3f
427.0,1d1db80e062bb576cd542a7a3ca990360c5b57ba
2555.0,05e3840cc2a3ac6233edacc75fb38ff866d6bcbd
294.0,7155f11a723695352323d484610b9a1c6798eb69
891.0,544118bef94e647258a997ac3b1ae04625164ed7
981.0,9f2b3d815ec39279bfb838221580a36378a0de20
3142.0,8609b7d840b2430ade985465d87cd9e2f09d477a
2296.0,88b0213357d5ced865d5bfc4d54e9b14f2bbe146
743.0,3c5d7bab26cf63b677b23ad9f4620e3bb6bfc706
2282.0,ff361d32a9154531e1796c2e000e23f9d66ddcca
2668.0,47a00864c35f3266fa098744c65496bec601977b
1532.0,671c1ee0022ebc561a86e7c18ba97b2b81c24ead
18.0,8d49440d8b881b2df2c10085a58d3a4e4085147e
1010.0,8fd1825551b28ee967246ce9638fcad763bf616d
3391.0,4bceeccfffd09cd6d02489988444e25b07f32ae0
1050.0,32d32249d51f37ec53779372ad23616efbf4d74b
571.0,9a0f6519aaa14aa8f6d0a076e269e8ca8b1668aa
1222.0,a1b273658da6b8ec1d8106d30dfc05e1c9542406
1911.0,b8aca21a392c367522eedb93f248f68005c84908
297.0,a950f936875fcf7acd64e66273485f770b09c626
2934.0,38a391815b4936e9357834bb4924e09fc4384e9a
2414.0,77b98a2762b358b1e90c350a33971a91f8a9375d
2149.0,6c9ff85c3f3c98ea85da5f789c092ad7926af0b5
1621.0,c72e7c7c70f1553295022c70d5058ed11932c16a
594.0,ee76129812419d473eb62434051e81d5855255b6
2222.0,c935eaceafebaf167f6422fdbd0de3b6bbb96bdf
856.0,5207c69064898f513c0b08110514f3fd39e5a4a5
3246.0,3db469795996523cf834c07684b0eff540227aba
1996.0,78a71a48dcb71cb930d747d9facef0dfa5a8f022
3376.0,e0079490176f080a9a4e52d4edc67e370992d943
2436.0,c74f46979a8b8358437bd7f76e478d04248a9c72
1264.0,86525d9b374efd00a97a9c3e9586425a356a6bcc
997.0,ff3ef8511ed7c507ade5ebdebced7177665a3414
19.0,a9284afde97c30d136e8ec675794c7cdcf4ca277
1144.0,60260eb0f0954ceddad559161445848214a50ec5
332.0,f034d8d3451f590fca1badeac5da0230bed9b148
1342.0,1dcad60051d5f8ce833b7ab6a37529c6c4a96d96
1942.0,17685da8c069a1698b893cb6f5e41957f77894d2
859.0,2aa26fff04a98f2435e8e3015e92ef6108d3b485
779.0,05dbf52fa586ccd86a7d774e918faa5e9ae414a5
3174.0,8ef56c8c6d0be4d4a9e844c723e70810a0be2fbc
102.0,38107c752cf959ad69cf4f35886946bc947f2bd3
2354.0,3b678b7927e38af1f50cfaa60e1c2fdeaf391325
739.0,d395d3684a6b9243ffd9091ea9b28275d90aeb91
2238.0,78cb96fde0ffb9d6ce67b8f5c850c7a60cab86b3
56.0,707b30749daf407c07b5b265bd892564576ad80a
3261.0,46a67b6789ceb3ba814afdb72ed7770033858a73
228.0,e3d577cc2a87cee4e45f9939df1d6d5d99f4d943
44.0,cc8332e9d99c08b77614e5acd7bd0e6d08dc29b6
3684.0,2fa8eb3cfebd7d797f8d27bfd05ea5f63985665f
1338.0,6e6a3e8cfb5c8c6b6bcddeb0a045a8441a35ad0a
2089.0,36425d5f91b57210f7707de9564377fea93825b2
2450.0,8020d5eac9e4bb0e40a47b82ca95713ee78fc73c
653.0,dfdbc00eafb3e7578b81f82a59630f2e79691cee
515.0,9f055104ad1a8bfa29c8cccf830dea196b5a9344
105.0,faa1c71e455a99e9b098aa9bb4667c07a1bab6aa
2352.0,62406e667c8004cf0367a3ec5bcbed980cbc32bb
3616.0,5b1d47f7e45ca6304009156882fcb6e4ebe55fbc
1887.0,63ddf2d47997299002cda290821909c02ca80675
2180.0,bb0e755c808a8541192982ba7b86308b68ff7657
3554.0,cd8a3745047a4413387f1e8a6877fd35859e21be
550.0,aecb760c6adb1ee9a32b6cca5b47920cb9bf9e1b
3375.0,e17c3423bd306b04d27b6a2e53c80f1ac2179054
3564.0,2062d984abd3364557a6dcbd3300cfe3e4ecf156
2848.0,0bb25eb3673904179e772f4b7376ecc7fbe4822f
1090.0,b0f594efc9c6ae692b9b4732d40006b1d3c69d23
3248.0,53f5fd234b8a7377c401ae88e2fb6c29812715d5
811.0,da49f7398d80cdd34e7f0bce28ea119a19d8c81d
3492.0,b074a2eec95aefd252af9be120078cfa6854a2d9
1247.0,b24438b2c9df81db294d3c15681f7faf9a135970
1286.0,805692108ae973281d793250ca883cc1412ab08d
3168.0,e2f4b53396f4676978f86492dae5d3952446df89
1884.0,9121e109bdcd8b2a50bf53cac73b470232d126df
3243.0,6369537a49f55ba3c3e319b7d21b6c6a96e5d332
1117.0,02f0c755a36c382f210d6654b84316745ad2af00
3245.0,ab8d60d826f2e07f70973c754134fd9508232b8a
1051.0,367a168d867d9b1b36485c98d9c6e5ade1d85686
2322.0,cb94f4c5d3d4e1797207fd03d20d06c7bc0d05b4
782.0,fd9bf8f37609f220f4829050eed94df208543c56
2629.0,b16592aba0e9c60c9b3329c884bd9236a35168c0
3203.0,d68abe99f69f051435bfac1c040b3a4cef058adb
3292.0,1a6696da70923b2433b588ddcde90fd31ec296a6
3453.0,986871bf4eb85ae62124e71ed579b6baa0ddaeae
1441.0,e99fec26ab1e8b11d93a84ed0b74c3406b01494d
3182.0,dbd38404108f5c3c3cc31310a3eff24aa6b262c9
522.0,7b1c8fd15b619aee9eb6bc53dd50bd2d7e9bea3d
3305.0,d0df619263c3264d11fbb8a11698a2b73a08722c
2006.0,c4ec6954e57b1ab3cb5a0d178e6030f8bab6c149
3044.0,446cea9221e4f6d368a02a90cd105db0f8c9c7c9
1920.0,b7a0cc61c54dbfebf8c3b21634ec9e37596b1e9a
133.0,1c24b62727704016813a44d7c677ead0b6638c91
2917.0,d5665e4ba6cf4f7eabdc0be047952a27965a455f
1588.0,e7367c9bbf7187d1e3650093fd4aaf96d879a331
922.0,ea656a89099ee848c42c871a8407242d853c0a09
1165.0,bb94a612fddc66f8af8553b5ca5197b3a529b6e3
1240.0,6fcc2ae3f4536e4d2651c1a00abe2306212a5bfd
1343.0,f0b4b99930595f164c42f53ad9968071ad99c220
3129.0,bbedd6454094bc26edbcc95bab1ed3d05b4085ea
104.0,fda14678c07d036ef3a1984a4e346e793cc5a63c
1918.0,663d786f6888bbd308528284b6a26d433ef314ee
3410.0,42942ec2910420ff6107b9da839c93d9c422109c
3270.0,31d3c7e71941c3a1800f5e31064c9862da473d86
2490.0,0932d8f428ae6c7cb6615a6a146e417eb182ec4d
439.0,f43003967e2139ee6d89e7dcf267ba8d52200ac6
67.0,387be22f26b8065d29e311723bb8a50a74248534
3137.0,eadb99eb93aa21cae3ce907006e62818319fbff7
2073.0,2647fc7112ed79c1751a3d99491d7dcfe0aa4520
2213.0,5b83f11398c8d0f8f4158af05d187fc03508f01a
1878.0,3d72099dcd8dfdf127c23e7104c19bd70ea18f82
2373.0,1e112cccaa94dd47e43f9466d859730c412aff1a
609.0,fedc96c0b9a1c48d11819f03fc82065336af89a4
2259.0,39d55525ac8f674b40be5d1d3160b9fd33ce501a
886.0,cab514e9f17e68d66c61739325808dc5ed494e90
2606.0,8ff0cef6b9ecee2c0bc31774b33cb88632dc79db
2994.0,ca23b7b40638c48a72e7be4ea5134984c399b502
2072.0,de1652467b0584fe9ee4060bc42101e8255838a3
1509.0,37474871dc66ddd94f970740f773d9ffb6c0f4e2
3031.0,aef4159588be8bc245243c80e5032ccc79092f42
817.0,08931401e8fefa31af2432d27b2346a96ffe8e2c
246.0,4cb6eea8f1e1edc707874f72cbca43a0f698ec7d
2748.0,a6a6810d563949303bb820cdb83c63714bf98bcd
751.0,7f35fc293559e5c809de78909872896236100189
1827.0,70de011d5102bea6b97010643cf36698f94f97fb
2320.0,701faf0724d8aa18d7ed2907b63c143725dd3e7d
1811.0,bdbca923ef26424f605b4c744131512a5edb0f1e
70.0,3ab318a7ddca819e13d6d161b008b62b6583453e
1560.0,00d6e339ec789e7b92007297e840a671a5e38a7b
3560.0,a40c381ffdc4c28a19a0910c4da8ec54e3ae63cf
87.0,70dc2b66a0d02a23546ad8d48b7fca1c21997ae6
2993.0,877da63462d9a7e270c295d898d689aacf155779
2317.0,e7cd68ba58b78309a342fbce68f6ef1edef3e5e5
74.0,bc662a546ed9028d93482f79314e64beae19a1d6
1951.0,c54d67adee6f99113f525b376da4af27c3001321
2222.0,1d4448abe335741c61b3c8c5f99e1607a13f7e3d
702.0,ef62e8440e050bb8791505f66cf48f1b756571b1
614.0,f06c80a21508d827a6db1223ad4de253fde013a3
2409.0,817903c9c1f4c5c6e063edc971ccc75c5c94af49
876.0,7f5b6c692df34cedf28a01e46305ec5c22697a5a
1213.0,fe2d75e1f41efb49472d625ec7c366e7c242a2c2
2366.0,094b116c7fafd7716de2a4b729b756868f4db3ab
1886.0,f0c714a01bbba070dc0c7e034a2d174b2e904d16
2764.0,72011908b530e53761694cfd60a7d4426d96143d
843.0,36d70d8789954e9e3e5512d1df2215119279a7c4
2002.0,e6f9d2b41417b442946acfede9200d361ac401cc
921.0,76e2f9cd0396c71eedf7e3b1dabf60f36585722e
2199.0,06112a555a9398701d3269253355c214791e1eca
3281.0,5a04590e9c1f2aba03c2bd70a8b5fe1a18eecb56
2646.0,cc6c618f4d8a0ba4bc648f5a6ec226df4f8b7529
2607.0,e21abd9da5fa755d3af96091ab3a181b7d6498b5
3398.0,8f422d2b5efe685bf67852b8f06672a32c1f07e6
2326.0,090109b63772669f838d4786ce9a2483e75478c0
2861.0,345685c0143f030eda443d6c672ae1b705789027
1450.0,61f12d6a8d113ec1c20bfa518efc78dd5b4d564a
1079.0,7cfe833a50524e629542a82c8cd35b84cb1f9e9c
3674.0,3fe5eecc2b57406bc9f14dbcc4fb1a76ba4ebab1
253.0,ccd5ced70e48515e222b84dccc8f21d32c864dcd
1019.0,01e831f08279d69f29984abf74c0eeaa12579915
2258.0,71b7c4f5f89ea5e95dc7881797ca7d3a06b97e2f
2358.0,63129e8426ba0ab71a3500172ca04fb41ca67daa
519.0,1f82d02b33dad8ac7a4aa49e690767027690fe1a
3190.0,d0bfb065e5c2d00927ed192c4ea5d8a02b4e19d6
2610.0,94aaa2457927c59d4df2a616d24f640ee8454966
2591.0,f2cf4d04494cd9d57da6be05debc0967888dd927
931.0,e95cef66a3bd2d8ca751e36d111cf8f84dfc5586
2603.0,83b5625f0c1842a7837bc3326319a64b02a45e44
2622.0,f9c6f389ac71b1354a07925785ea4738bf5ba496
3229.0,240e398c8d2b46607f6e5c87b6e39eab50ad7796
148.0,4b65c7ed5a31d56e194817231eb88e1083ba285d
2324.0,c62b614d9cbe813d7803c8ecfea2b7bf5a6eaab9
3118.0,4091013ee1e0c126b803a2d76a085609675dc60b
2362.0,b80cf057fc2b41a5f642c222dbcb79ce28d3fe0e
3213.0,fe41c6c8aee865ca494b91914f877319b07effd9
623.0,2b30900e2c007cf39b3d73a8ad53afe2f29a3a2c
2319.0,39f7aaa41678bbd110365a55453dd5e395655bb8
2467.0,0a1090890f8425a69e5b004aceb04fd7527b8e35
667.0,b975dd4667ddbdf3733e6620d2329596db9dbfad
746.0,77753e9b73a8ed8f908e2877455f629ea6e7a6a4
2295.0,a0e38a8cf12ea2f7ea99f17c6568afdc1e634b72
1881.0,4f83f705e7a5f35381841148caf04b2829873faf
1631.0,0030f637c5efe5ebfba35b95f1ce592641d0f969
1358.0,3740ae492fa4a953abb86fefd025fe12f33fea92
2306.0,5b0b9717da958fd6325c675d92be4f6667796112
736.0,ee013e01b0f0007e4908458fbb8e60944c40a6b7
3299.0,d694eb443a6243e248df974e9cd64defb591bf38
2665.0,0cbe698958f81efe202e71ac07446b87ad694789
2286.0,65fc888172fbff89a8354e8926a69b4515766389
784.0,d56d96c8c253a86b5abe20d92584a50017470a06
2720.0,062745b23f7abaafb144e3d94b6fbdf8ccc456b9
3175.0,819368a52dc9eb0ba4e20195783f2807872dabad
3260.0,f7f1d9de3daa84ba968fd53553dc8fdb277219a3
2910.0,d493e3e083f7565f9b158b12445a994abe9a39cf
2277.0,c01ddc59b72658ec4efdce0f54c1df3f13dd03d7
591.0,39329bfc0788e1475038f9c65cb350daa45b39de
1872.0,fe5f714026b68b1416c3d3985bce5063901c320f
1192.0,60fcc05c4705ccafa80fb997dd4e908e56894030
12.0,88f671aaaef334caf3231095b119cac094ff5ffb
225.0,8e928a2fcbac6edca918e9d4efccc4fedb418292
2342.0,aeb82a404f2926613f83070e039de34cc5842b52
456.0,bb31188ec3882e9a6c6035b7a65ca257d424e31a
3406.0,2659f0a5e62c9a97ef37dc2ded3ca8fda3c53c9f
709.0,6a8acc115e312e1e23e70b66d493b4cdc00d1133
90.0,e5008386b1a7e0ef3ebb5a4082bf2176d7169ab9
2340.0,135f85a19137371cf4870dab1710618b61fe9183
3170.0,12ab9f9c0d8445d5bf2e79707f9ede194a6c6d03
2315.0,898c8621b175ade4c623ec61d04f24e02c05e0e6
1870.0,d88c08e56f7398206596129036b8f101be11cba0
309.0,7b899c85103996d861360a7ce42ab9a21bae3f48
1338.0,5fa76f6800fb81a621b63c42725c5502e2520302
3480.0,c12d9f8b490c56fcba7ad793249ab14441c544d6
3240.0,6e995f23792c1cc1809292c770d02797d80622fb
3694.0,6f2fdc5ac4ad869a21c4c0281d7fa1eb8aa5a689
2301.0,5b96e00972b2799728470ef9a3b49a99dff22cda
92.0,4a2d2ba3b8259165a97dc80890547f97d7e35ff5
1822.0,8d7e7aab31f0e3cf4d009376b6d210ae1a27785b
2706.0,8f5168cb31a34c54c9a751cb386b8615e03fb148
290.0,63876614b6734e6404f17c9d3d22b71b3f43d158
3462.0,982663d0631e1cb3bf4e66d567dc83373a3046dd
326.0,c6316132b173f96a6f5a90ff3b62f706f8a62560
16.0,36717b02731ad7d86ba8effbe27e70405e48cd9b
1520.0,ac12e362c4b7fd765b0f6ee6d1699d027ee9bffb
47.0,1264c458ae808d306aa03c51f70103e52dca107b
2825.0,232e5c81bc722c3ea87f15d0f95f8b52f064fc4c
2326.0,7c0b36f1467d2d8ea5fdc572d5edfce476a6eb89
417.0,71a97662663babca96365e01bc2017f9f178c95b
2636.0,4a7db6647407de076daf31f1dd766388128f9a3d
2877.0,21b0aa6dd8b471a72af942a84d58336e2dd68fcb
2707.0,e102e5cb3328e6a13aa8c1a1a492c54c4f6d7aba
2119.0,7f288371674b420ac2df8ff2313e3b469662ee41
3068.0,d7a1b0157aae0e60983c51c6f255772be11d43f3
2784.0,b83760675ded7124f8a7c2cc49fa8d7eea438233
1318.0,e3ba459abb026c536e60a3ba2dec3e30b53003f6
744.0,1fe20d32087cb3e0ae1139b7fca1545db64b8cff
351.0,d628df6ab6c57b34acfb412e135d0d095636c539
433.0,d94efc6db63516b7f72e58c34ae33700f3d9c4fb
221.0,63b5dab0fc889f490b9fee803ae67efa3df28a09
1456.0,e7d548595e8f2f03fb58c827bef8abae2f84aa59
2397.0,cce6e7dccc73c0bd86ab0c978a033bf85daa0845
86.0,f5b8c082847baa8a902cef22c43a5d50d7a55bdc
799.0,ab1be65c88b01f3318e42afd089006d24e083274
701.0,6309987dca72ebe62539ce7b851a072f4e4e9173
2256.0,970a8009f1842d6be8c04f3adea3c2ec97d7eff5
1988.0,71e10be28665eee6a919045f9e5d8773508dc756
3159.0,00ca5b7328fbc5b11594ad448343ba371142c43a
2635.0,f808c20139649b747f604492bc33b61a7dd3e13a
2957.0,4f32c6d4e37cda7a5053aa4f1527b6c340433778
1980.0,59104db2f2f0a507aea2625230e446361e2fc174
2022.0,3bd12b38a80362f6656b834ec04c95f1ba4d83e0
63.0,fe35105bec80bbb7cbba1b1d6414612fe85873cd
737.0,97815b999e831205b90018e81569b55ef8fd0043
2316.0,ce813ae5214acc91b1686e09559bb3fdc28a74e9
2556.0,b786585b8f5302d707a66fd306f0c79946b408f0
1814.0,87787b130b28b97848e57b2c838e92186755cd21
1733.0,4542bac4d43efbd2422a52714f96c0dedd08e2b4
73.0,d0357b44b02324b85af42052487eab13d0b75f81
2541.0,54f3d2131d2abd633288b4810eb95ba40b0a7956
2694.0,aab4c8c7452ba198c6096face53ac2b7cc6460b8
1150.0,01450efc25277e8832d1a00916af009db8a07dcf
2963.0,0038a6796feaea05d9839520eb7f31f7f976fc47
2374.0,d625d411047f335bb8586be3064c7c735ccb0cda
2314.0,e2067649551033c74e7937b89af9a9874a96d279
2210.0,d2a0b2911b9a32fb845d2ed174b677bd5833f917
687.0,5997890c6996a5eaebc14fff5642ae55acf30cd4
2151.0,9900a72fe7992d873915af68f7d52148e738d032
304.0,b209cd96f5865500c7002e127217fdf9ef9d2225
1234.0,54def6265767f1ab134c75b18bd7c7a67a176a1d
1483.0,5c68b24f645131993c2f474ee2e91b8845edb974
830.0,21f3ad267183f1e8347812c3b00e806cac562347
1813.0,b13e83a2f228625b66c04003a1df7f8e7fb4176d
2297.0,0c949089566cfec9b0435ba6ada601acef8f09fa
1748.0,1a7fd980f8579bd7d7d53c812a77c1dc64be52ba
237.0,46ecc57b7c29cd017fd841aef37c5d767cc538e0
2897.0,2308cba407884996047790bfb77f90ae17bdb2bc
2288.0,b11f7354d17ae4d7d11bc1b204cac98573f48965
2399.0,d13e41ddefb89d42fda61caf5921dc60b66403e1
75.0,a154c87cfca3e21316552b2ec558029f9c96122a
1917.0,d8c39f4b3753c0ebc93177661c43bfe35d7c019c
2077.0,7bd54e9bd61dc6d02237fd5d473fa92030a1ff33
3241.0,48d0e86313b479f97cec1a9869bdaf468c248666
2003.0,92ce20eeacf5de24803abaf70a3658806fa4d74f
1161.0,96d7cc933ae19133ac3cab535b0ea83c6dfecce4
41.0,854e0e26d16408760072308c44b9160a9fb39abd
2249.0,9569e8c9562fd6695d5ec83a5e33fa608d5d7166
1088.0,8efbae917b9265fe12b07187c3923d7003600346
2141.0,fca5577a0097e876e8f8e8d2f3961a40fa44bbeb
3278.0,043443d2d3432d8c182f059cf2f30967eda73d1f
1716.0,d5308bb80c47a645dfcc06588bf173b5c3a3887f
3620.0,51c87e6199b78cd3b4b33a5e47c7a135a772f10f
3659.0,9075da126c9a983917b9779dbc826841813eee3c
559.0,9d9f240df8da4b433c914e76b6ea2c7e82f3e320
617.0,17fc38c397aeea01165275f6811e34989f2ff00d
2323.0,849fc4b90c009d9bbbb604b2997d18340fb7ec2d
661.0,6ab569b0e3791cf04db7c333bbf5b78d33255dad
2363.0,45946028e77ed68d64869f565b688aff0914638c
1389.0,ecb8f81760db351957bd413181a86b375ec347b6
2209.0,6efea346dd54fa9adb65fc044d72e5ec8bdf4018
3237.0,cd4023d9d2ab630ce4f95856f065072ef8badb2b
380.0,b786eac5574e478d51314333fb6309456bff7b76
1112.0,c048aed65abdbf51955367b95242a53f0219853b
392.0,7ba5196ba6230feede5afc24d7eff4fd15742397
1502.0,cb9f64508148453dcfa4deaeb4ea95518f58cee0
1872.0,2bde2065e646a67665cb4eaac3219e78524e29ad
3691.0,f32f19162c936d94fb88f28f17f43dd9f195792b
2347.0,fb90c310b9c9099118c06a95183e38157727fa92
1164.0,67bee6153396954d7c17d3a90dfd132bba157c36
1418.0,dac45f6c5d2dc69a59561dc70579cc16a980bd21
3273.0,2675076cb77fb5d37f54aa05473157ae27be7c42
3594.0,21c3df31de4bc2f838c945bd37d185210d9bab1a
3269.0,6cd92ebc323d7f3c8584f155c445696e8a2b057c
2175.0,9e2807da76d756ca84b55213e799a124beb6a3fe
2228.0,a63a4cb034955f5d9c4b14f87a5337d94ba472a1
2331.0,471c7f3220f45f60a56515f9c1dc55c794b6ff36
164.0,0bf777ed81d5296fb722931d35e5db4333e3de39
1349.0,4082fe65f3ea553ef954b1cab0202259809e27e0
411.0,4e9b7867c989a1d1b0c03ddb2ea62d689b6abab1
2986.0,ded7cbe4294dde22e553d6a8035f414f0ce72f50
884.0,47a41b645f627b9b68c70c193cb322f56bb4c12c
2937.0,db8cb31f2b2c39c1b0800926969c16d44b28ea38
1898.0,74b3f7e04cf51df313aac47175b752663ab0ed44
3529.0,3d61fc44280e5e77ced09e0eba9634ae5e5f4727
2685.0,16d83d6bb413bec09a656a659b98d897e7abcc81
2837.0,827536e20ad2079f3f50db11aac03e037e98503e
2416.0,851eaa4db7cef513dae35286d816867d68a72049
3183.0,1dda032b00cb4f7a783e018a7c370ee88f15e797
3498.0,a3e4395a42574386a15ef6ca1afa83ff9787608f
2371.0,2c97ed985eaef9663bc72b1bc6b6d35c7d69e60d
2647.0,d72612d11e4f4e5d682c8986acb42ae5e8e97e4a
2019.0,a40489e0ce89acef2a49b70a571143ef479ca235
535.0,8339cb35082fc93d3a9c98616aed7fe0c1c642dc
3381.0,9bdc42d300c63f82cf3aad872d606434fcb8cb97
1889.0,64a37bb9b758630c0f2c649d82e10e849c095d48
1012.0,5c3b161c9e7c4cacfe789a8237b262a7549d37fa
3709.0,632f85b65354ad573bb33c54a0a9dd3ffcef371f
2592.0,2949306b7bc44e3f74e42e8277dfe13475b350eb
1206.0,46918d3cebceb611e21bec3b13412f3d18b6509f
859.0,d4fec1454488687b574c545761c2869d3bb97ca6
930.0,2506c0b9a96d48f14624acfa552fc88e38a542ae
2964.0,0f56c0cb04c4f63a1ed439cbb3fc49d8c83f8f65
324.0,7044b4beccec4380bc7e573559a08f4a8820afec
2754.0,8c9df3f4eb593cd4755b882d8f412a13ad97429a
2969.0,7e714bd28b6e96d82b2848b48cf8ff48b517b09b
1134.0,3c48bf893590fe87445a735584591201c3085e35
3185.0,7f98a28432f2059259a5b8e5088322fa8f42f829
2990.0,3bf80912cf959fe860528f75031fe9e4612e3848
531.0,7bc6eead47061d1135e420ec1a54eeaf702ed470
3435.0,d49cfb35d4bb45e94d8c7c1920e7be99e4e10dde
2031.0,7186a5aaf571e1d08a617138867998cbea518522
3065.0,a656025c3bbedb1d8092e553cc799bcde375db3a
369.0,f64098c784f93db9a60d7576cd4fefab8000dc97
1843.0,9c236d3b84332aef0c834266a0e3d2171fe5a7bd
3253.0,d5fea5fa1da0c56860e7023e4af3ba2eb0097dd7
3056.0,10d0ed68a342880ea355ba62e8d24efa664142cd
3113.0,5cb4b731671491941bd5d877f222bf5cee71869c
2765.0,1a9caedb49ada290b00d0db0ec61e66d95807413
2071.0,6478d7bb99ef7dcdda19ce3e58c00500ff72e60b
2173.0,95db82f8f7df0acce7051a8dedf29b88e436f5ab
2430.0,85fa8aabf5a7bd0adf204f0c2dacbba1fa6683de
2875.0,7474a9cb8b715ef96a37eedbbf143d39139bf382
414.0,8d7ca29a3554d20324ed9c75d9c095dfa8a8c439
3206.0,3dc84ec4609de0c08fd159ebe991453309952fa8
143.0,2ac1b7d4388209d8e1309ed5b43ebe8d023eaa53
39.0,c6e6792cd52022add8455fc792b2ca73c62d3d65
3266.0,185d7cbab279ef7c27b46694b4b6d93a8d6f0421
1868.0,ae97ca855361dc47b45f85371d557419c0e764dc
413.0,0ba758d448ca18d98bf05dfa2ad48b59eedbb942
311.0,e942a0974f945bd4551482ecf7e29d87d162d0c1
3374.0,06507ed4e455dd8b94242d4477dce05b1d95c6c5
30.0,f6da77e894a939b838e02fb744fa3031abfc96ec
2344.0,57974165444d551d281ae25171d4ec5e571c5ca7
2279.0,716edfdb2921222eebf64176d416c761d21aed1d
2912.0,19a0a7d7718277e63692c8e9d4c11248a5e30a50
1360.0,5164be092a7e9ece7e5e23089458f568be7b9eea
2738.0,27d56c1df5fc977e17806b466dc74dfa9a98689b
387.0,fbbe14791f2d417bfa57618eecaa503b69f459ac
2004.0,ccd02bfe8c90ee8dbf30cc2be61a7d483ff24cab
1801.0,8011e1de28c82e5ab5c9727d10bcba997e8254ce
307.0,780297e2bb6939ea9ed6a40846f3dc3fb7dcddc9
2996.0,b78ebacca7500f625bf7ac48989073dc872a4418
1661.0,c1c205bcd39ee417ed028c967819a45d08d604fc
2348.0,9049755e3fac192d5c0cca5092a74a67e562cdc6
1679.0,7b1ebfbc4d517c2b9de2e4e4ddabffaead1190df
3019.0,7e65f1c5f13f7f721c64f551d0022f6907a35b40
2699.0,746b91dfced525651c9b71a3bd075a78d2b9262f
1854.0,fa327fd4fadcca746b466dfd8dbd166a50d8efad
1032.0,ea73571a5464d254979d827f849a2d69b655adcc
2217.0,19d7e6532f9187ba8a81b2d2ad9afe03e5e5500a
338.0,51e4a58a85bc1500d1400ba7d633d570f6296745
885.0,9c434ebc679087ece3d7464e39878e29dabf1951
1245.0,eea93424142ede248d9febee6be11b37faf9fbb1
1000.0,872094c55612976bdd3de9094f7f8d13a38fee48
1160.0,462bc6c2e5972cd4a91a12a93478b8c7c0739a5f
1277.0,82d7c49d005f419b2f7b5e70fd34a42fb18a1a7e
452.0,2262ce4915aec0dfffa8e71244ebe10f72d11111
2293.0,f962720f7a835df086a11a1ba910e3210675b9b8
800.0,afa33e37ecf1214dbf7d619181791af70e600ef5
742.0,ffbcad1e46ff88981e9f787f29234de49d31a54f
3344.0,4a8e75b10a50ae13e9b61763e680f3c9fd518ed3
1346.0,6521c36c681500d94ff3b624b6c633be98844adc
2724.0,6f84cf4e4b4ab71d950db28d1b0776e07a8726e1
747.0,915d7180fcd0defd23384e30b630e2cb31a39222
2047.0,bd5e297aa9697f42a61682fe56f10eeb650e8540
71.0,7ea1b801cc1f7d09ee18e8d70957c9d34b870700
3157.0,2c68f86336dc8729f58e8e19af0f49c269c1cfaa
732.0,bbdfc839029889af7477b6dbbe8dc4c230ba6f73
2582.0,22e072379b9fcffd229cdd239dd3ff5ed4eed571
380.0,1f20a11284e3e9bcfc08939c48e3ab590da7c7a4
2303.0,c8e56d58077d29e2c9478f133b3c69ba73deead5
808.0,1982c208ceebfd317e30ba16a40402850e97e1c9
3235.0,52f9aa7ed6ceee6b416eab39a4f785d958245937
2554.0,27a7171d42c878d5d9094c0117466e862ff91000
1510.0,595fb7e1fac3eea207816a700565f6a549e160d3
630.0,777c0c56b5768582eb57607846a945f94c37e154
1714.0,2995366dde63b8acd1f246bcd5a4cf7d61f0c1fa
2395.0,bce8ec75ebde8a7f49fbc3a9825e667d7327c64d
282.0,e8e2e934096f36edd8e96d554d06c0e330d94913
2307.0,cd593bf117b7747c5c5b5aec8476315f9b2fbbdb
58.0,f5fb4576577cbedcedba9eb16d9fdace18c9292c
2201.0,f5adb61b28f240effbba5a4686647c2af6e85b94
2350.0,c7f433c49bcd752a057020ba58672b6e441eec21
1354.0,c282ab1ce2c93226ed8f1d44b565beb93391312f
1671.0,431db2874b242316051963d9bc4d5653b3647acc
525.0,9034461e5bc3a3e75c64b603c89a28acc7bd2144
3642.0,c59e019f5c5ed032c5360599bbd56e3fd9421adc
238.0,c7ff139481f96316d740a34f01cfd0f25e449848
3427.0,25a5d3031167566cef0fcf38b54afc6b7dcf6e86
2559.0,eab030f9f5f8f488362fd359a82e000991a1e7d5
3669.0,36e6fc8ab8418d7d8ead6ed0196b2bcbbc9e91ba
1730.0,9f9e1fde8fc91b64a0cf99bf0debaae5806a2644
3111.0,855d59b68b71db78165e4d4e2905c280450b6214
1987.0,5044f3d6101e5915963a497779b6ad1166a7a388
1630.0,b3b5a98fd09f4c02828765a5968825ab4f11556a
1235.0,70a33ed49bdc47cdb8e3af923ae315d63f406f0c
655.0,ab3d9d12c6f16712895735903cfbb136f22aeeec
1558.0,751fe451df7d0e03754a02a52e4b59152b37891a
2208.0,5b7fd9ad889e54d4d694d310b559c921d7df75cf
2278.0,9dd0a0a29f3e384043369a4e902d2a55e311795f
2261.0,c590e820aadb9134a7fb19fe32c8ddae37199ec3
3244.0,b61cbf8ab437574d4b041e49a214240b650eb1be
2935.0,e08bcf9f9700180a09f77f52604ea6de36fb83a8
3063.0,15c079f500967543c033ddeb113febc1d84abc87
2346.0,b7eca826aa94d87b85a998916f1ccc0d3b4591c6
2583.0,60eecb547d8af9916c55163c7356999ca2d5ffb9
3169.0,f2c854060adf021347a6c4217fdb06a77a38bf58
2378.0,29c055a2b4327d94c5aaf66ae00514199ff146cc
1840.0,e4c712ffd2682f963906e1d0d27e67b7f83d95ce
2795.0,9c0e110e233f67f1853a4ab8e0521ed4ff8afa9a
2318.0,81c2440a054a0aa9110ec1d5aa0955055c08050e
1998.0,6e6c3a4636387892e3725f1ba13457966c188b87
539.0,7003fe61352bab3a1dc62d18dffb00ef749b050d
669.0,6fa449de00ae89bb1d1ae5e6f793b60d32c1ba76
570.0,661ee54bc2bc1ea0763ac9c226f8e14bb0beb5b1
2394.0,4c564779d159acadacc078988f7a40a3e5794eed
1851.0,5cf261a2876cd311c7abe17c14da733a48a4343d
1848.0,19b134002cdd6be9f3543a7b6d18b4c05fa44fe9
