issue_id,commit_id
647.0,b273d1375500a436ba09d80688f50766d51d6b6f
1026.0,30c788917bf083aae6c4331ee102f8785c69432a
1193.0,106c6c7bf889b0db5fe85eba31f3f7f6b52a0895
240.0,637f41d8ed42e3acd908bd6d8cb7297b58f45ccf
1157.0,e9874e2f96c27e24aafbc54436465abd8f152f8a
398.0,203c1e939e40fe2da6dbfde3d0f3e92f750315a7
892.0,93c14f844ee33e4d47ae07688f0e5ca7219df7de
862.0,be246928123ac5c354f4e0ceec067c227451eea6
663.0,91a3a9da6da1a8ca2ad27ac6e53062fa0aa802a9
539.0,eb536a6f64672e54e4dec346c8de602d7de435b9
524.0,7a93f649a7c4e5f3bdba7285a8c47a1854c323af
659.0,6592b73657f0007892d7c348d504cd9be7a551f8
273.0,b245e8e0d378344fa24a4ea94e9098fa842387cc
630.0,77e21b03791cce0a52ca3ac3591f0c797c5e9134
816.0,2c02f56c4123a8a2943ed9f7c868ea235a90f42e
793.0,22223f87486b8f790165c05d816023f83f7c3456
587.0,0559c5119eb686f5fe59cea716381f404c6e0516
706.0,b2a22580a6c25d686efbb46730f429bf6b188ed3
928.0,b8f6974f14e9eb37023e944a943015ca932bff72
861.0,e20d4754fab0b4aac7e797ef4e87327093447161
1051.0,9f2d61bc234cff3d33be9c526d8cc38c9e475063
1006.0,484abb6530b4d271b88d3b38b44f26e7ccd67650
747.0,007f75ef5e006d0b887a0c7b1f536b7852e92783
314.0,863987dcba99e63c1b652fbbbb051d0353f28609
1028.0,a7632361c42b33e4474a4ca5363bddbf57484daa
379.0,7ee8a9035821466640ba2700cf2de019a577cb31
152.0,cfeb299684f910d408acb0257bd823ce84018db0
1062.0,a2ed5e46d17020f75b5d11fdcc22fa4090b2ccdb
277.0,390839b945cfbeaeb4c1c07bf97fc5a99198355f
368.0,4055b726cca8d3c698968a96111050fade53995e
1016.0,7d6523e18b2c752e0a404746018df77cbad5bcdb
531.0,1605bf1cdb7c4f7bd10f3f215451195d3286fedf
1164.0,d9ea18d3a0f93c7990bc5e7df76daf3e608ae3d9
1017.0,d8df2cc03b8b83061786027c1def3a0edd02f05c
