issue_id,commit_id
4188.0,f558df2558966f028f773307cd5ae39a2d59e57a
5076.0,099fb6ead070e622cf1a8c1be14372661cf44803
4186.0,16e0636dcf604b0e002fedd8bcbfbf42371fd5fa
245.0,2459d20cc0d3fd45acd1eeb2a98a6f12a2d57d2e
103.0,eed34e88cd6339d62766a471465a1cb75b211783
245.0,ed4aec187f7868a7fcc7c7279489f02be79a8cf9
277.0,b0ea457c7cd9346eb295af9f444fad3a3ada6126
5224.0,47a281d23143cab1264b6720d39ccf7edb30bd4a
19.0,9cbce9105b1c8fdc2dcdb1d9c8058507a5cfb8d4
27.0,1a9845b3e89b6368a524aa4db201ca7605d55ce7
