issue_id,commit_id
495.0,d90f0afe39724040d0be92df054e2b1438886134
3541.0,f991a898100359684111be1ddef7bb60ab6f0f9a
1860.0,047efac537abad9e3880f545d8b767f6e6be3786
1138.0,1d55b8983efdc840b83ae6ccc4e496165010c8d1
3082.0,0b5b4a66ef99c8b91569dd9b9b34911834689d3f
427.0,1d1db80e062bb576cd542a7a3ca990360c5b57ba
2555.0,05e3840cc2a3ac6233edacc75fb38ff866d6bcbd
294.0,7155f11a723695352323d484610b9a1c6798eb69
891.0,544118bef94e647258a997ac3b1ae04625164ed7
981.0,9f2b3d815ec39279bfb838221580a36378a0de20
3142.0,8609b7d840b2430ade985465d87cd9e2f09d477a
2296.0,88b0213357d5ced865d5bfc4d54e9b14f2bbe146
743.0,3c5d7bab26cf63b677b23ad9f4620e3bb6bfc706
2282.0,ff361d32a9154531e1796c2e000e23f9d66ddcca
2668.0,47a00864c35f3266fa098744c65496bec601977b
1532.0,671c1ee0022ebc561a86e7c18ba97b2b81c24ead
18.0,8d49440d8b881b2df2c10085a58d3a4e4085147e
1010.0,8fd1825551b28ee967246ce9638fcad763bf616d
3391.0,4bceeccfffd09cd6d02489988444e25b07f32ae0
1050.0,32d32249d51f37ec53779372ad23616efbf4d74b
571.0,9a0f6519aaa14aa8f6d0a076e269e8ca8b1668aa
1222.0,a1b273658da6b8ec1d8106d30dfc05e1c9542406
1911.0,b8aca21a392c367522eedb93f248f68005c84908
297.0,a950f936875fcf7acd64e66273485f770b09c626
2934.0,38a391815b4936e9357834bb4924e09fc4384e9a
2414.0,77b98a2762b358b1e90c350a33971a91f8a9375d
2149.0,6c9ff85c3f3c98ea85da5f789c092ad7926af0b5
1621.0,c72e7c7c70f1553295022c70d5058ed11932c16a
594.0,ee76129812419d473eb62434051e81d5855255b6
2222.0,c935eaceafebaf167f6422fdbd0de3b6bbb96bdf
856.0,5207c69064898f513c0b08110514f3fd39e5a4a5
3246.0,3db469795996523cf834c07684b0eff540227aba
1996.0,78a71a48dcb71cb930d747d9facef0dfa5a8f022
3376.0,e0079490176f080a9a4e52d4edc67e370992d943
2436.0,c74f46979a8b8358437bd7f76e478d04248a9c72
1264.0,86525d9b374efd00a97a9c3e9586425a356a6bcc
997.0,ff3ef8511ed7c507ade5ebdebced7177665a3414
19.0,a9284afde97c30d136e8ec675794c7cdcf4ca277
1144.0,60260eb0f0954ceddad559161445848214a50ec5
332.0,f034d8d3451f590fca1badeac5da0230bed9b148
1342.0,1dcad60051d5f8ce833b7ab6a37529c6c4a96d96
1942.0,17685da8c069a1698b893cb6f5e41957f77894d2
859.0,2aa26fff04a98f2435e8e3015e92ef6108d3b485
779.0,05dbf52fa586ccd86a7d774e918faa5e9ae414a5
3174.0,8ef56c8c6d0be4d4a9e844c723e70810a0be2fbc
102.0,38107c752cf959ad69cf4f35886946bc947f2bd3
2354.0,3b678b7927e38af1f50cfaa60e1c2fdeaf391325
739.0,d395d3684a6b9243ffd9091ea9b28275d90aeb91
2238.0,78cb96fde0ffb9d6ce67b8f5c850c7a60cab86b3
56.0,707b30749daf407c07b5b265bd892564576ad80a
3261.0,46a67b6789ceb3ba814afdb72ed7770033858a73
228.0,e3d577cc2a87cee4e45f9939df1d6d5d99f4d943
44.0,cc8332e9d99c08b77614e5acd7bd0e6d08dc29b6
3684.0,2fa8eb3cfebd7d797f8d27bfd05ea5f63985665f
1338.0,6e6a3e8cfb5c8c6b6bcddeb0a045a8441a35ad0a
2089.0,36425d5f91b57210f7707de9564377fea93825b2
2450.0,8020d5eac9e4bb0e40a47b82ca95713ee78fc73c
653.0,dfdbc00eafb3e7578b81f82a59630f2e79691cee
515.0,9f055104ad1a8bfa29c8cccf830dea196b5a9344
105.0,faa1c71e455a99e9b098aa9bb4667c07a1bab6aa
2352.0,62406e667c8004cf0367a3ec5bcbed980cbc32bb
3616.0,5b1d47f7e45ca6304009156882fcb6e4ebe55fbc
1887.0,63ddf2d47997299002cda290821909c02ca80675
2180.0,bb0e755c808a8541192982ba7b86308b68ff7657
3554.0,cd8a3745047a4413387f1e8a6877fd35859e21be
550.0,aecb760c6adb1ee9a32b6cca5b47920cb9bf9e1b
3375.0,e17c3423bd306b04d27b6a2e53c80f1ac2179054
3564.0,2062d984abd3364557a6dcbd3300cfe3e4ecf156
2848.0,0bb25eb3673904179e772f4b7376ecc7fbe4822f
1090.0,b0f594efc9c6ae692b9b4732d40006b1d3c69d23
3248.0,53f5fd234b8a7377c401ae88e2fb6c29812715d5
811.0,da49f7398d80cdd34e7f0bce28ea119a19d8c81d
3492.0,b074a2eec95aefd252af9be120078cfa6854a2d9
1247.0,b24438b2c9df81db294d3c15681f7faf9a135970
1286.0,805692108ae973281d793250ca883cc1412ab08d
3168.0,e2f4b53396f4676978f86492dae5d3952446df89
1884.0,9121e109bdcd8b2a50bf53cac73b470232d126df
3243.0,6369537a49f55ba3c3e319b7d21b6c6a96e5d332
1117.0,02f0c755a36c382f210d6654b84316745ad2af00
3245.0,ab8d60d826f2e07f70973c754134fd9508232b8a
1051.0,367a168d867d9b1b36485c98d9c6e5ade1d85686
2322.0,cb94f4c5d3d4e1797207fd03d20d06c7bc0d05b4
782.0,fd9bf8f37609f220f4829050eed94df208543c56
2629.0,b16592aba0e9c60c9b3329c884bd9236a35168c0
3203.0,d68abe99f69f051435bfac1c040b3a4cef058adb
3292.0,1a6696da70923b2433b588ddcde90fd31ec296a6
3453.0,986871bf4eb85ae62124e71ed579b6baa0ddaeae
1441.0,e99fec26ab1e8b11d93a84ed0b74c3406b01494d
3182.0,dbd38404108f5c3c3cc31310a3eff24aa6b262c9
522.0,7b1c8fd15b619aee9eb6bc53dd50bd2d7e9bea3d
3305.0,d0df619263c3264d11fbb8a11698a2b73a08722c
2006.0,c4ec6954e57b1ab3cb5a0d178e6030f8bab6c149
3044.0,446cea9221e4f6d368a02a90cd105db0f8c9c7c9
1920.0,b7a0cc61c54dbfebf8c3b21634ec9e37596b1e9a
133.0,1c24b62727704016813a44d7c677ead0b6638c91
2917.0,d5665e4ba6cf4f7eabdc0be047952a27965a455f
1588.0,e7367c9bbf7187d1e3650093fd4aaf96d879a331
