issue_id,commit_id
2622.0,f9c6f389ac71b1354a07925785ea4738bf5ba496
2990.0,3bf80912cf959fe860528f75031fe9e4612e3848
921.0,76e2f9cd0396c71eedf7e3b1dabf60f36585722e
2305.0,54a18a5e94116342b2f16a8d558cce366b644a64
1138.0,1d55b8983efdc840b83ae6ccc4e496165010c8d1
2957.0,4f32c6d4e37cda7a5053aa4f1527b6c340433778
946.0,4d9916e1a6e26e33ce2360f1d7ee41d95b79d995
174.0,04e70bd5c7bd80696eabaea11afd9080d874f859
2442.0,7d4703e98ab64fa29f6ca50b72ca5a4548121bb8
42.0,9d98ad5e079b88fd9da87e47d55a11e465ab6bb0
