issue_id,commit_id
304.0,b209cd96f5865500c7002e127217fdf9ef9d2225
326.0,c6316132b173f96a6f5a90ff3b62f706f8a62560
1245.0,eea93424142ede248d9febee6be11b37faf9fbb1
1733.0,4542bac4d43efbd2422a52714f96c0dedd08e2b4
1318.0,e3ba459abb026c536e60a3ba2dec3e30b53003f6
3064.0,1096e226ccbae8135085322fb006a01836a19dcb
2555.0,05e3840cc2a3ac6233edacc75fb38ff866d6bcbd
1090.0,b0f594efc9c6ae692b9b4732d40006b1d3c69d23
2724.0,6f84cf4e4b4ab71d950db28d1b0776e07a8726e1
562.0,0f3bc38a18909cae8903f3229a2866aa64a52b2a
623.0,2b30900e2c007cf39b3d73a8ad53afe2f29a3a2c
3175.0,819368a52dc9eb0ba4e20195783f2807872dabad
816.0,2e17ad7fd42d8575f308af9c17496d38ceb72b5e
2279.0,716edfdb2921222eebf64176d416c761d21aed1d
2352.0,62406e667c8004cf0367a3ec5bcbed980cbc32bb
2135.0,49386ee69e92aa23edefbfff01fd425c5fbe33d1
617.0,17fc38c397aeea01165275f6811e34989f2ff00d
3620.0,51c87e6199b78cd3b4b33a5e47c7a135a772f10f
1499.0,9ddd3e9084b9909fccdb42c55f637dc8b671beb7
1088.0,8efbae917b9265fe12b07187c3923d7003600346
3290.0,008d3388b9387245bc0df4887dab3671fd729646
1175.0,80283d6c590a5e54ee877813f33fb7bf3e02123d
2825.0,232e5c81bc722c3ea87f15d0f95f8b52f064fc4c
324.0,7044b4beccec4380bc7e573559a08f4a8820afec
2412.0,59f7966e3192bcf478a213ba0aa9cd3bda7da4e4
1019.0,01e831f08279d69f29984abf74c0eeaa12579915
2870.0,93e4b714a179c7132b505dfbcd835e7aab542a56
2303.0,c8e56d58077d29e2c9478f133b3c69ba73deead5
2804.0,99c56eaafa05a34857623d5318c5bccbd634adff
3207.0,976dfedaa9efdb566333ea829b12751820268f67
3054.0,717f9d33ca7c803abf781ad81d3854ddd7869900
2326.0,090109b63772669f838d4786ce9a2483e75478c0
2378.0,29c055a2b4327d94c5aaf66ae00514199ff146cc
3401.0,af5743f6bd2a62072657830d3585b98680e1c203
2711.0,324b4ea2559f42ca710061bcf6c85960a1f2d2a9
1213.0,fe2d75e1f41efb49472d625ec7c366e7c242a2c2
2234.0,ec18fe94775aaa3d54238c6c75b569491803134e
819.0,a2bc61b5ab19e899735f8945f68123b4cea570d5
2554.0,27a7171d42c878d5d9094c0117466e862ff91000
3391.0,4bceeccfffd09cd6d02489988444e25b07f32ae0
2606.0,8ff0cef6b9ecee2c0bc31774b33cb88632dc79db
3740.0,fe55f92cdc575d00204a134b2d556c1053e1ed4e
2117.0,5b9b180191016044b95896924c7df55cbff7db93
2739.0,4c8ec8f555af8aeba5a48c3c4cd9cc39c74dce8f
3375.0,e17c3423bd306b04d27b6a2e53c80f1ac2179054
1208.0,fa610a24ec326bbca01d6453548a1129178273ae
12.0,88f671aaaef334caf3231095b119cac094ff5ffb
2301.0,5b96e00972b2799728470ef9a3b49a99dff22cda
