issue_id,commit_id
9696.0,aedad3986200b825d94f847d52bd6b81f0419a06
13271.0,680be2e1b782616982338da1bca5158259e94e78
10194.0,8532744ad3de309e807ade1b9b6eff9603305b1a
10092.0,c8728e4e47569a2eb918600fe75f36a6dae4e623
10994.0,cc3521ea93b0470e9ea11151a44c30b54d4d726a
9435.0,531a8eabe222c3831cc5b55bafc81d2aa36f0672
10742.0,d4c1f69693ec476b33add0d540631021eea36a0c
11305.0,3e772defb7781955be8c5490744532ccdfc1dd3f
9733.0,f7afc73780ffe89abd8dd08ebd815cbcf56720ee
10322.0,b21764824f181fb7a32fce852e5afcee4042192a
9478.0,5e797436c3defd2d863ac1ffab11c48dbd42588e
12237.0,c170b8e0a1b1f761d89fc9edcd603336b65f07c3
10061.0,19ce1ca783a995bbd0765dfd9d89f2866fccbc09
12344.0,f69946854775d5c755983d9f585bd20cc97acae8
11226.0,33902e53eb7312fbf2f17b7b700bdb7683441a24
12294.0,4c16931b49aceb38b763b4a24a55a99b6847e29b
12241.0,63320f807788e16a9a6310180714692ed5c113d8
11682.0,e90e17068eb0d9620aeeb90168cc222025ea119e
10422.0,4f90f95fa5fb087445acb40c110770ebb3817b28
10664.0,8fe86302ff1cce23c019fdaf24fc6448c3b30090
9902.0,c6332819c7fb1b01730817a2d46e4fff5a60436b
11203.0,88af7d0c97497b5c3a198ee9416b2accfbc72c36
11011.0,785d6e396ce81575bb155bede412a6182d5f22ed
11456.0,36b9e4c055f32718a036cabaf767325b010c7485
13225.0,ccecd39dd9281d65bada97f6762f622563227315
11147.0,40a9ecc684d2c5e7fdfc09f46d0912940b74ab63
10698.0,2526c85ae17d83cdcd826ceeceb7643ae5cbcb2b
9599.0,839d3dd0b598ecf6f2e93b9f9068c2e21fa1c97b
11556.0,cb96315a291a8515544c6dd807500073958f8928
9830.0,083a41cc6be7b1796e3817df198d1557bb8557b8
12332.0,02642368427964aae6b28a90da754b2ed0703f8b
11167.0,d6388ed6457465ab35da8a34ae4abf5847a50cd0
12254.0,2944988be3ce0398c1ebbcce3f2b57a6d8be05df
10006.0,b26fa3b63870b6160340bfeeb384b8d812dbbd15
11079.0,2780ab0c9712b41c34693758141f30ae3d3c2e7f
11975.0,88cf9707530f9bb3246779aee0138e49efecc500
