issue_id,commit_id
3563.0,0d04b40d130a49cef0609ac95be48013528e97d9
725.0,3d9055b3b73b1d09f933bfd070f704e9e8bdff2a
1480.0,5ebf1e824da1a35c8f45a8c39591a6ddd3f70b36
3064.0,1096e226ccbae8135085322fb006a01836a19dcb
164.0,0bf777ed81d5296fb722931d35e5db4333e3de39
1661.0,c1c205bcd39ee417ed028c967819a45d08d604fc
3199.0,ded0f68c16d6eeb95abfca925e29bff70b026e10
44.0,cc8332e9d99c08b77614e5acd7bd0e6d08dc29b6
2842.0,81c2a1e47565708f7af359503ff61f16558007ad
2394.0,4c564779d159acadacc078988f7a40a3e5794eed
104.0,fda14678c07d036ef3a1984a4e346e793cc5a63c
617.0,17fc38c397aeea01165275f6811e34989f2ff00d
1208.0,fa610a24ec326bbca01d6453548a1129178273ae
1811.0,bdbca923ef26424f605b4c744131512a5edb0f1e
2321.0,89aaac7fe00f1d8fb2f326310bf813430fe0d3bb
2957.0,4f32c6d4e37cda7a5053aa4f1527b6c340433778
784.0,d56d96c8c253a86b5abe20d92584a50017470a06
3056.0,10d0ed68a342880ea355ba62e8d24efa664142cd
2993.0,877da63462d9a7e270c295d898d689aacf155779
1865.0,024fbe5a6076d0f3f793cd4a66d0b50decdb2a1a
24.0,9248a7baca5bc616a60f9b63b525e872fbfddef2
2581.0,40745bb338c45498ca19010175f341332ab2eefb
19.0,a9284afde97c30d136e8ec675794c7cdcf4ca277
2395.0,bce8ec75ebde8a7f49fbc3a9825e667d7327c64d
497.0,a9e753f7064e38e40819b49a51491e681dd0f42c
87.0,70dc2b66a0d02a23546ad8d48b7fca1c21997ae6
438.0,d626787a3461edcebd38025269f74a5428f64edb
81.0,ed16ae2183ad44a7ba89aedd331a180455ed0836
1669.0,f267191cd81d67de3633b2d5bd4d9bfe4f44e0dd
2072.0,de1652467b0584fe9ee4060bc42101e8255838a3
2119.0,7f288371674b420ac2df8ff2313e3b469662ee41
2298.0,e706b5e5448b837f34d11107e9f9295f0e5a9780
2837.0,827536e20ad2079f3f50db11aac03e037e98503e
2372.0,d75d83defdbcc2e498f816b5cd20dcc24a1b7138
3705.0,fc0aa7ac978b56e83dccde94214b1900a2ee1c3f
30.0,f6da77e894a939b838e02fb744fa3031abfc96ec
2322.0,cb94f4c5d3d4e1797207fd03d20d06c7bc0d05b4
2315.0,898c8621b175ade4c623ec61d04f24e02c05e0e6
897.0,ba36d57729c413ba41aa0b9504f3300c43bcd483
1054.0,807067001f58272429fd67396ba2c2c5b2e85861
2117.0,5b9b180191016044b95896924c7df55cbff7db93
2017.0,f4a1ca8fc87bd28ad75502a78005226899e08a2a
3498.0,a3e4395a42574386a15ef6ca1afa83ff9787608f
3174.0,8ef56c8c6d0be4d4a9e844c723e70810a0be2fbc
2209.0,6efea346dd54fa9adb65fc044d72e5ec8bdf4018
2754.0,8c9df3f4eb593cd4755b882d8f412a13ad97429a
2603.0,83b5625f0c1842a7837bc3326319a64b02a45e44
2212.0,889c0ed1964f48557e532f95f9003c5ee6e2b727
559.0,9d9f240df8da4b433c914e76b6ea2c7e82f3e320
859.0,6347e75deea2eda444c60080fda3885c1fb7705d
517.0,24e01318d31c6a541a44636d3a97310ff814d0c1
746.0,77753e9b73a8ed8f908e2877455f629ea6e7a6a4
968.0,e7c587789ae22a626196cea26340253dd9b70bf1
1781.0,de25e98f917ae441d186e8a722a0f40a6c7458f2
1872.0,fe5f714026b68b1416c3d3985bce5063901c320f
2706.0,8f5168cb31a34c54c9a751cb386b8615e03fb148
885.0,9c434ebc679087ece3d7464e39878e29dabf1951
3282.0,6665c91e6fad7df5997c8f3ae2136049062c1b7f
1912.0,c80ea941d06b0899b8ecdce6179e5b5259e1c5ac
2031.0,7186a5aaf571e1d08a617138867998cbea518522
1172.0,773ad9b92d447102b92492f64d7ba0e708746f83
2256.0,970a8009f1842d6be8c04f3adea3c2ec97d7eff5
3011.0,80f14e30a204a76520154a613998a926f920c0a4
981.0,9f2b3d815ec39279bfb838221580a36378a0de20
1192.0,60fcc05c4705ccafa80fb997dd4e908e56894030
1057.0,da1c1f0d7f8e2df19eb320b176021511b7d05b76
1050.0,32d32249d51f37ec53779372ad23616efbf4d74b
625.0,3fdcefbcda47c1ad7fd3432d0643d127cd2918d4
262.0,eb6549d95a8e9c28f9e4b89c28e370124e7452b9
102.0,38107c752cf959ad69cf4f35886946bc947f2bd3
2324.0,c62b614d9cbe813d7803c8ecfea2b7bf5a6eaab9
3284.0,6d0e79b33afe47525958dc23c1ebb2eea70f25fe
3376.0,e0079490176f080a9a4e52d4edc67e370992d943
3480.0,c12d9f8b490c56fcba7ad793249ab14441c544d6
2003.0,92ce20eeacf5de24803abaf70a3658806fa4d74f
2249.0,9569e8c9562fd6695d5ec83a5e33fa608d5d7166
609.0,fedc96c0b9a1c48d11819f03fc82065336af89a4
2635.0,f808c20139649b747f604492bc33b61a7dd3e13a
3616.0,5b1d47f7e45ca6304009156882fcb6e4ebe55fbc
2442.0,7d4703e98ab64fa29f6ca50b72ca5a4548121bb8
2204.0,1add1f8a02976e070660d9ae0b877bc3f8a36e86
655.0,ab3d9d12c6f16712895735903cfbb136f22aeeec
225.0,8e928a2fcbac6edca918e9d4efccc4fedb418292
1112.0,c048aed65abdbf51955367b95242a53f0219853b
2624.0,4309c7c6ea51e5797604c43ba858e5ebe1fb1674
392.0,7ba5196ba6230feede5afc24d7eff4fd15742397
1882.0,f19d3bd67e0d8213013cf06f47d951c8735515c8
39.0,c6e6792cd52022add8455fc792b2ca73c62d3d65
1869.0,f034d2e271403c7b3b8a1c2728b2320ed157a037
647.0,813149677d2627a9ca462dbb2fae985369b54384
2080.0,4eca29f68bba819494e91270ef27f9c2f4b57bb2
2693.0,d8bf589d4835ab03daee3101a91c80ee648e72b6
3382.0,941bc9ff6019117c9aa341f809bef7e0e54d0ebf
2962.0,70b45094ab3d62b919a84f8fb8376e6614a98dd3
3247.0,d4b688bd035b9704b3168b28fed39c8fcfe3b997
2252.0,9b892e2225bb88ab24f839719ba50575e1ce4de0
2077.0,7bd54e9bd61dc6d02237fd5d473fa92030a1ff33
1160.0,462bc6c2e5972cd4a91a12a93478b8c7c0739a5f
1090.0,b0f594efc9c6ae692b9b4732d40006b1d3c69d23
742.0,ffbcad1e46ff88981e9f787f29234de49d31a54f
2491.0,82e66848e8ab44d58e483b6b92eea5f04627c422
3574.0,d091bb00c0358e9f30006a064f3dbb671b99aeae
3195.0,b0185a620522269acb9cbef01437acd01d2b551d
2149.0,6c9ff85c3f3c98ea85da5f789c092ad7926af0b5
2286.0,65fc888172fbff89a8354e8926a69b4515766389
2795.0,9c0e110e233f67f1853a4ab8e0521ed4ff8afa9a
258.0,ea7a1720779ab4680304d2bc9dffcb6f5c7f2798
3236.0,91e53da054c8e923ad6bf45cfb4c12de029de1b2
2969.0,7e714bd28b6e96d82b2848b48cf8ff48b517b09b
519.0,1f82d02b33dad8ac7a4aa49e690767027690fe1a
2500.0,470112dd6e708a18eb4ec1daa10c4ea276620dbf
3562.0,e69b49bd3d2df261316c1c5dbdd53b96d93d2f56
745.0,4baeac07d97b73c1c7ca14c9d5ca7ff35d583165
2180.0,bb0e755c808a8541192982ba7b86308b68ff7657
2710.0,0ff3f722c1c22399d3c755090901fe0250ca9b50
571.0,9a0f6519aaa14aa8f6d0a076e269e8ca8b1668aa
1996.0,78a71a48dcb71cb930d747d9facef0dfa5a8f022
92.0,4a2d2ba3b8259165a97dc80890547f97d7e35ff5
3066.0,1c92c02c4a9762be059e930eb4b5a51488fd4037
744.0,1fe20d32087cb3e0ae1139b7fca1545db64b8cff
2068.0,fa087c89298e0c91abff45b3ee7033889d2dd5d7
1213.0,fe2d75e1f41efb49472d625ec7c366e7c242a2c2
79.0,da514b398429653dbd368c6da48c9863d3c2632f
2286.0,378a11f99275a6b80d365a5d51d469844bf9ca17
2848.0,0bb25eb3673904179e772f4b7376ecc7fbe4822f
3564.0,2062d984abd3364557a6dcbd3300cfe3e4ecf156
3051.0,c9245609f4a2c23103bcb5cbfbc58ed78b76892e
830.0,21f3ad267183f1e8347812c3b00e806cac562347
3203.0,d68abe99f69f051435bfac1c040b3a4cef058adb
2231.0,d04d36842b6c0c9430dfb3d1129e5cfa5e8bac3d
1846.0,390cd5e4eec8340d74e8b72b2d51a5a3eeef3842
42.0,9d98ad5e079b88fd9da87e47d55a11e465ab6bb0
3437.0,28d09ae0fc518f2b3e9138f0fdfc2566459a52e3
1822.0,8d7e7aab31f0e3cf4d009376b6d210ae1a27785b
3673.0,47e165d6d560fa502e41f152a69b657cf95f975a
689.0,8a968a9378b4db323af71683ccd09b810afc2bbb
3492.0,b074a2eec95aefd252af9be120078cfa6854a2d9
1325.0,7ae1c5a8b928f29477796c24bf62e737cd577bcc
2811.0,b6a8f75c70a0aa72d907a37840213b84f3595f6c
2409.0,817903c9c1f4c5c6e063edc971ccc75c5c94af49
1225.0,84efebd6be3809388160e8654d0fccc9ce0b2395
433.0,f4a31db9f6a9b8bdfeb023f247eb6e8a42af3162
370.0,065afe53a6f72e42428c4373ed10d082868f25d6
2332.0,c5be20b53ca577be5569b1a327e88991f2ea69a0
2646.0,cc6c618f4d8a0ba4bc648f5a6ec226df4f8b7529
2630.0,79f34f1769477d9909e4fe0830c48b04208c50fc
605.0,c4f2075f4c4c27856fe0af77250fb75c61c0d86b
515.0,9f055104ad1a8bfa29c8cccf830dea196b5a9344
3453.0,986871bf4eb85ae62124e71ed579b6baa0ddaeae
550.0,aecb760c6adb1ee9a32b6cca5b47920cb9bf9e1b
607.0,b2fc9febdda6ce4c90f1aca351c01e8b71fde11b
1851.0,5cf261a2876cd311c7abe17c14da733a48a4343d
2193.0,a7f1a21c1204828388eaed1e3903a74c904c8147
3278.0,043443d2d3432d8c182f059cf2f30967eda73d1f
1716.0,d5308bb80c47a645dfcc06588bf173b5c3a3887f
2363.0,45946028e77ed68d64869f565b688aff0914638c
1714.0,2995366dde63b8acd1f246bcd5a4cf7d61f0c1fa
661.0,6ab569b0e3791cf04db7c333bbf5b78d33255dad
3113.0,5cb4b731671491941bd5d877f222bf5cee71869c
446.0,df772df24f22f7f0681a8d5b211dad764ce9c8a6
2591.0,f2cf4d04494cd9d57da6be05debc0967888dd927
3529.0,3d61fc44280e5e77ced09e0eba9634ae5e5f4727
962.0,ccc2de19971c6c88202e9068431e562230f84b62
1502.0,cb9f64508148453dcfa4deaeb4ea95518f58cee0
1138.0,1d55b8983efdc840b83ae6ccc4e496165010c8d1
3369.0,200ce9bd39c70a7782ef8ace0338ad71dbdb175d
2861.0,345685c0143f030eda443d6c672ae1b705789027
2284.0,f0a6dcfbb8cc526f19aa4e672d3b106c65cb18ca
1264.0,86525d9b374efd00a97a9c3e9586425a356a6bcc
2362.0,b80cf057fc2b41a5f642c222dbcb79ce28d3fe0e
3241.0,48d0e86313b479f97cec1a9869bdaf468c248666
3427.0,25a5d3031167566cef0fcf38b54afc6b7dcf6e86
1902.0,17d4cb3828b9520be6c4e64e6b7548a561aa6e7a
253.0,ccd5ced70e48515e222b84dccc8f21d32c864dcd
2378.0,29c055a2b4327d94c5aaf66ae00514199ff146cc
338.0,51e4a58a85bc1500d1400ba7d633d570f6296745
3699.0,37551e6798aabefd549340a7d3840b7648b413c7
3137.0,eadb99eb93aa21cae3ce907006e62818319fbff7
2607.0,e21abd9da5fa755d3af96091ab3a181b7d6498b5
2792.0,027aeecf26716bff4efcaa7b007e61f2c577a81a
3232.0,5e15850532be5521dac7082b155b15b83e1236e8
946.0,4d9916e1a6e26e33ce2360f1d7ee41d95b79d995
1144.0,60260eb0f0954ceddad559161445848214a50ec5
294.0,7155f11a723695352323d484610b9a1c6798eb69
1277.0,82d7c49d005f419b2f7b5e70fd34a42fb18a1a7e
1510.0,595fb7e1fac3eea207816a700565f6a549e160d3
3456.0,a75315028cc7b8219f2ec28c7c7c7beb92c113c2
1262.0,eca53063862fd487dbce6e36fc42fae80f1494c3
2279.0,716edfdb2921222eebf64176d416c761d21aed1d
2606.0,8ff0cef6b9ecee2c0bc31774b33cb88632dc79db
2637.0,b0c1da1e7ee66084b429a413541e179299de31a2
2709.0,5fba092c22bee738ad2818d587d75ae17be882d1
2019.0,a40489e0ce89acef2a49b70a571143ef479ca235
2344.0,57974165444d551d281ae25171d4ec5e571c5ca7
2711.0,324b4ea2559f42ca710061bcf6c85960a1f2d2a9
693.0,ac9d8b09a5f8d3d4580cd432ab05eab2cf2529c7
75.0,a154c87cfca3e21316552b2ec558029f9c96122a
601.0,b5bb49d080475e4fb90f6a47dacab60b53470e9d
1354.0,c282ab1ce2c93226ed8f1d44b565beb93391312f
3206.0,3dc84ec4609de0c08fd159ebe991453309952fa8
20.0,f1603d33f266ab24eda604f76632fa604b91e3f9
2338.0,a4869eb4d2bcb25e6cc5c2e285601abfddea7f4c
2358.0,63129e8426ba0ab71a3500172ca04fb41ca67daa
816.0,2e17ad7fd42d8575f308af9c17496d38ceb72b5e
2199.0,06112a555a9398701d3269253355c214791e1eca
2201.0,f5adb61b28f240effbba5a4686647c2af6e85b94
2398.0,641fdeaf989c31125289390fe62601b879d1fae1
3398.0,8f422d2b5efe685bf67852b8f06672a32c1f07e6
1848.0,19b134002cdd6be9f3543a7b6d18b4c05fa44fe9
3260.0,f7f1d9de3daa84ba968fd53553dc8fdb277219a3
435.0,561775cbf677f72d6d8d505af79c114bc750b6b7
2558.0,eebc0edfddba9687f82f4868f85714c0c7bb3d84
2504.0,a35fc3cd6bad4ba8891af75fb9a1661f979cbb0a
1887.0,63ddf2d47997299002cda290821909c02ca80675
3031.0,aef4159588be8bc245243c80e5032ccc79092f42
1483.0,5c68b24f645131993c2f474ee2e91b8845edb974
1539.0,7f3867491570746a4c14bdaa5bd59ec1b64cbfea
440.0,a5d1cf415e142c2926845601257d3d6c05cb3ded
2120.0,0ba1a872b7aac48efef9028e7687475da34eaa39
709.0,6a8acc115e312e1e23e70b66d493b4cdc00d1133
2320.0,701faf0724d8aa18d7ed2907b63c143725dd3e7d
2875.0,7474a9cb8b715ef96a37eedbbf143d39139bf382
2774.0,03036533f021c83205be4ba5c826a33322dc4d78
2047.0,bd5e297aa9697f42a61682fe56f10eeb650e8540
71.0,7ea1b801cc1f7d09ee18e8d70957c9d34b870700
2208.0,5b7fd9ad889e54d4d694d310b559c921d7df75cf
779.0,05dbf52fa586ccd86a7d774e918faa5e9ae414a5
2013.0,9e41eca7f839db16cdf064f827fada0cabf6f54f
3305.0,d0df619263c3264d11fbb8a11698a2b73a08722c
3299.0,d694eb443a6243e248df974e9cd64defb591bf38
2151.0,9900a72fe7992d873915af68f7d52148e738d032
2910.0,d493e3e083f7565f9b158b12445a994abe9a39cf
747.0,915d7180fcd0defd23384e30b630e2cb31a39222
427.0,1d1db80e062bb576cd542a7a3ca990360c5b57ba
2359.0,f29fa0d56b1e971ed9ac303806d7da153f6d6fa9
1418.0,dac45f6c5d2dc69a59561dc70579cc16a980bd21
2676.0,c3e2ff2afa223dbe9a780345af06a57b37bbb28f
3659.0,9075da126c9a983917b9779dbc826841813eee3c
2685.0,16d83d6bb413bec09a656a659b98d897e7abcc81
931.0,e95cef66a3bd2d8ca751e36d111cf8f84dfc5586
3103.0,86bf9dca72cd188813e26ef5dd972101ef8983cf
2825.0,232e5c81bc722c3ea87f15d0f95f8b52f064fc4c
63.0,fe35105bec80bbb7cbba1b1d6414612fe85873cd
2934.0,38a391815b4936e9357834bb4924e09fc4384e9a
449.0,b31f2d9a640c154e41de6d9631e95cf105e96e1f
687.0,5997890c6996a5eaebc14fff5642ae55acf30cd4
1630.0,b3b5a98fd09f4c02828765a5968825ab4f11556a
3381.0,9bdc42d300c63f82cf3aad872d606434fcb8cb97
2297.0,0c949089566cfec9b0435ba6ada601acef8f09fa
3162.0,7f782ba84e18d327ff25d40dc7d5719c8a036258
2325.0,4ec1fbc9f52b4b3997a1978ab3390a5a1157ad6a
630.0,777c0c56b5768582eb57607846a945f94c37e154
2559.0,eab030f9f5f8f488362fd359a82e000991a1e7d5
3266.0,185d7cbab279ef7c27b46694b4b6d93a8d6f0421
484.0,7c79ce6e418f07a49be8c25a4c5a40e5347be257
2123.0,789715adb9949f58b7b0272bed1a58d7cd0fad30
582.0,18413ed1bf08261acf6d40f8ba65a98ae586bb29
3375.0,e17c3423bd306b04d27b6a2e53c80f1ac2179054
2371.0,2c97ed985eaef9663bc72b1bc6b6d35c7d69e60d
3044.0,446cea9221e4f6d368a02a90cd105db0f8c9c7c9
879.0,280d8659601a5e3b8dab77231d9f9fc16f5cd1ce
1235.0,70a33ed49bdc47cdb8e3af923ae315d63f406f0c
2055.0,88120e9e9db38b6ccf851348542d5cd88e249881
1980.0,59104db2f2f0a507aea2625230e446361e2fc174
1878.0,3d72099dcd8dfdf127c23e7104c19bd70ea18f82
3059.0,4d37acad21b3877f4881daa55b808b809a391e84
343.0,69e7a0a2a0391ed1bdd102deffbd98137790f959
446.0,8740fff90781b3fd0fd9ec51a0b6a15a45f96489
1918.0,663d786f6888bbd308528284b6a26d433ef314ee
3662.0,3349c4914d8556ced05ba85a89868f2ffb78fd46
304.0,b209cd96f5865500c7002e127217fdf9ef9d2225
1244.0,13bd8586e997bccc7d106006aaf82eca0c4c6d6d
3111.0,855d59b68b71db78165e4d4e2905c280450b6214
1881.0,4f83f705e7a5f35381841148caf04b2829873faf
3406.0,2659f0a5e62c9a97ef37dc2ded3ca8fda3c53c9f
1954.0,5f009374fd28aba381f375391b70ac131926bd9d
2937.0,db8cb31f2b2c39c1b0800926969c16d44b28ea38
1942.0,17685da8c069a1698b893cb6f5e41957f77894d2
90.0,e5008386b1a7e0ef3ebb5a4082bf2176d7169ab9
1872.0,2bde2065e646a67665cb4eaac3219e78524e29ad
3684.0,2fa8eb3cfebd7d797f8d27bfd05ea5f63985665f
743.0,3c5d7bab26cf63b677b23ad9f4620e3bb6bfc706
1854.0,fa327fd4fadcca746b466dfd8dbd166a50d8efad
2611.0,8c2c802f19cf220d6e177414d315dcc6be6ac759
1441.0,e99fec26ab1e8b11d93a84ed0b74c3406b01494d
3473.0,8973b58955df185c6502389a6e91b7b262a735d4
3401.0,af5743f6bd2a62072657830d3585b98680e1c203
1175.0,80283d6c590a5e54ee877813f33fb7bf3e02123d
1917.0,d8c39f4b3753c0ebc93177661c43bfe35d7c019c
