issue_id,commit_id
11091.0,9400be98783135a1d42dd238f4e6c3aa048eceea
10145.0,a80ecd78daf7d464a6ff915111f62b8cd21c8b6b
10029.0,58fd1f0589d33aeb33c4129cfedfb7737495efc0
12534.0,f6a30b005535fb45a5b4decf084af437ac7fc7f2
9705.0,a69008527787c387be7d7d4f6de91f9f08396dbc
12192.0,a1397169ddf8595736c01fcea084c8e34e1a3884
11491.0,6272e662ae0c99ce7cad912992d4c55e22c8a369
10003.0,73c90d014f024bfa13360c34fa99fe6220cc8e98
12241.0,63320f807788e16a9a6310180714692ed5c113d8
12231.0,539aff8b37023caa177c1dcea6470af6e8b2d88f
10873.0,c7b7328cc99fd5d7c298e57c6020043451d89a61
11580.0,43b5e9993ab025bd07851d70de5de7fdfe461d24
11556.0,cb96315a291a8515544c6dd807500073958f8928
11076.0,23c20f756be07a9e92d9513181eca850fcf2af62
10962.0,1788a0a901efccfffcead3d64a5b8e5876998d32
10130.0,08c873669f39b37743014db99fcd2d308f8ea5ea
10552.0,5a7a789ee9766b6a594bd4be8b9edb34e71d6500
11562.0,622540176d0943fcc3e361153ddac2ae08eb7e70
12009.0,5c934bd646b0781eaf03e5b533ad2b6bfda401d5
11038.0,e8f8e62add2a7073e50cd31f4f6571bf1ebe21b3
12281.0,c0d1709cbae3d05efc6dd224230012bc120be8e5
10887.0,aa8d7f76a047b24a97614524d29fb5070cf549c7
10410.0,a40f33556caef1ab0a3f75758f194728c804dcd3
13388.0,b75b2f7dcf5d3c83e33b8b2bc86f1d2543263a59
11254.0,4dea0f867aa29c4e6bda2a66cdf1254adfa20400
10016.0,b09ec1c9bf827622a5eebb94ba0af5bf202ca359
9937.0,6171b3656ebd9b6038f709ba83f7475de284ba4e
10930.0,907e8035656b0597a7a2f3cc1bf237a8cbf48821
13294.0,5dc27d0a986e3830ea720f9b8ee88dd1dbfd3601
11664.0,5e126ec99a4909efe45f2f32ae076fa4ac8c0e21
12915.0,910e1247b452f29c0297ec6e3bf52b28b24fefcf
12299.0,f0eb8d538c82798944346b4b2df917a06bf5e9d4
11039.0,5027630fa41f499a9226a8f9d952ceabf2c247aa
10975.0,4c015964da4e7e2dfa504461f020408d0692a57b
12751.0,58cebe948addc7c4cb8762b2e67c8ce656a9d957
10087.0,24e7ac0756aeba06ce1cf7f7e72219a11b14b101
11116.0,9149ff85210c1cc8b294b26ea37b8f6d7d51c8f6
11569.0,a0e90bd845795a4e032a7ba82aadace76eddbcb3
13289.0,63c0369b2466cdf6002b821351b3ea0ab42cd132
9642.0,c08ef613af27da896cee168daeee5c6fad1980b6
12344.0,f69946854775d5c755983d9f585bd20cc97acae8
12721.0,2f31fae720b25c60d15e1f30d17dca8e320dd92d
11412.0,37c0c1e1975e23bc96d31ed2c990412d0239a406
11089.0,9e1a0df3cd1d1bbbe7f9010c4c943bedfdfc3487
11442.0,0a639230018d0c9e9f12476dc8b1c6e40c2dd0d0
12367.0,de36e0426d4f01216653979af4beb0481a1b2735
11988.0,6c2c7613e673a847dc41ad6850dd446ddd3b7dd7
13280.0,088bda5902fe6f663a49461e41bbb57630cad681
10802.0,20384818e1c95ce8b575c32a6800d3adf7f25a92
11085.0,a9d9595101f7e38780f197dfde643fcfcc0814d3
10743.0,aab55e649c34f8a24f00ee63922d049d3417c979
12294.0,4c16931b49aceb38b763b4a24a55a99b6847e29b
10334.0,1e80c1a2dbaceba9a8280c37e4e896599eb927f6
11384.0,dc9e510192d0a8a6f6943cd46e9554364d4dcdd2
11726.0,4449be11edf1a6ac7298fd5c41c30a7c8cfdc292
10859.0,359e7627b46e850688c95cf6d1de48b77f9df901
12536.0,618edbe595abcdca96f508b14d9198d68ac767a2
12841.0,08f6bdeb5652550f36210f64aefda3d0d41e2d79
11431.0,882302d2b0b6a5aad20dc08a98a9384165b3ab0a
10275.0,c77267af5fff5642951ae4a2c9bb09fb6d698c30
11437.0,b9a74813081303399e8fce0f9f5f37f6a8343b03
9789.0,1ee31ee45cc3386cb94bc1f5014f2687da1f63f6
11319.0,7875e856f8dc09372a83d8c5dc0af74a50d17d30
12084.0,48a8fa0e0dcb7b06af113c8f5dd47fa5190407ca
12228.0,3e6db0e99ef56b23b3977b5969413d0b636a6fad
11049.0,6f53d0ab98e0fe0b7d51eb5a14eaa5b04dd91925
12292.0,ca5a4e3d6954eecc2910145111dd91f37d3ccf32
10690.0,d40656e5799dfd22e96b8bab217638b2934a6894
12904.0,b2f989889cf7f68f8573eed70875e283dbdaf2a8
11924.0,e11c48d9ce3ee47bb8a966549b14cbd5b10ee70d
9601.0,853774ada4aa191ec8ad2f5a3484fae46920bf7c
10191.0,36176924bb5d0fe248a56362c6f776799434ebc0
11050.0,c7f4ad56532a378833f88648f6849e76f9d769be
10212.0,a07d9f3f3665ed79401f37f0c5759f271268a34f
12220.0,74ccfc4df6002bcbb44dc4ea65400b8b2dbef994
12323.0,d48e97079914d897e82ddcb1a45261ce4415b8ea
9811.0,416783156c1b07f28131c493a55a93936b5fe163
12007.0,0505393746d56ddacc34bb1c016dba79429c9ac9
10461.0,e6cc185af4dd0b5f56fd4a3f30c0933bbca6e284
12076.0,f42d9e0179f11871179bc9ee4e8c138cd016612b
13322.0,cf9595ae20be49917f2a19b24467e822ac878269
9390.0,8c2944e00121b6182ca7e0ee7d9e6537eb3e56e5
12312.0,a7fdfdf2d1b1d6ff6d4c5495f8223442f65e8447
12500.0,d7c0e952f7a3d0dbf7d9489a8b5c959e04bd9379
12106.0,4185cbb50bfcae9cc30b0fc7b67e81d67a50a8ac
11914.0,c1c4afe60b1355a6c0e83577791a0423f37a3324
9450.0,7a1b9005c220afb9271d20a73e168cf18d0cd631
9442.0,06eaeebecfb73c23bfd531013ca172ee3bf5069c
10459.0,ebdc1c8759f65768212b7e7113b5cae82e9df3d4
10925.0,23bdd4d417f0fda90465e3ab612c682e1d207ee3
9555.0,f47e362a18dee71f31f350a660ed2883699df05a
13355.0,9ad5a18fdfe7c3cb7ff828bc1d6b42b75660db6c
10030.0,14113279768e0511d6adb7b2ffad21863a7c969d
11679.0,d2ebf181b603e7d03e65df941dd754df5de32913
11043.0,76da5f0a21ca98e4bf6706e182fb825243e76204
10688.0,75114feeac5ee6aa7679802ce7e5172c63565e2c
12984.0,b810de658d022c38ce14e49693e6cb45d024333a
9557.0,ae72ea0bfe7f7041d6f7580427fa1f69158bab7e
12237.0,c170b8e0a1b1f761d89fc9edcd603336b65f07c3
10845.0,f6fad22671db9506acee34b9fd33361de78ab148
9479.0,07c77c65b5ea9c246690d2eb116c7c8570dc5a7e
12133.0,e59570ae26670f788d6c649191031e4a8824f955
11574.0,09d721abf489cf20d9055e7163cf1762b7763bea
11563.0,1d10fe2d739c48f00404008fe5754d2807bb0fd6
11456.0,36b9e4c055f32718a036cabaf767325b010c7485
10684.0,066aa6ab7e5aaea495f2f0e1783737ba4567bd66
9910.0,a053416a310868971a5ec743e714961e28d78c79
10916.0,e6817ea2cacff41f2b11b5c148a8f220288fcf82
10111.0,d7884570b10951d156aa086ee29a4df9eab79cf3
11136.0,842d360e4388f255ae69055136909525cb66b276
11497.0,267ccbb4a76913680f4db6b400e05dea7aa84db7
11373.0,6dff721a3a8755356b2e89d02ef63ad8ab38ec95
10158.0,528542176f70f9a889e84e4494032f42a53bec67
12300.0,780b74df5fee729f7dc4781e991653f9b5f862b8
10313.0,fe066966b5afa96f2f6b9f71ec0c71158b44068d
13078.0,ed07472bc5fc985982db355135d37059a1f887a9
12644.0,b5af431ce6b78dbc52f2bdeecdff52fd696bc7d0
12193.0,7a4c2fcdadf8ddaab1cd7fb461fae58bfa36a6ea
10427.0,2d183db0372e5ac2a686608cb9da0a9bd4319764
12002.0,87a746878ba2359a7fb8135ed5829e6c5003b4db
9869.0,be112e1f48bbdf24d0a714b9cafc3fc9f43c7738
12071.0,844c1b44b75bc5345c26d19a8fa4161f5b00e99a
10327.0,7365a99f6e832847808c7aa28718d32fbc744b21
9638.0,388a9ab4cd47d76e6feb592a24d76503a692a286
11393.0,874f6db89d70b3c0221034943b2a427d88b63e81
11872.0,bfa87eb1b0ab53c5f1efab1ec1d91377678046af
11719.0,edd0c0a4bd4cea027842bc8925048976d65b1ae9
10266.0,5eecd55a6f1d6d149b42f9b76aa53d4c5ab8d3eb
10865.0,8f4e4f2a0b543f3d74327cb04113f65cd5d11c62
9723.0,709f791af201caaab4aa180bda259989087cfe47
9751.0,886c021e00c9a12e719371e234bd6df4e01a703f
11593.0,fcf2ed7831185a282895dda193217c2a97e1e41d
12506.0,28ee86a51fa628f65a62d077e8dd9b7099b1749b
12205.0,c13d2723d01212d09dfdda39b0ad439803ec9230
12029.0,34bce5bac9f434dc501f4cbff37b44680271a337
10012.0,b076e227da6beaf87d6c84eff1a92285e4662acf
12903.0,ab3ef6f3f0b859e5b501aa696f388f277cb31de2
10742.0,d4c1f69693ec476b33add0d540631021eea36a0c
9441.0,2ba2076275fab79cf4b8c281ccce506b257cab21
12526.0,91efaaa1d7486df71be30a54d82b907443d80bf1
12498.0,f0a24a009a392f71d9dcf4fcffe2ecc9e9f36c86
10023.0,49f5b931410bc2e56378f20a15e8ac919e0efb88
10603.0,8a8a19ba1eb74feb5da22399a44e81b734c2b2d8
9445.0,6b329a17e194e6e945bda87e0707ccb97e481746
11167.0,d6388ed6457465ab35da8a34ae4abf5847a50cd0
11153.0,adfec1e8440b3af64b642ea75bdb21bbee70cc80
11123.0,06c3a804e7d56cc77f76a28ee34aa67a34daedee
10310.0,315a80ae3cb65da2aa6308abd483f2f8643f1c8b
10939.0,38ce4657bad26cb359c2852b792478264d92ee9f
11564.0,140605ee0f08b7996d69a61610782f48766776ad
11203.0,88af7d0c97497b5c3a198ee9416b2accfbc72c36
9436.0,ff0690ab533b7b882301f8b836ccfda8fd4f7f21
11609.0,63543a7e35639e8b0b8bce6bb3f80406bb925cf3
11388.0,7d5d4a6368e45cb9939acb04d089cb46adbca32a
12313.0,304b3958cf0787b16f4d23e7e45b26c6603c7fc3
9537.0,9118ea65f40874e915dd1299efd1cc3a7ca2c333
11242.0,b9ee83cc227ac0719a0de937ae65392473fe007f
11244.0,3c899337c0d4c895308239a04cead2761822bee2
11387.0,2f12e96d8bfa22c2303ed0482544fb0ab6721a10
10590.0,b6bb0be10ad84d456bb1cea535a4a922d7f2e2c6
11202.0,630a3a877c3c96ce39be7b0611570466c8c9f447
11222.0,32fee92df5fa21e3d1ff6375f7a5a923636c311b
11572.0,314c4495a3a091867186c62b77b33877c238b0e1
12252.0,a546ad4ad63c4410284387e55a8cd63a4244bf92
10342.0,52e3f9835c1a25a8b895773f64524e27a5ae10c0
10207.0,84aa7b5f4167afaa8e4b24f2449ac76c11d5e8df
10594.0,6eb0c7bdbb68d7de0ef507102c757c7ccbf582a0
10972.0,1a2290ae91a944416ef8eb517e97b21733c9681e
10637.0,e2531cb8302b2842c0d3b505f6f619e685c3f4b4
12414.0,14625e57af7fe85eae501582ce1da135fc04c8e8
11062.0,f9210387088fe91b5bc8999cf0cb41a0fe9eacf6
10415.0,8e5b8533ea819d0252d08f45648782ecd543ac70
10754.0,b2979c25d3d7d55a6579de0b2906c66e8fd2e172
11499.0,5a8f346e64cb432a445002230246ee042dbc278b
11513.0,2898da6cfcc893aafc0b9016f934ef08c196b9d4
11729.0,a8e235c35e23193f6cc68cd9d390ec37caeaec6e
13048.0,f06524c44e5f6926968cb2bb3ddd1e523f5474c5
10259.0,25a8973dfce5251c0bd527ffa16ce17174b94218
13073.0,3bda5520b787f84f687bb116c460f3aedada039b
9384.0,173a1a545954bae38e40f4fb0bde228765a9b059
9599.0,839d3dd0b598ecf6f2e93b9f9068c2e21fa1c97b
9520.0,500401bac7dfbb922408de79a1e217856cc7c627
10061.0,19ce1ca783a995bbd0765dfd9d89f2866fccbc09
12533.0,adaed1f84a0d980a660eb7d5ff271408374e5bef
11722.0,994c4bb338ce440a27df5db48b8f5044a3e8f611
11550.0,97bff7df815de472039d366728df8f610528d631
11160.0,ef0c95aca2fd19666711422c14a6b16f8025ed84
9429.0,ba204bc43847a62de8eb8a7941da24f1fe6ac2a6
12242.0,58399c111a4639526f8d13d4bfa62fc3d0695b02
10846.0,63e204693b782b5f068240568853cdd637c29030
10927.0,c8e3b601cd8bf3062d416a5ef74c4a97be611923
11352.0,d7b04e6fc6ad57c58323f16687c366e19bdd0fd0
12540.0,78e1f57c484da15466a34ed543a1cc4709617a2f
10737.0,749413a5d5b94f4335fe5704a107d8b2dd84c7f1
9558.0,16fba547a15958225077303635b816c68263e73d
10794.0,ee02d256611b17d11e37b86bd4f618d7f2a37d84
12539.0,8202e627c7d7897728d824c84a6d479ca84a9098
10858.0,9aed521e6650384533f69d7b46c0210b45ae9391
12226.0,8bc53bef4fd373d0f4276d00793b9a35fb1a4ef9
10092.0,c8728e4e47569a2eb918600fe75f36a6dae4e623
9386.0,5a7906ba6156f57025520fadbff52331eec4a12d
11636.0,a9cd4bfc8fcc7ed43e092c84415c261d30e9c79f
11182.0,f130fa1bca288cb566b083620ba70cb89e2e5fdd
10163.0,cbadaf00e28f7fe42762b55f52294e3a7bb90515
12086.0,4aba316b7973e246af94ab5ace18fd5d5ffe4f81
13246.0,544625545afe2e9c2b358e356c11bb8be53ceb51
11147.0,40a9ecc684d2c5e7fdfc09f46d0912940b74ab63
12675.0,f69e046eef93af5a28de5330bfe15ee348520b2d
10462.0,df03bb5b1cc9fd297b0f19e08d916a4faedea267
11162.0,fed304bcedfed737fa540fc0b6ce0bf27187d4b9
11518.0,aa0f12ce9eacd70932466d248fde746e0b0dfa0d
