issue_id,commit_id
375.0,396eb2fdcab07a89d5f5f58f80b04526f16bf343
703.0,43f072f16f4e21c2a19ec1f7fa7eb73667f102f4
250.0,6a40c7d1252c80df742f7072834ffafb092d5d97
956.0,12ad10f6975d9651d0c696a021fc982c2c5de861
452.0,1fc381a84316bbbd9cb938e09bb9290d52a5bc85
714.0,666aeee79f849d4a8d02d2860b2f33a9bd105e93
656.0,4904a982dd9970f843a0c368d62de55cd6f1c0a4
825.0,64f42f211de19b8b80ac15425f863d959e9a23a6
891.0,9e54a9ef5625161f3b7d6ec49b00eda7672ceb5e
642.0,9cc58b7087eb31eb1ca142a0fe4cab7814b43437
271.0,63c45121abf9afa230852d6d21d774f324d91963
134.0,750206c779060ea8b1cf19e2058a87cd536363e2
729.0,f4d6adfc2c7c34799711c5ed7d425c55f9719e4a
129.0,244c356116238de38bc24c21501ffc4103357e84
856.0,9e46fbab324d887934628104e46472c711dad8b3
944.0,a93ef6f76963a96d6de099656ea336bfea9b7405
98.0,78819664cd923e459213625c521963aa686102d4
647.0,b273d1375500a436ba09d80688f50766d51d6b6f
137.0,35909de7517077444bc9db39aee009b59fc10e1f
559.0,0c226e6e7e1b93b48ba3ba7ad9ade5ff38b06987
1193.0,106c6c7bf889b0db5fe85eba31f3f7f6b52a0895
298.0,81aad79cab9d68d4dc4f8173a3b193f03b87cc2f
382.0,b3e109d5185381f3a000fa8397c55c5f38a7bda0
645.0,5b2c3151e0c636ca3bf8c5632542167536ebe3d2
624.0,44c7eb10c6532e45df66dbb552408455480156c6
668.0,7e5ae94dba1bdc5358adad3bc7a427f92436d3a2
100.0,b1797001f936c5a856a5066597498d01dcff874b
126.0,05865f4b39e4af2087ae89382bbc9e4c42f69564
641.0,b07d63be4c5cdc53f008575cdbda67b310a2eebf
255.0,0941ffc148ce65bd6c916f0ddc28f561cf2eec30
248.0,71c98101b2c343c91fb39729cdda48bdc2a22f5b
961.0,462443a2d1d34d686eb11dd1b9b490c062e688a4
407.0,f0b8c71f66dad8a06e3d5e9d4a379d955fc879f9
832.0,8138ae8e31ef2139774acf2d16d6a8f7e14f40cb
441.0,a27fe8f0508bd441c1af87015bddf6450ade9168
942.0,381869b72712310c05c5643dc89b7fe656e99255
572.0,6d15d46a310b29f9c0936347693dddc7001d2ebe
757.0,78365a362449179b2671d80ccc07fd5f6a4092f5
65.0,5c56855d6ffec63139b1e53b0b476f910b84766c
983.0,2a1de91292e1996f0fff0407ca147c5894be8042
975.0,7b03f8e2043682aa2d1c06e0f7e8258b2f9c43c5
858.0,fbf12c3ee3def0a47f040c545f0d3313d9209662
396.0,1f6f0186d363d73d26e81c84245715246d57e8b6
591.0,12c268c13b848ba3a2408b05e4371c300a7d457e
880.0,fc41a5e8daf40baad292b4a4d9a0228d83bc2e35
332.0,62fddef501465e7ffe4f4eec5562269b7fb5077c
921.0,688f09c0916841d16697bc71b474b878830a83f8
1022.0,72f6b6a5611c08ae22ee72d320995a35b6e45998
772.0,03b9c9b720e30e51893fc1b85eac41362ff7ceda
172.0,7e61c6ddfcc1680d67113dde6f45977d428ce903
992.0,ef8aac61c476bd46747d3d4910a4d494a59fa375
1049.0,8cb7009bcd0f0062942932c853706a36178f566c
161.0,cb39a712f96e74b193f7c62da9d062b047703162
504.0,d378ddf55951f010092627158d12a3160c752ade
827.0,22773b8b32803b6365874998a291ac8595f16e3d
743.0,3e0ffaa34e78e2d13942d5a0b1dcf4dc10eb48ab
866.0,f81243eb1c86598b020169e01a0738c68a4c74e0
879.0,f8757c6f59b063786f7ab52479665cccb8ce21c7
938.0,b92743368bfc357f72a4046e899faef899ee9972
324.0,4b644bf2f130ea34dc11e13ca4a3dde6e0cfeab7
553.0,ab6e54b2cf5fd3badb1a31143146b36beaeb88d9
49.0,3f78ce7d643e10034795cd51405dff39b944b1f5
419.0,a05e9a571ded0b6ec3161112446524355c141d6a
6.0,181348fd4ef76cc5833539cf1ef432830ef7b85e
706.0,b2a22580a6c25d686efbb46730f429bf6b188ed3
872.0,f36635f4dc1764fd3b29919e925b7681ddc28ffa
482.0,60adc95ef1377f79f9cf7555b0e15762c7dbef70
359.0,e08c54dafb6941bea4465f94b46f2cfaff3f9497
155.0,4d60c92184f78e91bed729db0adb2a0272a9c6b5
7.0,fe2832d8b0959e486c09d1be23c44e16e83d5fd3
688.0,a238f0a891031261dd735e82d7713937155f1384
693.0,5508d725b92284b78f3fc5c30db448ba68e3c4dd
299.0,f39eb99eb93b4fea7a4b4f1953bdc86be6994b36
458.0,becd32cc4bf4424dcfaf4b9a495ad0ea97d29886
313.0,68aba40b2dfc9ae68657bcd2139a1897f3ab7f84
899.0,2e6e0e4acd66d4a29b64c9f3a5a08b5a9527ae80
429.0,a54830fb654c3c415f20886f317e8a6443131368
859.0,6fe2c6a06171e6fdc54dfe71e4d649c53c1f0200
771.0,99c9040c3dad802fd0825dc10a6b09b0e3beb017
14.0,4255e4e654af4d68765204cf6b2929e86306c292
907.0,dcd2d039888a4a9e268ac63cb32005d7bc412985
270.0,31b867f632acd87636af9a38d68a5d4cd80acda3
588.0,185620bb3fe891fa6e074555f256df4bb2c58c63
449.0,f8ba5c6f54ae44aa5bf74b6ef6a3d9cb871ec524
525.0,3029ca6f67460a53a0d3ea62c35dbaec10749fa9
300.0,1f147f5e7adf14daea1f59d2ebc88e7539c7e4a7
350.0,fe6752d1f293346e6f1d3c47e12fa6a68503d6c6
663.0,91a3a9da6da1a8ca2ad27ac6e53062fa0aa802a9
118.0,72ab7f6e87deb2e2167ff4d0b69bd0d6537e14a4
798.0,5435b4671577621a3696c5ddd8182779126ccad7
1139.0,77a361966a6cbe73ba153710f10f32cc27d167f5
923.0,9aae5ee34a38167a5eecc028d5bbf1fffa0596ab
1048.0,e9b18f9e84a5b26eb4a42633f6cee98597d70ad4
554.0,fb23a1e4ec0eb4b76fe30b3f86f1ba05e934f369
1039.0,4af4e33e31dc800a8ebaed517e0a781fa3dbb437
912.0,d2ab7c2353eead864d8d30b6b98005e88e03a3ae
532.0,17790dc2c426c4cad9b886d4d62c6721373d166c
895.0,9d2f11164c6c3a30c882cc418c69b114cdef6f8a
510.0,a9c209df7a046846a16930124a865432d7caf2a1
1060.0,8c597751fdbc5a7082ec6f3053c1b066bbac5b3e
360.0,0f69f8cd232f27edd8795fc8c215ba01c414c109
607.0,7110018a8bda23d9abadb6144d896fbbe589279c
