issue_id,commit_id
858.0,a91afadccfea9fc2063f46989fb1b5028d30b6ee
548.0,d7117dd4b55ea3956a543fd69f5af5f74d0fe3cf
470.0,ccf3693be62dd8a79ced19ed9d69f0708d2b3d6f
195.0,dc94ca382048339ffbb144da0a28f47d6b562dfb
74.0,e2419c50f6a43f5476aa0e9c0725925e1b0670f6
709.0,bb9d8ac38ef76599b39942835bcd82694f7b4f53
843.0,9764219f6da245b5febb81b73f48dadd8a699471
872.0,f36635f4dc1764fd3b29919e925b7681ddc28ffa
606.0,a2f1f6352352a8993b391df10a8740ab3c366585
649.0,7b14da9b4c5a61b4c852f9e3e13c2786317df50e
664.0,dcd9cbac4f3492b674b414c9bc1ddc54cbf61c98
952.0,fcf0eb022ee81cc8e961c08c4a89742a9714cd63
127.0,6944ef60f83e7e116aa687a972b5402f1a1bbe04
319.0,e3e7b20d0eaa0684a9af71d7a2403afe101a6535
554.0,fb23a1e4ec0eb4b76fe30b3f86f1ba05e934f369
344.0,e4c18532c3d9f9fbe0448d70a1f00559295b9eec
120.0,2a7d8aa79c8b9b0146e5339df15c030043d58c34
1048.0,e9b18f9e84a5b26eb4a42633f6cee98597d70ad4
1048.0,a700f2b788fa8050abb23598db8282050fd18e24
897.0,3fbe8e7cb3ca57fd8656890ea7855da62d2ea03e
355.0,748fcb76778b618d232b1c829f72d4ef65392441
645.0,5b2c3151e0c636ca3bf8c5632542167536ebe3d2
556.0,b1cf9575050de7ae1d65f38b6dea297e5cee6fba
360.0,0f69f8cd232f27edd8795fc8c215ba01c414c109
613.0,9bde65edda7a917a14c0f649e3f6748017e0db62
941.0,7889b2838f8890122d0f9c4bc141e03cfc25d003
497.0,30727196ed68a97b7b14b3bfd457337c4a7103ec
1181.0,b994c757013a2cfc6cdb9407120e53d94e8906f0
246.0,a8a7356c9b4e39b759153cabf7192fd1a1817e3d
523.0,71b01cedd00a9a6c9a5b835025f110e567a13c8c
405.0,c6668bc23572855a9cbc22ddda20c106b3a87b90
681.0,a85b68962e0ae5cc2e10db4f0da09f1ac856a758
660.0,da434103cc3d61180b876bc965b4bf71f670a83b
436.0,e14e97e4cd45445400322b270b631ebb4424e7bb
1031.0,6763433a687cc651d9ce5c97eeb81d83c4d34f71
1056.0,a5e607b6fc889afd3f8960ca3903ae16b641c304
881.0,0ad1a9a60c5d4d0881ec12321246b0139fcd57f5
456.0,bc21511c5cce21aebae0e432ec52b963be180ab0
373.0,12207f39fef560f60e51ffe2815eea843fe19850
848.0,5f23a764326b8a1edec59f60fe3baebdc7e510da
693.0,5508d725b92284b78f3fc5c30db448ba68e3c4dd
744.0,fd5e0302438ed28d6b676261a4158debfd44058d
209.0,09abde0ce69538dc5068d017ad683e9be1380527
824.0,460d9a418ecf95e06fe800a37a02a186ba8fc0ae
861.0,e20d4754fab0b4aac7e797ef4e87327093447161
186.0,08decb025788d47ed73092563ac4d78bf0b4d704
956.0,12ad10f6975d9651d0c696a021fc982c2c5de861
677.0,5a8e5d21b635882375c7c77a9b2c6dd682d6d00d
923.0,9aae5ee34a38167a5eecc028d5bbf1fffa0596ab
336.0,f8fa8497f3bd192b97dfdba071b60d47a06dad00
290.0,791b7710989b58832299b387cbe15bce776dd04d
800.0,d1866191b8e7c4e4f9279ebff5de2628a7656289
1084.0,19c3e0eeb81f4a231d0ebfd2c18c47215f85e572
305.0,6255017b145df5cc0d09b975e4f257590666a089
380.0,c7ac5d248308f1379c0e5fbb03587532457116b2
517.0,6b29ad862ca292cf1482236934c111783bcdc9d5
524.0,7a93f649a7c4e5f3bdba7285a8c47a1854c323af
960.0,589c2abdfb329d343f5fcc41f674993677f01607
1145.0,91263c37b94a1a3b45be13d35ff1ea19c7b8e1b7
1022.0,72f6b6a5611c08ae22ee72d320995a35b6e45998
549.0,51fe5fafbf5fa8db0757473313419a4eca9642ca
479.0,96747e44d46d99a91879587d311578ecd4664645
884.0,644ad1a963ee3de3d5aba02b4afb0e9effd4b42d
87.0,e57dee60a5ab6266ed375adce12df18e0a3dda0c
847.0,6277ffd860bfb682807794f6b83c5e686283b592
793.0,22223f87486b8f790165c05d816023f83f7c3456
45.0,29a1451210a111b0038e593962973cc12fc23796
929.0,1ddeaf012b58c7d764c2d7a9aaf8531c0ac78ee1
531.0,1605bf1cdb7c4f7bd10f3f215451195d3286fedf
961.0,462443a2d1d34d686eb11dd1b9b490c062e688a4
267.0,71301c695587881d7d34647f32650df3e7329b06
452.0,1fc381a84316bbbd9cb938e09bb9290d52a5bc85
2.0,8bd1d9dd7e2f33aed255c607efab6a2daf55fc92
1023.0,80f440e91c1276f98463dd66007bfd9a7a59a878
862.0,be246928123ac5c354f4e0ceec067c227451eea6
757.0,78365a362449179b2671d80ccc07fd5f6a4092f5
308.0,47c9af815d062e4c1c5bd0750246b3c28cf740ec
577.0,a0f1826be39bccb651bee58ccf3f5c95a76aeb6b
620.0,062d9dcc2e262d8ceb4cdbca3241a1fb9875e5dd
875.0,5eb0fd5ddcdf0b77ad30d7aaf051e5fd013e2f7d
878.0,16fb504ab9bbdeeb3fe98d94243f9f02a85de8e7
152.0,cfeb299684f910d408acb0257bd823ce84018db0
395.0,02987e27ccc411e020156bd8e9cff794f6bbeba9
727.0,ec9873fa85fddc330e55de4ab792bff799fe7c29
621.0,4edd124c0dcbf24ff898eaac855f0a76c7c1e8bb
488.0,cd6d1d2f2a2423db74e18b149787b2efcca442a3
714.0,666aeee79f849d4a8d02d2860b2f33a9bd105e93
341.0,53d76659ee08df73baa823cb84603266b97d590e
948.0,8428e3fff18a870b881c6b664034af863973974b
442.0,9d87e8fd6ffa4c0ab66dd6c399ee3a276302942a
1173.0,bcb0c8bce776a5eba9f5425c57c2ec8385f10e94
313.0,68aba40b2dfc9ae68657bcd2139a1897f3ab7f84
766.0,9d59fa5a8ac85f0699daeb51f8602b7d01d31882
423.0,29d47ebf343547f1c0f0c7f4850c4113409e2844
158.0,bd4d3028ffefac942af1b5bbfec70ffddf3d753c
663.0,91a3a9da6da1a8ca2ad27ac6e53062fa0aa802a9
98.0,78819664cd923e459213625c521963aa686102d4
1092.0,b2ebe0e95c6b9f28574804d5f1ea8d689ccd5211
972.0,580ff415c8f611a9651878e1135922b62673535c
311.0,a25dc906afb675a2b9d9095553be05df84153459
1094.0,88b829aa824deef1166e01ee5fa0ab8813e25cac
1153.0,fd775497547bb51e3d3b38590cbc83e54afd9508
11.0,2bec134c7ae9755f16ef3542df01daabbcbd186a
345.0,60a8d1b9bf4b70aa4ce48cbfbca593cdb5e853f7
553.0,ab6e54b2cf5fd3badb1a31143146b36beaeb88d9
888.0,908a8ddacf330b593540fc2c8a56ceed0f07f128
382.0,b3e109d5185381f3a000fa8397c55c5f38a7bda0
893.0,da2c8e542da6ad684e2678f92f06af9cf6c98d82
743.0,3e0ffaa34e78e2d13942d5a0b1dcf4dc10eb48ab
1198.0,223015a1facba4c2bfa1873235998cd845f0715e
612.0,2f34bcedcec5a5b1a458ecd3eb1adde520b08576
668.0,7e5ae94dba1bdc5358adad3bc7a427f92436d3a2
242.0,19cb4076f1c80caeb8e39825011d0651e8bb1f33
603.0,d923ab3efdc0c39d517e797e39d1cc19e2e2da28
321.0,9ab49a2145c5997e580bd718099e2ca9bca0cf06
798.0,5435b4671577621a3696c5ddd8182779126ccad7
106.0,13f84bf83e0aa35c9fb9ca9fa3214fd470353327
334.0,08c1444e73ad11068b7c4bff4589310ef6ca566f
118.0,72ab7f6e87deb2e2167ff4d0b69bd0d6537e14a4
411.0,f4bb154cedd5068447725a87769f0b494da007a8
277.0,390839b945cfbeaeb4c1c07bf97fc5a99198355f
746.0,74699ac803fa993aa1470bda9fc95a24dea18b30
223.0,bcd271743d0dcc6530b784f567f8254b81bb83ab
530.0,fc31362f0ee2e1ef807408c53d6a0cce478b6240
608.0,d997bddc54d4910630ced55eefbd6b2f7051b777
8.0,e9868b7d98de19672b0737bb69287b1f450a5417
32.0,0238697de663d0045844195347d7aee08952183b
1030.0,ab18b08903a3caa14025c9917923aaf20c0b048d
975.0,7b03f8e2043682aa2d1c06e0f7e8258b2f9c43c5
984.0,b3bf7ec188b7f924a7df1b2884440444be7e1e08
983.0,2a1de91292e1996f0fff0407ca147c5894be8042
241.0,7156d2d5df5922ed729957f98a8ca26adfa83f44
899.0,2e6e0e4acd66d4a29b64c9f3a5a08b5a9527ae80
187.0,9ea8cadaccc55f10a8bec5804573f740d51bdfbb
1170.0,936475258d501b7b1fed1c80080eabfae8179970
190.0,049c51b97100f9f8e149859faad794937ed7dc93
1187.0,4a98b37877050d0ff8cf475dc2fb8b3a93c7da89
777.0,8c8b6816ca9bea1d4611e23ad73a22018605371a
889.0,9a543d05f98a927ea783f2d060c8533d6e7820fe
510.0,a9c209df7a046846a16930124a865432d7caf2a1
304.0,31c9d176e0e013a46e7d45a402a09bdc50d8db4e
239.0,7440386f83fc2f51ec9e7abb4c5379f6a1fe31ed
715.0,bc6883a308055bd76f6ec82d5d2afdd3d911d528
325.0,0a02e774ff42d791326109549900eec13a0a88af
1048.0,b401b16d9a4332b3af64a5ce12c8ce6727885917
199.0,c7f173d4ca97819f9db5b1c704a09a82e5106e62
741.0,3081caa1aafde076a8472d62091d131dd8ee72c8
956.0,a88c693c49feb9c9b9fe253e1e35adb10af2efa5
659.0,6592b73657f0007892d7c348d504cd9be7a551f8
315.0,687a8054818fa6869fb666adc62729eb82069208
678.0,1b50f04a89dd7af7931c53ec41385f3c16135322
866.0,f81243eb1c86598b020169e01a0738c68a4c74e0
686.0,bad238f9964b31ceb3f1801d7a5e47c1b2549383
268.0,f7cfbaab1689b50640adb75476fa14800aaf9eae
619.0,a9352bdb221b7df0c3bec67167e1a8f73d8a2514
1044.0,eef0e0d65c01159c1754e72a060a557cacdecfdb
1052.0,580639904c07c4b29376a144d15fa00f4cd39b9e
864.0,85d087b51eaa1706671b28add8aa86dfc7766a01
721.0,6a58bd08d98bbf4f812dc347537c8d4ab3663cc7
910.0,b536c100e84dd27e4e6208dc42737810ed015d44
437.0,cb65d2ca4a70ad9b387b1402e8f87909332abf9d
400.0,a5cf7d9ba273854d9ad5dfba8a3d3a57ded651fe
501.0,5844690138de221c80be35a6b96382c666878a9c
69.0,5dad6e9b3ae8992ecbe1f90d3d561dc771853abd
892.0,93c14f844ee33e4d47ae07688f0e5ca7219df7de
1040.0,9a53fe859acbbf833c05f14e673d5cc76e5fe135
250.0,6a40c7d1252c80df742f7072834ffafb092d5d97
441.0,a27fe8f0508bd441c1af87015bddf6450ade9168
823.0,8bd7a7a94f4615836de3c431ef5e97da60c77801
