issue_id,commit_id
904.0,0c23b1342b17c420c7aabaafe01d34f3ace98b60
613.0,0bc2cbaf09b35a8db08f50782245413441b8ae9d
3038.0,86c322c3a819405020cd884f128246ae55b6eaeb
1731.0,ed1e4d8df33e53de1516cb025dc60cca9615f637
4015.0,1364e92007308924cec2ac15cb9a3ec79eb9dc23
327.0,32b6364bcd1a17bfb6199af06ae613adf69e5058
5173.0,8e7d2ef13312bfb4ec5e1800f00108806ddc12e8
38.0,77ffaa50e5f7d5cec72ab00f5db7578aacb8282f
1408.0,311293ffdc63892bd5ab8494310529a6da0f5b62
1499.0,a7b86137d03c57cc6a91fd02b56ebb76fa9f4faa
2272.0,45e95b79ce17eef0b3b4d324daa8b0d220fdb2fc
472.0,71ada5476e5b81d9f42e607d5bc0b7e2baa8ef93
2512.0,4ca191eaf22eceffb75da77f9e24d5f3e87665be
1071.0,baf5c59386ab450a842568ab34b5ff83cef15f8a
116.0,a338c29287d1b69d3b29ce9a67a5dd22a5008df0
1842.0,e122c569fe2e444517ab14d2c7dc8351ce3c3cfa
363.0,265910aae6f1b7d56a1fc8d3df4bd84345becb1d
49.0,c9f2865c83c6bda427791bd9db6522a383242655
409.0,0c63c9539dea0dcaf1c9df389b4b5c42ffa36c57
215.0,e9c5b76242ebbca0c4aaa2b1f0fb9213de46dc2d
2741.0,1acacab93b6530baef273ccd5fe97b9ff871e0b3
334.0,6f0e492390ec6c59d3b0d39ff5bd2ba3bfc51bc9
5525.0,54bfb9649bdec565f9798cc41643ed1bae25bd67
1827.0,cf535fe840efb460787942a878f3551b24aa02e8
5692.0,f4e2a10ed6a44300738bd3701ea62b432c9c1a06
4507.0,66ab3347c2fba171d8421271c832c57aa4f7b8b6
5806.0,da15d93d3992c15026ae02e2eada613e1ff7a5ec
247.0,b11e11037f94f6fc23c5fd4052108edda6b57d05
4393.0,de297a3a167a6be3ac1ed94a891effefc12a6d00
5389.0,9be878fc09cf71bb2cb98695f5042cb344bd2e25
4778.0,f173af6b9d214814b1d2a182039052b45648503c
147.0,f7283ad18e7599ddb9094e40be12a7c9464fe194
724.0,8a1c67fdaad763ffe74af07cd886956f40a3825f
4472.0,49357cccbdba2c719b634f2d71a5cbed121b2587
764.0,eb97d257f0b3c32edbadd974679bd64f0989e372
62.0,9b849147369eb908cf77d52d3233bf66878a8aae
629.0,27ff010a4130d65629bd8adbe7d849392ee90103
718.0,65f69e16095799e05de79a3f8f449f7b9edb27aa
1419.0,bdcc78b4ddf47b6161b962b9d9fc8851b11f0117
245.0,ed4aec187f7868a7fcc7c7279489f02be79a8cf9
1723.0,2246280bb6f71d7d52e24aca5b4ce955b3aa1363
3731.0,12f1e468e9f071e8f5c00921d0fbada460e41c57
1887.0,cce631abec4397b10b30f21878f093326b17e223
251.0,5d4e0655d089cf0738846d219a573ae4ab1cf405
2271.0,2e08a9b412327ed18450f9fe9ccbfd417cdbee78
1912.0,3735eb8e5f62a52c5630ede765b443cb1313ff96
879.0,68954fa503cab30e307783773fbcddeef91fd99b
275.0,bbde1d0e0b2995507e5c19a63916fa0a4617b420
3940.0,c33fd47a80a36f779e3422dcf3fb05c2ac037035
4329.0,6aa0ba45532a4fd8e868bb4ea15bf002e430e67f
4079.0,7b1e69dec4cb1f1c66e9df6f754cdd280cff7e71
461.0,36c8da2ad61ee9234159cb9fbc9a0f4b6afd46ba
4703.0,4ee538e44b2650c49054b1f7f4c87ac70350471a
98.0,2909a60e95e1350415358bca8efe526c9a3f0c72
2249.0,de1a6ac677354089e57d05ccb2c9982a4bab45ac
130.0,69078368abb92102f886464fe8ccaa2edde6d3ab
248.0,3a6b80259d246b52472fddc1b4fb80155317ce78
3588.0,c4f57608d60538079d12c2031201574c0f367a55
5210.0,b406affd5bc258dc4f0b7b39f78ed4bf256282c7
2400.0,7bf375098e7ba55626288607b2808bfd96498e06
2190.0,eedb6ce77468adee6817258eebb81ccd93d6a5ea
48.0,eef01a9fdd9bb820e5edf1780f4b950d439e5085
450.0,2318c56f14cd887a358f80768cf660646d6246d0
4808.0,015c82b974841897a637dcd3ddbd40ab48a70ecf
5790.0,2f12f5c259a261eacdb2f3ad2942e57ffe7739d9
4123.0,93385e647a2354b5ad25d6b66aca215b402d1ab4
297.0,02ccca01ebd4d407fd39ad1053395346fe669baa
151.0,a40090a6a73a053dfe6d4d910b44f042a4f4db76
97.0,5c329b65145332541a981df85d70d1014448f897
273.0,d246b926bf320b1b6c064d673cfc4a31d92804a8
330.0,db5cae7c03b803dfe35b1fc4b93788a5ab6dfeba
4146.0,7b4637d083d44dc8d3afe0f7817c66c9efea4dcd
3712.0,68d898d49379f5bfb2e88095b96c9c596883e045
2894.0,65ac0b06dfcef8c0466595931de3e8d37c6174ae
206.0,12475fccbed1227cbd9467b5443b6699f3609c7a
624.0,ff64584876293620dc097b6115ab6e1c42963a6d
2270.0,97e82107b190f08f628a626265a9446b9f3361e3
1989.0,79639d0fec426e03840dad6c71f106ada12bbf74
3812.0,29bbbaa4dd3a985c594c03110ac0710f57f413d0
4267.0,9a28eb0bad1acf986d997905a410058f77911b7c
5821.0,8aca47e25dd406a39efebc28019db0226b6ec9aa
5310.0,9828cb3f0bcc084c99692f19e65c2ff61a06b35a
679.0,96ef4c603c53174fd3bc13862551cf73b1159d13
4480.0,885b0ad2d4cbcbcf882e4ca506116d5da163fef2
332.0,6533115bbb47faebe3b084f3ebf322ca5cb73af0
78.0,71db7f1b25dc6c147273fff5c2fc2adc43bfd7e6
4300.0,2d6d4fb2335ef24b1efca67dcedf5d264a642e0f
2069.0,759a555d288a72191b4ccacc0656ebe0fb476ffe
761.0,2ad8db6ae6320c32a448f432ec13665240ccfcb4
5436.0,35b44f3b98a31f88b123d769a8a7134358cdc868
1769.0,150d1c370b6d426e3300607ca3635b6d587efcf2
4902.0,d0e23486b4e16353a3902e2492cbd4d4f3dd963e
232.0,1d5a7df125fedb6268cb9042f60ba49364a02e30
2537.0,93024c242b8f5717cf281ba98fb324ff8ec9ebc3
5678.0,da9a2f8a946d6341be1cdd8cad0616a18bba6dbe
4218.0,02cdc53fb82e3cc5e51771180f1f79186b52670a
5145.0,6fbd6f941f00037ae4718805352e0fa86a781e41
5827.0,874a87976830ed519ee49742c5b427618fa362e8
977.0,e04b0aff74632702d78f7729b855c0737d50dfcf
4188.0,f558df2558966f028f773307cd5ae39a2d59e57a
425.0,339861367e11353082ecedfb92355b76e2f088b7
961.0,1b03b129966279c8b84acdd1654a74ee83ab599a
61.0,2b14251510cfc802e6493fc477602e9a9266a00f
1154.0,f9208dbcc4d625dee72349e1ca0595fa8273a756
4817.0,797a6690c07ae90f7a2d703832e2fe44466d656f
194.0,8de0dc3647b0e9e317303fe715b3f32b1df741b7
4167.0,a78e58afe0dbe62db0da0ff3705cabaef0ae77d5
1156.0,526aa07f44ab30e128ffb42d12143e4aac9c899e
273.0,002abf204f297b493f3fe01335c136bead5bbf02
4207.0,034e2c31c7d55333c3de208f80dcee1bf45ef9b9
2252.0,a975a50558cd78a1573bee2e957afcb419fd1bd6
4545.0,3d58e5e3be9e266b9b0f89b094823b76511a21b1
4537.0,0a7581df2322c2a49cab717f5ed7f536bd21e470
1701.0,b8497513e7a99674be7b37d35b5207738a3d0c60
147.0,bd7def8fd46574ac18740e8da9112f9016dd05a4
3327.0,01e317e79b11a988a95397c9c154b406847b92b8
630.0,690081b4a07da0e1109bc767481edf7ef4ecc19c
2713.0,3dee913d44e28887f73adc66917e347aba070683
4208.0,74627033c4a1701f3e197216f9f2801d497f5535
135.0,3d6edc2f405167b35b4e4e4f27f8755dd9fcc081
196.0,8ca2ee3d6096413d12d4079035f90861b7c6d450
5739.0,f17d2e711da868c4dbcffc80cb8374175d79c96b
44.0,0319373c612cccb86b82a8b2439a87fcd1c83b29
4094.0,25cd7ac7abdd328c0acdf27e800a2b04c5ea2c6d
58.0,bf87fb8455072883747bb935d6d275864a172829
4835.0,ded9a5a085350237c2ab49b515140c39e6710635
4966.0,30d5779ea94ed1e9343a4590895a3f5e65e444b9
2547.0,4a93be4ad8a3f6531bf39cb0a9a7d068e521f5ae
2417.0,97df139119e087f184d93bdba8cd0e24c4ed3b94
4412.0,3b0820d747e11a1a7722f0777baf923607fc0485
4409.0,db9198bc2048f8c6cba9e812b0e5ddfd6a9f16de
397.0,72543c9ef04e98ccbe0cc1d8104e60a66126e971
1112.0,0c74821805d7f74a1835e58051069d4016227f6c
3649.0,54d106033f2d185c8a33a323d19f627c5cd96cca
2284.0,d8672689761f0bb6c0550a841f35534265e87fee
5554.0,94a0324570729d93f1d6a570e1ca3f88bf267911
4347.0,c4ee4b6075fbb616272788b14b70f0af63dc2877
4471.0,cf39602c3038d576e14c20a2ac22f88006deb63b
541.0,3c1e22618bc2503c0aab1a1be22e28fdd5785e7d
2569.0,b15b4541d1d384de47f57ee69177696fa67e61c4
3405.0,0007cd032dd74ad1c4cffc7f9a1781609786e547
164.0,3891c2084067e8e9ad5e4be1e9d871925b61e6ff
5014.0,e0a2d2b3c99e6f28c2fe62ce4105d8d4ae63ca0d
3123.0,f8c688e6f4704437085c706ae471c81a6dbaff4d
1132.0,fb85bd4b10aaed442e3605c9fae9869eb58416bb
4023.0,1d5c270ce8caf954ce83c8db262e2a35707e0c5e
4972.0,4bdaa54af4470582845206a9fa21779f80a4b123
5451.0,de0e2ccd7b2e7fdc32071e91e9dcdb4e10f190e1
1319.0,148fb14040e69ada4cf653265d0eb4c7db0282a8
726.0,21df09d809a271de3b1a3e00782ba18e6609a46d
3096.0,fd02fa808c12ee556b29a3c28588259cf507cc87
1149.0,dd9f777ba725d7a7dbb192302cc52a120005ad64
4165.0,792d29380e3754a316f61ceadf0dc9508d90b16b
4283.0,3263441fbcec8f46d363926d9106572cb0ecac5e
3982.0,ace2df3d140ac783c622ea5403876fe76af2bb72
1470.0,3919ad64c5873d360aa1a412bee5270aad121760
488.0,e31fb49320a5a2af0232b98ed509623db8a9b4c0
3166.0,6cc6bbb5fc5c102271829a554772effb0444023c
174.0,391cc0606382c0c2a5bf430a8b024256212cbaea
913.0,db2474f7e7ef85809528a6f92aff3127be55734c
4688.0,61459de476348a2606372a0a626fad6c89c39e31
2278.0,3ac3ac4d925ee7ef1eb8be8dc6519606c0fbf9b0
1750.0,e328a9b9dfa4fbc79c59ed4f45f757e998301c31
3115.0,68e45d32e0df6ddd89a784641fbfbfee09351b67
1681.0,7d24df37380cd5a5b7394cd2534e240bd2eff0ca
4764.0,7e6476ff0a4d924e738a9117bf6c1bd8c9c986ab
1761.0,da36b7d386bb1e1ee2900adb8657bfc15343c36d
109.0,201ce525e51372e5beb6b0c724d1ab76f33c6cb1
4052.0,1650812060a66abb46f427b3d5c0790b7b08bba7
4772.0,307e35c6641c0d9cf4b251996ebefd1347c2c1fd
4000.0,916382e109dc06a57f4631448555953d1fa540b5
422.0,37b01a229c036abe09a98dddd174f4974aae71f2
4016.0,17c0d72d0488929f4788a2c4a9951842dbde4833
241.0,2df010a9725b8ce63ae617b3cddb132a0ed58e0e
2777.0,4e84424f2642baa01b2cd9e4eabafc4b68ad17d7
2292.0,60559369b539a90bdc624c7b263c42b4eddce335
4596.0,1d2b692666f9f5265e4845f8a30f04089515f7c5
546.0,8e0b2bd343865fdb195f713151d93fc1fc103b94
5427.0,08557e09db4bcb109eb78e9058622ab5cef77415
466.0,ab01e9e9e45b284de4c6c8a42e4696f28dddfdac
791.0,0240ff82879b849571208b7f88ffefdf8e42cf4e
4743.0,f1250177dc1c486517b9ca8ed136162533014da7
169.0,22555df56a90615d64c886d4655ed1be95e04408
4755.0,a6b67cf4a17f955d76c4924c13267c0cc5c0e059
5244.0,62491753174ca77c2d123b09891f3dd1984d34be
205.0,d14541c5f1a77a46e44686f7337be34bf87b3f59
228.0,3414bf13ee10aba4d8871efbabbd063fe15593d7
4171.0,f1fd7ec318452ae086876a6d4eccfc21e578013d
335.0,3191a0856003e8298d9d4b74aec56ffb5ed38432
1724.0,0d368c5d6fd468aed301ed5967f8bfe9d5e86101
2161.0,27d4cea6a5c1f8fa49e9fb222139c5b922333938
4420.0,ae5f59856c1c60974b8d4ea30868ee4ef0d134d2
1800.0,513ba7a1fba6da2f3612e7910e60e44e0fba8af8
113.0,aeab5370cbefe235c2000a80edefbcfe5d20fc20
586.0,5846d6154ca3adf87dfee7ba7294ef35949177ab
4365.0,49480225d740d3a4618fb49032f5f1cedef16b01
821.0,b461c6f16f769444a8ba73841e7bb22cff3966b4
1147.0,e85679fa6be2792ef910a7caf8cccc1cff6b73f8
3762.0,137a3d814641bc4c2eaa713d4b56680863f54765
261.0,1d567cdce67320f8c22af0a5d2afa096edf282d7
1639.0,a5db7f862cee70fcb999ae1f0c6942da283be24a
4785.0,6e8d20a07a8c1a1f3ad7b3c3d74b7d37f2b47327
828.0,7183a87c35390a08f5644bb9a2a6c620150b4362
2327.0,871eec9827de0fd1c62bd722cea4fff9355d17a6
5730.0,f6e9e6592a28a11517295847b177b14f41cb8a26
523.0,622ffd84d05eaa8d8912476a050d3757a387532b
1524.0,72eeead6db7a5fdbce49a59102bb6a7125d56bc1
1017.0,5bcb652410d9e40e68f4feb73d1fde39b1aeece7
531.0,b377d4c28cf39aa9a43b44c08f45bbedfb081b78
2411.0,bd8c293a97f7f08989cff1db0d9c32f5a2208b77
1151.0,d706310d8b37a2bbc7bcbaee58ba267f3a336537
1622.0,21f638b1396ae1a14288cad87f65c79aea0f4ae5
3790.0,b53ff59a226ce13bbab164afbae06d97efadd572
4995.0,715c05d504d22e87935ae42cee55ee35b12c2ebd
148.0,173e94386b6afe715cefeb9724da0f1e8c152770
5457.0,8c3e5a2421f639f36e9b907d69d4d48b86447e68
2551.0,5ee595d69544f71168d3aef9666615bf2b431cf7
3810.0,8a022ac6ea10ed6909af253e72f5ea7e804bbfc2
3819.0,c05d24c571d0f808df19c5d58ebfaa9ae1932b90
3961.0,5f407cf6579898f5aedffa579ad6db493d04dfa4
1962.0,064f05349ff0760521332e17d4c66b621d8bb965
4642.0,374d9960932932255862f0e281553fc2183cb637
3954.0,13735bcf34b0caf60a52e95a907ef390324fdddc
5072.0,9a91586f6fe90660bb4eafeb82b2b2b5e155976f
318.0,8ea041528f598a222ae070e4c0594c89aa521cf9
195.0,43d47e5d9bdc3af1be56f5195a137755b61efcc9
253.0,0bf9e4627cfcc477f23fb81edabbad85c24911bd
5235.0,8284de5e7613c47e69d40d4f6a2a1dc846b50dd6
1469.0,b876755f1cee619d8c421357777d223037d5289c
316.0,4ac0eea55d0ea0388533105c9b559513a60b41c5
3696.0,500dae82e2ac5178df1b06f2acab22777e6a6571
4574.0,5cef927944152f11d296566767c1d794b34b38e4
5719.0,d5b6c236a90aac37b7942793e4943347ebaa65b8
636.0,51966f59466b7fbe84becf14ea0be55e81852631
4610.0,e6dcfd3c996b7d3af038b3e2300e7c53ca979fb4
1427.0,68d231129834535f002b5991343b6089d29ed3db
2793.0,dd5ab6c5fe54b3d64cdbf89fcfa2b333cd90f22f
1224.0,ee591124808c5776461815fb37b8e68e39331356
4112.0,15c55d0c1d4a4384fd9725d47c305f52918e3831
582.0,45c9dab15b5f991bb47f7bcc8a836ce8a73ef0d1
2258.0,5657f6b8ef00bc0c2266810081c41d52ae56e083
3304.0,d05c8677c5079b88db4405fe2bed83dc437c9204
2067.0,be6da52019990c1db45b1101dd99787752a14313
2485.0,c275ceb17ce10968f96ab9e97f0dda85f7aead8e
3610.0,70a0f1f2e45074315b219cabd3b365f12e6a2479
3858.0,388f23c30cf20d35433a44d1a60d410dc660c00a
4869.0,c292957cb19085137146bde72fe82639591c5e1c
5632.0,14b156528503effa69ea72ac0dd48c43546c10b9
629.0,aef14cbf1b626db557e871f8f0d9b3d5f8e43e29
4566.0,519f752d6dcd3065e81e9387062003a39f3f0b81
5739.0,b1dd893fbb4d2efed3342e6c98a6bbf4b393d48e
31.0,abdf4dee50ac5764a5d5441d8938f0a9c765be3c
3672.0,dda12b653798fe639575db6d55332da744b56032
1127.0,66aef0488a759b911e9557a855f53b81aac51b25
2690.0,8753b458fbef80a6962ae2dfa5082969ba6b7923
4814.0,39bc9a4d288f3b8e6816ebdc0b68b4001b531159
4604.0,092f6fdea1583a9fa31002506a9de22637ef52af
3607.0,4196d4869b8c5c14c9db19290d875fdd9958265d
597.0,ad14cf058b8a6b52f12512e87cbbe1af0cfa1070
5113.0,c5b1ee810167266fcd259f263dbfc0fe0204761a
3920.0,b01d012b5a9ee032487930c324cdba56c9837e51
555.0,ec48df7f8d838532254ddccae514c4a01526b330
816.0,ccde3317d714897ed0d4c05bff7f660df13ba170
1848.0,ebef6d7c6dd8922210db8a4a44f48fe27ee0cd16
4761.0,c1cc3f2f42dbd19b6a80150126322580d063a963
179.0,1e1cc76fb74afa90d2f0be00e3a9db12f4f7e1e5
145.0,c5cd8b9d3d160251e5c352a1aee44ee295f9a8bc
307.0,181d1c09aebaf8235530df45d7a35e84ac936c45
88.0,3cb12e5dd3bb957848edc18c2599fcc1a657e668
687.0,21bff7b3b366ac3fb81a225c5c5bdf7d24dbfa33
2202.0,063315258ee2702b5d7f1e8feba7b701f8ebf09b
1159.0,0a5bbbaed3e182d2151b6b34357667901ece353f
2536.0,094937bc275a25a4d2406db8eba824ed9450a7e8
2.0,faa12d1fbed92f886f490cc3b04f13bcdb3a16a7
4252.0,14d4428e705e9ca739a4fd041ce7e3134749363c
3152.0,9c6d265280a3ef842f325509d2a11db354ef0286
182.0,68c7ef7d9811a0dcc216da60b304cc7e69a253c8
5786.0,90a52957e69a5a80371de69d72a420ce002f733e
5891.0,d47c732ae9ebda84c689563048919923ddb17383
1236.0,3a4d57b3f52633d77291e51f31353fd317034d8c
3429.0,d80f9ed72508e566d50b1779f858d1b5b9716df9
221.0,30d94b5bf577857649aa6c2469957705e476d2b2
1447.0,489c76b83ef8bccd04f113964a346951f3cff1f4
3928.0,fc98aa6b671cf55b62efd93377b8cb27603ae24f
1318.0,b4e382c867fb36c1cc9883a84abbab26678eae01
311.0,0effe139e5289a9771139221e0c82cf1b33ce34e
1121.0,fcf97001a577b9edb36188b37ec3bc6f38848070
562.0,66829c962f7521b3a6cc0f9ad10174d1d12f7762
1160.0,e054b3c45fc63169161aafbc7a943454db4297ea
2530.0,afac3fd2c28ac5b16e7e3c95fca5acd1334f8c58
1533.0,0117c811c954fd3f25ed5c6dc05185c3ef3e18a1
3048.0,9f9edeadfc9d8d3422d4ca15b2b13d5b502ca70e
309.0,a4b5bfbb5e57af3a9972c79d8c683d80e2e0d90b
2094.0,2dd1a9e3bcbd14e56ecb569ff2b10eb68c48bb80
2630.0,79b0d8605ca073cfdcb52cfb240b815b90af403b
2464.0,a8893190a10798b61029d141a52fbb8deeb86d3b
894.0,e7843d35de62f6257162fb3e0f77cf1d7879048c
752.0,9d57ecfc3598c7de524645352586b6cdfa6aabc1
5052.0,0dad0fce72266aa7b38b536f87bab26e7f233c74
1396.0,71c6bd920ed86624a490c8db87b63d8697827fa4
4303.0,afbaf9d4306294c9fef1413646f7045db8337e13
5691.0,92be5ba2572ec14e2580abe12d276e8aa24247b6
3563.0,3adf09bc4f1468f54a703481d6d7ebfe25b6f232
1421.0,fa123b335b3f23dbb79c36700fcba482abf718c2
5601.0,e411ea94eb853eedeee111469c6442d275864a09
5150.0,45c2bd7d9c1d6adf0e051842c422c5d6af1d0a17
4254.0,f3372a3753643fea601564c01fcf65cc25a2db62
4823.0,9f8c3938ccbd1b1aa966f8a9821de906f3db99d2
2611.0,db13ab5ec21dca07310873067fc0a21f71a2567e
2197.0,1e95bf59efd5ea98ef6181793be3b2969327cfc5
416.0,2bd5002fb4a3b31b42b050a5765db889f98bc9ab
3806.0,a3dab41de87d2154f4ef78bbb10b9869f8e34fb8
654.0,ff41d5451e47b1d57d62064ea35a982bf9101886
107.0,1e521a3ff30fbe0a7031aea273f92ffce54bb4da
234.0,f293d08e7ad730ade96d1c60d1bcbfe8091132cf
5263.0,214525c2c16cb527a00e31ce47d274266cb5d418
2337.0,1cbc57faa5439515fb937a8adce64dce01498e2a
2452.0,21d794d35ae1347918e6bf5b2ffe13515ea28795
2767.0,57d04aa9601bc237da4b08777327df241483b389
111.0,72485128cb29751b3b03f6a04e73e4cc50912910
3668.0,c3b67556710e0dd046767ff3364692afe9509ff7
2510.0,f32a229e3de8810078bfa928e4d93cfe355d5fe4
4450.0,bfeb2c8c13de0c45af21228f69395a1131913da5
3517.0,e766bde3a300ada7c11cb7b716162ec07a44fee3
2354.0,bd4f156d165f67b44fbdec100cb8442a682aea48
1522.0,91cbf974150309e8b0401e7d0f5b0c4757bf260f
1601.0,48539af1639ff024e56d499d4ce777d235c32c0f
3935.0,3a7b949d6d8058cdc342dba683bc054d95ed6ccd
575.0,b74e7dd30aa2e11c0499d22452618c0100b2a728
4272.0,957681bcfa2996f76a8de0c9054c03cf04bcdcff
5881.0,d91183738920a8336babc64d514fd28de13feab3
2572.0,fab168bbfbb84059759820ba5134d8406971095e
254.0,2d40705ea00bbc0ce1846dbe675c133cd546d9a7
29.0,bf0050c321b23c09a2aa2b8234913d5d74a1e08a
4560.0,97532a9144cc011e5a6ede84fa7d317c3af60131
5002.0,f95ebd8f7cca64ca868fa064ca74b74add2763ed
111.0,5b0df465e77ffe8be1d04c264449b8e4fada398d
3578.0,4bef6f438d0bab340b4208a89e6a4c6dc85c013a
261.0,6c921896a5bbc64a93b1e027aeacb9cd062165b8
245.0,2459d20cc0d3fd45acd1eeb2a98a6f12a2d57d2e
5194.0,15dfc8a76f1e806533069c5098759492c1cfba72
1220.0,65aa9ccc704cfde74dd1169ef0f963ade16a4d5e
1550.0,a41c64bfb97a7bba8ec138345d48b94d8734d27e
277.0,b0ea457c7cd9346eb295af9f444fad3a3ada6126
191.0,35e6c8725bf8cdd35c23d41caaf7c88e31ff3118
93.0,e0de5f3eaba87a6d4d287819720b9a6c724f61cc
4209.0,702333478d072c3c043c64ec7ad3997befb87943
3471.0,3abe7e6e6da38b1586b720749f53955b8d00390e
73.0,45f55c0df0bc1aec7068b9f6e39d1aa5eee0b046
3621.0,a97a9b57bf1f1197cf785c18fd60419361fa8947
3579.0,016c7e92d1d2893e7a8ce61c7f2e76818e71d019
553.0,70a57dc730c2fe1c66fb647332b88689f9f32dfd
4404.0,1d862e0d353286a94eb52fde91aae2d045124512
297.0,2a1a4477d3199f569a91cbef496aaa0db8592e28
88.0,7865fbf05a03e3177a7481bfa13521eae8829784
1654.0,6827eab2c59e93d8ec46ef308bc751c6c00f32fd
2609.0,b170e9fb96dc763b9b78916e1557021e5e004d59
1380.0,9d9d4238aa8c0b6009aca689b8c23cb8bdab8fa7
4288.0,47b9de93a9c7a514f4007439335facd8ea82a12d
2496.0,245287fd5a357655f7d7e7f2e333e2e7c5794262
5076.0,099fb6ead070e622cf1a8c1be14372661cf44803
4324.0,5e9cc3298be4ca1146d68098899365b334706db8
2306.0,7e8453cf1ec992e5df5cebfeda08552c58e7c9bc
4718.0,5ac135f036baf13883852b726d8d4fa92158897d
3390.0,bafd174a9f174e31bd76493761264f4c81649e4a
192.0,c7d9f6e2700a572924bc1880f2f902a714fc0fe7
420.0,9ad736d7ce175e6edc2d83e9d40f555fc212dabe
1496.0,5279da9916c00c7a6679cfc555f9a2b1863b4821
3993.0,d4b8bf18b2c7f563198d4334f5f5622f1006041d
5095.0,15edb3f6569827653e87212fce45ad20754ec0f4
4912.0,212163e199d5977095dfcd612181762e359ab8b4
4431.0,e5711127b162ce78e6c1b60ef209792cd6eef4e6
1994.0,ed4b9afbc3027df73078d9719c4c2210f037a87a
2052.0,0ab7c1fbf97460d6f110545f29671cbf66e778be
4987.0,fa3ebb1ced2865fab2318ef3722fe57fc66109cd
3092.0,8be28fe4ca8b1cd011d5f7e03661da8a6bb3217b
4185.0,0d416c6191e643d479505ea20757c9bf6a478032
1563.0,9548691fdd47077a53f85daace091ef4af599cb9
4558.0,602bb13bdc401d7ed4cca5e9bfb528a3d2eda3c0
3910.0,3040f77468d7dd997afd2f8a35590cafaff454af
2225.0,552368727a7f89778a8c99726c68669a6f700e73
4759.0,42e4dbb23de238e1252eb50b059666494418588f
3045.0,bdc12f39949731e69aaa32c36490e1b6e56ca98b
1444.0,9616d91e4ac19db59a3c5ad00235b6da93f52f5b
525.0,c92f52ce2cc06b33cb3bb8b768f5075bc0c3e4d5
177.0,c01f81ab44a025be3e20e76e08fd59458bc2e8e6
199.0,cc69b3aa4c88c60ca41a792a60f7e80d75f1b7f3
4069.0,6674f47dbf0a0018f42c8f312ca87b400538963d
4114.0,d2b73b8e214631e78f1f3e50b2886e368f45e46a
4673.0,b6f8693db90d55bb506e40cceb27ff27841a0a17
3210.0,b364d27247b2d9b86c164569c7e0459fa3f8391b
318.0,88e33ad0ad95d5f9049d8d8b1359819f4fbbf704
5731.0,04a1a4b7303632268ece2b749e3326790d0c9f8c
5524.0,e2769cfe484fa9bf3d4b36623471cc605393ec85
1166.0,e034947b5426f4649516cd287a8148f966116ab6
4822.0,44f0fde9057256dc16f24f22cfebc61626a94450
4489.0,2d46777d0aff910ce5d57a1c5678a1ab988993d0
1678.0,b4fb9d35342bc41a0149b74ecca38c056beaa220
1162.0,e3aaeb7f060c9460578767b5783fca2fe33382a7
4152.0,a541c329a9748c3c8a8f9f9acfce9f8a0468491b
770.0,d76108c666114e71e7a2441713d86aa5d18a40b7
228.0,71d7df9273dae5da8765ca4dd7e7ed4dacad5309
1307.0,ec56ed58702820b543f6c1f6c52691d6732f07dc
5634.0,07b079defde98faa09db244b58dcb3904f2887f8
1218.0,1195f906d635cfca885c58130c950e1b7b786d24
2625.0,d7b26edf6b419e379a7a0a425093f02cac2fcf33
464.0,2d91c7136d613cf84d9a2cb79e147b39ebcb3d8e
3615.0,b364bfb68b481a696141aa6b7b3312679670c38e
4752.0,067125c303af40deefcc67cad3426d41aad4dcc2
4139.0,d267e183b40031b42cb702977553f885ff50d578
4174.0,e96ca89a1dd7fff11faa3d00e4dca8f47f2111bb
4519.0,2da952b928059f7fc63bcbae9ce86ac1bb528247
1243.0,5beb9d251c21260d4de9930b31e5f29646b6e4c5
329.0,26c7ec7d9fd145c514c361c8dc79d9e989c08989
107.0,1c5294bee1eb85dd1d0b752d5c5d588803c0b6d9
4008.0,f80c7776ae093b0887b19b65f29bd442ea161900
300.0,aebe5d5073bb02c02acc62148a2538ee51e203da
2958.0,98fb03e8bde18d35e8fe5bb150dfa4f0ad611fd2
527.0,62a7b6fe73945d9300da34d6ed07ac87dbe07eca
5109.0,3e59b0805e8f7a9bd89179203a1307f5cb7fc02a
5215.0,ff272d633237bc873dc956cd8e25117e8777c88d
1353.0,cbfb24dbeb82c791e82f1d9249685aa4d75fed3e
4820.0,e42d82526a1a519ff1305b189acde064a40fbd8d
2165.0,fa78849e335994a1617ed63221a70940c21cca20
111.0,e4d22cb16a1e312ac6fbb1325a55d98cd97156ea
101.0,86de5180fcb1be576dcb44ce4ca072e8a719fbdb
1351.0,6ac971ebacc1a9a0ca727068182dcf8a8c677bcb
584.0,3d4fe60e4780467fc682802e0de39e57578993ec
5090.0,7e23677b52b659b11471a63f3be9905a0bbaf995
2617.0,2c5fa0c13051c6e963bc1f73ab4c52743efed50d
233.0,9f01e3e79e5e733d4809821f6f87e170841795fe
2302.0,a5f4450313a154e654be00a27cb2501a9da26518
280.0,ac007802d6571d73510f8b977d00029b2f69be4e
3280.0,f1d87ee09a01094702e400053cf2a464bf035b9b
2762.0,d847e65aaef68009b1ba4c12e45f34a7783dcc5b
5760.0,75450e75d269b2a2b00b6303af1033df1f69cc67
47.0,82dc57e59b10b25f259f7dec82c3124bdb53686a
2369.0,9755ef933a9ec12e2fc659323a258fe09bb3405a
1642.0,b1e44436bc4629773388d25ad9ab7b8ecf43d15e
5801.0,88eec7a417c55668ebd0b8242e59bc99721d2816
4133.0,1718e450ef9549a4fc71b01dba1e6faf7a63238a
149.0,bd16d1cd488eca45eeac079bb4644388fd9d6214
5851.0,8045d7eaa5a7d1ddb0696132efa0c26af2c47e3d
2927.0,e914556adf8e556d4184db415c49266cc4c91bf5
4056.0,8cb53441b0c86925639df39f8b742dfbc55724ca
2437.0,0c27d252d16f02c764da29a535fc5d68928274a3
5406.0,f449ee53778b038f9ecb1feccb2fa9baa40e1f56
1808.0,329a77a3d0b2a06b4b3881c5097a0ea1f3b0cba8
2989.0,b8870ee8a10360aaa74298324d97c823b88ec5c6
1060.0,fbb1078f58604f02c7fd84d35e3d46e6e4e1935f
4538.0,977ce9f7a8ee2d4b5e32972909f9bde735ef49a6
26.0,e95a28ef3d055384a1ce1b14029820143c1bfad2
5724.0,b9c8db13c2dd5f1e0973c021fa10c208162b090c
360.0,6994959181941529aecd8dd57369b99212555f30
5558.0,ebc6f9c4eb51d7898e21b0b09c4a4304237874b3
3684.0,fa6a0d799b256b0829968f79831e1dfa5ba8f89c
2503.0,c305c46254e773be374218c95862bb497383aa25
4803.0,75f35f558f5a9e0851c05dda85763b679d713ac1
2921.0,1d9c8f5295f67160dbb8a2acdd1223746d608d23
431.0,247b2ad59690a1e1b2e89fb0473ec25944392fb2
4615.0,8b549392f924ddad9536e55c6120638daf688dfd
622.0,262e7599f4333035870bdb1a5e63ef77edc3ab52
259.0,b48ec1dce4c02c36ad6037dc34355f0c7705c807
5057.0,ec5a7918ec2d8888ba356f9e3295dcd1ee935884
1665.0,6ddd8147382348f4796ac905f0357925dfa81da1
1740.0,4c9a6ef3ce1e7361206ab33ce8db9b1436032ecd
5100.0,06f3d12c1208c380f9f1a16cb36ba2dfa3c244c5
445.0,b78e76108f6a23493f87fc7dca5d908dac8a5a68
2215.0,7b8bbc92054539c5185cbeeba37133c7047cc837
1467.0,3c596dcf4606315e4eb88608e3ecde430fe18c29
1657.0,c9e046d11dc63fbdc40effce4e6d15bcecd44593
