issue_id,commit_id
821.0,b461c6f16f769444a8ba73841e7bb22cff3966b4
556.0,8ecf0b786d8770d40af002b8a837b2068a5cfcd5
4208.0,74627033c4a1701f3e197216f9f2801d497f5535
44.0,0319373c612cccb86b82a8b2439a87fcd1c83b29
5665.0,e4f6545fe952f1c1e3324340ade4e19bfb8a197e
828.0,7183a87c35390a08f5644bb9a2a6c620150b4362
3866.0,c4bcfb1aee9250ebb1c9e1cd390b09b3303f99f8
432.0,e8ee449a2a9c98a193be9194d1bed3be334e6484
4174.0,e96ca89a1dd7fff11faa3d00e4dca8f47f2111bb
795.0,aa61f615d86a67554fc7fec5bccf8b8cc489cd34
1795.0,2969e34e8202a0c3e5fcc1f7750f055872fdebb9
1302.0,8b3ca4f250b4d831403c7fcfa72efe7ecdfa5247
2094.0,2dd1a9e3bcbd14e56ecb569ff2b10eb68c48bb80
3096.0,fd02fa808c12ee556b29a3c28588259cf507cc87
309.0,a4b5bfbb5e57af3a9972c79d8c683d80e2e0d90b
3860.0,488156b15f4958aceaef235885751adee777859a
4091.0,229e722a03aced0fb62ec8c631b036c3e13e2188
1350.0,600f27c39bd9d45146d8b4e2dd41be6cd2c788b8
5203.0,bcce0660573cf9309e3decf853488da2ef8bc576
629.0,27ff010a4130d65629bd8adbe7d849392ee90103
1541.0,8dc400c66d2001a28cd3b717355e5e09a5da7b18
1980.0,bd3e71a1eaa2d780c821c6c1625571e1161c1385
135.0,3d6edc2f405167b35b4e4e4f27f8755dd9fcc081
1751.0,94b2c47da54fee16246490967110d9597e79e90d
1027.0,c5222b4b8ab05867b343feca337c04fc0f88697f
2777.0,4e84424f2642baa01b2cd9e4eabafc4b68ad17d7
2721.0,73668ce4076b87d2d2493f2c9b445c643da9055a
2536.0,094937bc275a25a4d2406db8eba824ed9450a7e8
227.0,ff9de424c86d7f5361fd3e2c01f8235323648077
1177.0,06e1ca9ef2233226b6a407cbed6296deb37e11ed
4610.0,e6dcfd3c996b7d3af038b3e2300e7c53ca979fb4
319.0,7643f14c88d51294e1eee99797dff9f68cc63a30
4900.0,440e45d172ed23f5af54184acc7a388212346e46
4500.0,209ab0531599b3b446b686c654051d9335306132
3579.0,016c7e92d1d2893e7a8ce61c7f2e76818e71d019
4123.0,93385e647a2354b5ad25d6b66aca215b402d1ab4
575.0,b74e7dd30aa2e11c0499d22452618c0100b2a728
4755.0,a6b67cf4a17f955d76c4924c13267c0cc5c0e059
1622.0,21f638b1396ae1a14288cad87f65c79aea0f4ae5
166.0,62f5c61a9d70d98bb9a0ed6243524c0ee3e2764e
228.0,3414bf13ee10aba4d8871efbabbd063fe15593d7
3578.0,4bef6f438d0bab340b4208a89e6a4c6dc85c013a
2452.0,21d794d35ae1347918e6bf5b2ffe13515ea28795
1497.0,09f388c328863909a68bd80694b8c719382fc173
111.0,72485128cb29751b3b03f6a04e73e4cc50912910
4818.0,872f68a9892cb085d653217644d079f27afcfb42
4823.0,9f8c3938ccbd1b1aa966f8a9821de906f3db99d2
125.0,a2854e39481ffb79cdca71e28ab03fec2288a25b
4252.0,14d4428e705e9ca739a4fd041ce7e3134749363c
1017.0,5bcb652410d9e40e68f4feb73d1fde39b1aeece7
3548.0,76433feb4f7f818cfcb4ef70a3f4df26f720ac42
2255.0,31260cf02fa60efff42aba0af185f4afe5d18557
659.0,2c8eceb5b83f4c2fd11ed570e3dfd2841b9ce4de
2641.0,cfb56400b29316a43208053a8ef6d48eb0eb499e
5851.0,8045d7eaa5a7d1ddb0696132efa0c26af2c47e3d
5497.0,99cddecd2812b142dc9d7fb05870745b6595896b
3961.0,5f407cf6579898f5aedffa579ad6db493d04dfa4
1563.0,9548691fdd47077a53f85daace091ef4af599cb9
3189.0,da1256a9c8452703213c96ebc32fae1524034442
2034.0,c3109daa729ab9d91dfd9540a876c4a7ada63f9d
58.0,bf87fb8455072883747bb935d6d275864a172829
4684.0,e7a58fe1573176415a9ca054428c53c1ca29931a
450.0,2318c56f14cd887a358f80768cf660646d6246d0
164.0,3891c2084067e8e9ad5e4be1e9d871925b61e6ff
4972.0,4bdaa54af4470582845206a9fa21779f80a4b123
4015.0,1364e92007308924cec2ac15cb9a3ec79eb9dc23
27.0,1a9845b3e89b6368a524aa4db201ca7605d55ce7
3038.0,86c322c3a819405020cd884f128246ae55b6eaeb
169.0,22555df56a90615d64c886d4655ed1be95e04408
2067.0,be6da52019990c1db45b1101dd99787752a14313
5739.0,5433015a25fb7733c4108a58724c98340326a797
5799.0,068af85722a41a1361e170f104e64fccfff662b7
770.0,d76108c666114e71e7a2441713d86aa5d18a40b7
1049.0,ee179029237304a11198d0d2e784cb80e3014c01
4165.0,792d29380e3754a316f61ceadf0dc9508d90b16b
2082.0,ff3e299eb0c6fe486ecdaafaae340bb55a0c226e
1244.0,29529e5e8e4070462b838f291e9a241bdb242e32
3684.0,fa6a0d799b256b0829968f79831e1dfa5ba8f89c
5459.0,4af22bf157a5d25703cf5142097ba1c277f0d0d4
2530.0,afac3fd2c28ac5b16e7e3c95fca5acd1334f8c58
3127.0,426da0ed07637e7efbcfb0fe49546e187d5d7f67
5288.0,144d1eb8341c427fa1fae109db3e9487f255d3fe
130.0,69078368abb92102f886464fe8ccaa2edde6d3ab
5760.0,75450e75d269b2a2b00b6303af1033df1f69cc67
3768.0,c81d120bde53cc57239750f2f79a0082fe909f47
724.0,8a1c67fdaad763ffe74af07cd886956f40a3825f
3471.0,3abe7e6e6da38b1586b720749f53955b8d00390e
4074.0,c91390558dc0b17cdc78046f38dd97273a38ee59
3092.0,8be28fe4ca8b1cd011d5f7e03661da8a6bb3217b
5525.0,54bfb9649bdec565f9798cc41643ed1bae25bd67
5027.0,308a58aa275aa514397351caa263e08de2f89adc
4761.0,c1cc3f2f42dbd19b6a80150126322580d063a963
4558.0,602bb13bdc401d7ed4cca5e9bfb528a3d2eda3c0
245.0,2459d20cc0d3fd45acd1eeb2a98a6f12a2d57d2e
1098.0,39085ae18f337cec0bd074849e4b200ede3caced
2982.0,108f8c4fd20a47bb94e010e9c6296f7ed9fdb2bd
420.0,9ad736d7ce175e6edc2d83e9d40f555fc212dabe
4874.0,91a8451c981fef25b0915fa06a4566dc880b6e16
1524.0,72eeead6db7a5fdbce49a59102bb6a7125d56bc1
2572.0,fab168bbfbb84059759820ba5134d8406971095e
1496.0,5279da9916c00c7a6679cfc555f9a2b1863b4821
2437.0,0c27d252d16f02c764da29a535fc5d68928274a3
3877.0,377d8a7be7aa9d7eaa16e9ad38cd99e7dc49282c
135.0,180c091fb2a281ab1f79f9897b32687a877582e6
397.0,72543c9ef04e98ccbe0cc1d8104e60a66126e971
2569.0,b15b4541d1d384de47f57ee69177696fa67e61c4
3476.0,f6ce716372d9027a55345027989242e0a4dfebf0
101.0,86de5180fcb1be576dcb44ce4ca072e8a719fbdb
3607.0,4196d4869b8c5c14c9db19290d875fdd9958265d
4267.0,9a28eb0bad1acf986d997905a410058f77911b7c
1610.0,34e7dadf38ba1796094c0c76e92ea8d9837681cc
461.0,36c8da2ad61ee9234159cb9fbc9a0f4b6afd46ba
2713.0,3dee913d44e28887f73adc66917e347aba070683
5328.0,3659a8c8d9043a9fccffd2979176ae32fad83113
5352.0,b04cfa48328d5d5749dca6f50fa34e0cfc664c89
4537.0,0a7581df2322c2a49cab717f5ed7f536bd21e470
1219.0,e521740b3951bacc80d3c9c1db8652ed5e914b89
2485.0,c275ceb17ce10968f96ab9e97f0dda85f7aead8e
3588.0,c4f57608d60538079d12c2031201574c0f367a55
3610.0,70a0f1f2e45074315b219cabd3b365f12e6a2479
334.0,6f0e492390ec6c59d3b0d39ff5bd2ba3bfc51bc9
98.0,2909a60e95e1350415358bca8efe526c9a3f0c72
835.0,ee21eaa6f3ea79b4469e502a308d66c770b404ac
676.0,e71b8f266d24d105f83a6895b14ee32fa102fbd3
4431.0,e5711127b162ce78e6c1b60ef209792cd6eef4e6
2052.0,0ab7c1fbf97460d6f110545f29671cbf66e778be
1827.0,cf535fe840efb460787942a878f3551b24aa02e8
2646.0,1c0da1749d5250bbd82c2eb76fe26e49be13fb74
5014.0,e0a2d2b3c99e6f28c2fe62ce4105d8d4ae63ca0d
1236.0,3a4d57b3f52633d77291e51f31353fd317034d8c
2762.0,d847e65aaef68009b1ba4c12e45f34a7783dcc5b
1071.0,baf5c59386ab450a842568ab34b5ff83cef15f8a
5634.0,07b079defde98faa09db244b58dcb3904f2887f8
363.0,265910aae6f1b7d56a1fc8d3df4bd84345becb1d
2551.0,5ee595d69544f71168d3aef9666615bf2b431cf7
4450.0,bfeb2c8c13de0c45af21228f69395a1131913da5
777.0,36d99a0739059668b9cb3c84ad527d29a18687ca
3882.0,44eb21aa51cc0212e68dc0709aaa5c10bfe64e7e
514.0,21a8a9456c90182ecc412a54f6267f0ce92ec86c
5145.0,6fbd6f941f00037ae4718805352e0fa86a781e41
4472.0,49357cccbdba2c719b634f2d71a5cbed121b2587
2292.0,60559369b539a90bdc624c7b263c42b4eddce335
347.0,9ff82d6695860d57a00b6ecf9c63928788d303fa
1962.0,064f05349ff0760521332e17d4c66b621d8bb965
4752.0,067125c303af40deefcc67cad3426d41aad4dcc2
4785.0,6e8d20a07a8c1a1f3ad7b3c3d74b7d37f2b47327
2215.0,7b8bbc92054539c5185cbeeba37133c7047cc837
650.0,b8ecbb7632ec7eddbaed8a53bb06c12eb249024f
2271.0,2e08a9b412327ed18450f9fe9ccbfd417cdbee78
5786.0,90a52957e69a5a80371de69d72a420ce002f733e
4778.0,f173af6b9d214814b1d2a182039052b45648503c
5601.0,e411ea94eb853eedeee111469c6442d275864a09
963.0,4b11501eb5bcf12340851a288e9ab89d47793b0f
1642.0,b1e44436bc4629773388d25ad9ab7b8ecf43d15e
472.0,71ada5476e5b81d9f42e607d5bc0b7e2baa8ef93
111.0,3b2458dbbbfdb3aeb038b3f37575a24128f6f8e5
3988.0,534de7395da3a53b5a2c89960db9ec5d8fdab60c
5057.0,ec5a7918ec2d8888ba356f9e3295dcd1ee935884
1250.0,58717472f74eafa216f499f0c0eb818b220903d6
3327.0,01e317e79b11a988a95397c9c154b406847b92b8
3544.0,b5026b842c8e17ac7f28b28b5fb1c72db2ca8a7f
4290.0,c3b690a5b56eeb7cb14e68783d50b4a6189a1644
300.0,aebe5d5073bb02c02acc62148a2538ee51e203da
2252.0,a975a50558cd78a1573bee2e957afcb419fd1bd6
4139.0,d267e183b40031b42cb702977553f885ff50d578
1319.0,148fb14040e69ada4cf653265d0eb4c7db0282a8
4742.0,195f738bbaa7c090df795161390056c3c6c7f1f7
4707.0,336f19f5cc6edd0392c77f38b857d3e40bf565da
128.0,43028876b51edc2bdfaa2e453e12626c1aa66a21
1887.0,cce631abec4397b10b30f21878f093326b17e223
541.0,3c1e22618bc2503c0aab1a1be22e28fdd5785e7d
5761.0,034dc8f10bee380af469e1af8bff32f5d085127d
215.0,e9c5b76242ebbca0c4aaa2b1f0fb9213de46dc2d
264.0,b11a1326b998344a489bea06e0f18cf1b549ce2c
1421.0,fa123b335b3f23dbb79c36700fcba482abf718c2
111.0,e4d22cb16a1e312ac6fbb1325a55d98cd97156ea
5881.0,d91183738920a8336babc64d514fd28de13feab3
1160.0,e054b3c45fc63169161aafbc7a943454db4297ea
1102.0,0bf1ec160d53746ad109766640d030cf872c17c9
5322.0,c316ca45a5b1b19622c96049c9378d8c45adba60
4023.0,1d5c270ce8caf954ce83c8db262e2a35707e0c5e
147.0,a59bfb539d5fb08a1a27a4bd63a753b571eaf40e
277.0,b0ea457c7cd9346eb295af9f444fad3a3ada6126
5429.0,50c8becbe02e6e71a6e7a57af0b28bcf38d9a3c4
1808.0,329a77a3d0b2a06b4b3881c5097a0ea1f3b0cba8
796.0,e95e1fb79c5e6a5d90682d1be14231c10afd9427
1044.0,7a745b105c628193018a1229afa7a90de2ec5051
4808.0,015c82b974841897a637dcd3ddbd40ab48a70ecf
761.0,2ad8db6ae6320c32a448f432ec13665240ccfcb4
2393.0,6320b743cff305132861ce2d7701701471891167
5076.0,099fb6ead070e622cf1a8c1be14372661cf44803
259.0,f5b188b17990ac5bce43da0aa05494c1fc8937dd
2611.0,db13ab5ec21dca07310873067fc0a21f71a2567e
5389.0,9be878fc09cf71bb2cb98695f5042cb344bd2e25
5072.0,9a91586f6fe90660bb4eafeb82b2b2b5e155976f
192.0,c7d9f6e2700a572924bc1880f2f902a714fc0fe7
1654.0,6827eab2c59e93d8ec46ef308bc751c6c00f32fd
4167.0,a78e58afe0dbe62db0da0ff3705cabaef0ae77d5
269.0,320bdfe39113e5a916146610d5d4b227d589a14d
3048.0,9f9edeadfc9d8d3422d4ca15b2b13d5b502ca70e
3405.0,0007cd032dd74ad1c4cffc7f9a1781609786e547
4566.0,519f752d6dcd3065e81e9387062003a39f3f0b81
2161.0,27d4cea6a5c1f8fa49e9fb222139c5b922333938
4574.0,5cef927944152f11d296566767c1d794b34b38e4
1228.0,5e5e44e91e67ee177cf305b01eaa875a3ceb9a21
3993.0,d4b8bf18b2c7f563198d4334f5f5622f1006041d
4764.0,7e6476ff0a4d924e738a9117bf6c1bd8c9c986ab
445.0,b78e76108f6a23493f87fc7dca5d908dac8a5a68
373.0,3c64a989ca1da3a666155966f2a499fcc5d27397
113.0,aeab5370cbefe235c2000a80edefbcfe5d20fc20
206.0,12475fccbed1227cbd9467b5443b6699f3609c7a
4052.0,1650812060a66abb46f427b3d5c0790b7b08bba7
2270.0,97e82107b190f08f628a626265a9446b9f3361e3
4178.0,731f2d30851762443cc288a1dfaf25b431b4b680
1735.0,a8a6f050e71fbb7881076a8d6e2867e868d26016
3672.0,dda12b653798fe639575db6d55332da744b56032
330.0,3eb5d5e931baab64ca2c2c5be9ffac1748aec32a
147.0,bd7def8fd46574ac18740e8da9112f9016dd05a4
4385.0,ff8e826dd66f81cd61daa1edbf58339edf8a9014
3884.0,67ee0b097fe15aefa787bce64f6fa085d38e69d8
3667.0,954c4b48e626da2f0a50c636532a1bf9092975e4
527.0,62a7b6fe73945d9300da34d6ed07ac87dbe07eca
2767.0,57d04aa9601bc237da4b08777327df241483b389
4300.0,2d6d4fb2335ef24b1efca67dcedf5d264a642e0f
2678.0,2d66c58e01ddc0d76aeb1cac640e54c323ce0ad9
4615.0,8b549392f924ddad9536e55c6120638daf688dfd
1800.0,513ba7a1fba6da2f3612e7910e60e44e0fba8af8
3762.0,137a3d814641bc4c2eaa713d4b56680863f54765
597.0,ad14cf058b8a6b52f12512e87cbbe1af0cfa1070
1842.0,e122c569fe2e444517ab14d2c7dc8351ce3c3cfa
4568.0,6aab3badfafe88aead15065e743eaf09b24fc346
4634.0,5d541731870eaaa3dd658673b82a7d0ca056f689
3928.0,fc98aa6b671cf55b62efd93377b8cb27603ae24f
182.0,68c7ef7d9811a0dcc216da60b304cc7e69a253c8
4218.0,02cdc53fb82e3cc5e51771180f1f79186b52670a
2497.0,f7abef4b39a1deb5a76052de7075df86b699572a
3819.0,c05d24c571d0f808df19c5d58ebfaa9ae1932b90
4183.0,91c9576675745a4921d8b43c12348085936504de
1359.0,7d187735ffecb0f49cffce1a9058961146212f59
523.0,622ffd84d05eaa8d8912476a050d3757a387532b
633.0,690fbdb93c0277107ead68ba4163476ec31108e1
3495.0,886513c3751b92e42dcc8cb180d4c15a5a11ccaf
4538.0,977ce9f7a8ee2d4b5e32972909f9bde735ef49a6
4519.0,2da952b928059f7fc63bcbae9ce86ac1bb528247
4259.0,ce618fb6f234a854ae3b2a14a8a4e488539999bb
5656.0,2d1c0552f5910482ded6be4dc7fcfe3690b0db79
4000.0,916382e109dc06a57f4631448555953d1fa540b5
62.0,9b849147369eb908cf77d52d3233bf66878a8aae
4412.0,3b0820d747e11a1a7722f0777baf923607fc0485
1352.0,280eab241680c93a763a3ef3a9ccd0c257259ca0
2391.0,802ed30e8e838ab70f9b5f8a7f747d53775d358c
1218.0,1195f906d635cfca885c58130c950e1b7b786d24
5109.0,3e59b0805e8f7a9bd89179203a1307f5cb7fc02a
1725.0,85f0596c43781103f30eaff13b567942ff967e00
2464.0,a8893190a10798b61029d141a52fbb8deeb86d3b
5263.0,214525c2c16cb527a00e31ce47d274266cb5d418
1769.0,150d1c370b6d426e3300607ca3635b6d587efcf2
1351.0,6ac971ebacc1a9a0ca727068182dcf8a8c677bcb
5171.0,9f81de2a50568c3bfefc731d91f326ff14bcfd76
425.0,339861367e11353082ecedfb92355b76e2f088b7
4831.0,45c06cfd80f93b09e295fabe838f2e1dc83b38a8
4365.0,49480225d740d3a4618fb49032f5f1cedef16b01
584.0,3d4fe60e4780467fc682802e0de39e57578993ec
1101.0,ad36de4e6278cf635509a1ade30cca9a506da682
1419.0,bdcc78b4ddf47b6161b962b9d9fc8851b11f0117
3920.0,b01d012b5a9ee032487930c324cdba56c9837e51
422.0,37b01a229c036abe09a98dddd174f4974aae71f2
4803.0,75f35f558f5a9e0851c05dda85763b679d713ac1
5436.0,35b44f3b98a31f88b123d769a8a7134358cdc868
4146.0,7b4637d083d44dc8d3afe0f7817c66c9efea4dcd
367.0,f95b164d06d09422fcfaafd214fd0e31ff4ac7dd
5316.0,28eba610e22c0d2a42e830b4e64746edf44598f9
5451.0,de0e2ccd7b2e7fdc32071e91e9dcdb4e10f190e1
630.0,690081b4a07da0e1109bc767481edf7ef4ecc19c
3812.0,29bbbaa4dd3a985c594c03110ac0710f57f413d0
1495.0,692975acb40c6394424dfb728b1ffa46b3b3c55d
2272.0,45e95b79ce17eef0b3b4d324daa8b0d220fdb2fc
2509.0,5ad64204ac0c477246331e9db72024fb37b569bc
1598.0,a97f28fbf09d2e6d97b626433630df8ca1931b3b
804.0,e748ca50ca3e83ac703e02538a27236fedd53a7d
5739.0,f17d2e711da868c4dbcffc80cb8374175d79c96b
2257.0,91fcafde5ef14d2431dc3b87cf3925f536e4b30a
271.0,6f9f6f1f16a4a9ab4ba8966f6e74465d86f16c15
586.0,5846d6154ca3adf87dfee7ba7294ef35949177ab
1470.0,3919ad64c5873d360aa1a412bee5270aad121760
537.0,e2a5310f92b19bba1de1b6f06be6b205d8135693
531.0,b377d4c28cf39aa9a43b44c08f45bbedfb081b78
1550.0,dd45b31fe42635ff43df62c667f1ace5f9169737
2302.0,a5f4450313a154e654be00a27cb2501a9da26518
1149.0,dd9f777ba725d7a7dbb192302cc52a120005ad64
5508.0,517cbc8d717d5f10c8e54114fa32dca6f54588a9
5719.0,d5b6c236a90aac37b7942793e4943347ebaa65b8
3350.0,895df937a3a18683836ca9e228982e9ea5842aef
797.0,2cddc2a379e0564d2e7f7a0cf3c6ced65497af0c
687.0,21bff7b3b366ac3fb81a225c5c5bdf7d24dbfa33
1137.0,786f62664b41f264bf4213a1ee3805774d82ed69
81.0,f4e7ee5dac82eb50c3c647438cba2b9c4370c782
174.0,391cc0606382c0c2a5bf430a8b024256212cbaea
4094.0,25cd7ac7abdd328c0acdf27e800a2b04c5ea2c6d
4079.0,7b1e69dec4cb1f1c66e9df6f754cdd280cff7e71
4756.0,0ccaf89a6f67e3e4de35907fd305f85c7973eb2f
977.0,fdb6bb07c0cbe2cf664993555c376eeff750f28d
1165.0,4d0d04a92e95251b0892356d05ed6b89db3e5ca2
4184.0,82c01c261fc89b1ade289a1f07c4985854cd726b
629.0,aef14cbf1b626db557e871f8f0d9b3d5f8e43e29
5235.0,8284de5e7613c47e69d40d4f6a2a1dc846b50dd6
3701.0,820adb69c0b5ff0080826a9c7af1151973307b45
5801.0,88eec7a417c55668ebd0b8242e59bc99721d2816
1156.0,526aa07f44ab30e128ffb42d12143e4aac9c899e
636.0,51966f59466b7fbe84becf14ea0be55e81852631
5320.0,9ec60e8e4aad9f4ee2405e601ca943beef48a139
111.0,63e4355fba1ec90bec9cf751b8b6fc3483062377
2314.0,7e20725eb78cb34db60944cd1f155522fcf3b9f5
1293.0,9ca87c5b6b3daa7a9f11fdaaa5ae40f9ded9b79f
1601.0,48539af1639ff024e56d499d4ce777d235c32c0f
107.0,1c5294bee1eb85dd1d0b752d5c5d588803c0b6d9
4288.0,47b9de93a9c7a514f4007439335facd8ea82a12d
253.0,0bf9e4627cfcc477f23fb81edabbad85c24911bd
2258.0,5657f6b8ef00bc0c2266810081c41d52ae56e083
5889.0,c7730627a0f99afccca11437b0775757c50ca9e8
2764.0,12971a7b61e61ee48c029d11ccc2d9ae4c0dbd54
107.0,1e521a3ff30fbe0a7031aea273f92ffce54bb4da
2160.0,2a0a96aef098208dde158f30ecdad55c5600fa85
530.0,553c70a9dc774c3621a37f612105601bae6537db
2267.0,fed53c1e28e29bec6475f0003b23f52c43a95c4b
2894.0,65ac0b06dfcef8c0466595931de3e8d37c6174ae
3308.0,64f48efa269c60c76af4ff381b8bb14dda19b3d1
3224.0,c4f096d3a55def4c986174d50ff8b84c8f00503d
4637.0,4bee73cfa7b276e85731944af1f73e41303abd43
4835.0,ded9a5a085350237c2ab49b515140c39e6710635
221.0,30d94b5bf577857649aa6c2469957705e476d2b2
1848.0,ebef6d7c6dd8922210db8a4a44f48fe27ee0cd16
4995.0,715c05d504d22e87935ae42cee55ee35b12c2ebd
87.0,900bf08fb652183ac9ea33d87735f3a0b4343b21
2927.0,e914556adf8e556d4184db415c49266cc4c91bf5
19.0,c13e23641bbc66c5d1a760310c6eb97e35c12c11
1132.0,fb85bd4b10aaed442e3605c9fae9869eb58416bb
1822.0,9f4fe5dc4a2b78d113e9a42acf70cfc64a9d2d11
193.0,3e3a66620b278f7c03e36ebedb3591d0aaa7e8f4
1829.0,8aa2e4f9976d31bbe3a0014b4f1f96ace1b87043
5224.0,47a281d23143cab1264b6720d39ccf7edb30bd4a
2512.0,4ca191eaf22eceffb75da77f9e24d5f3e87665be
1267.0,d52cf8bb036ce2dc6cfbe63f78cfd172cc7c888d
2249.0,de1a6ac677354089e57d05ccb2c9982a4bab45ac
799.0,321a76569d2130a38b2379816c9d00ef6e139058
5002.0,f95ebd8f7cca64ca868fa064ca74b74add2763ed
78.0,71db7f1b25dc6c147273fff5c2fc2adc43bfd7e6
5173.0,8e7d2ef13312bfb4ec5e1800f00108806ddc12e8
4393.0,de297a3a167a6be3ac1ed94a891effefc12a6d00
5758.0,604ddf82fcd488965639a3e67d9b72bd72aa8a29
1530.0,451318ef7a4e8ee7837b83e73b158da98f579980
234.0,f293d08e7ad730ade96d1c60d1bcbfe8091132cf
93.0,e0de5f3eaba87a6d4d287819720b9a6c724f61cc
637.0,61b81b1c9fd1d468dd85f6addf7479b1bc50aeed
270.0,22283854d49de2a4b01fd114880b486f45c5e3f0
4147.0,49b5251e06bf45373f024898f5b4396a4a2c66b2
5730.0,f6e9e6592a28a11517295847b177b14f41cb8a26
4390.0,e4750f2fbdacbeb7a20ae7c6b13bba3fb0f7ad54
4307.0,58ca8bbf6d1589bd0c8cc1ebda52299346f55e8a
330.0,db5cae7c03b803dfe35b1fc4b93788a5ab6dfeba
1767.0,44bc4c06ffe2e3ea29250015036a066be7a7b5f1
3873.0,cf50561b8696b645940ae33ba9b168ef97580477
3982.0,ace2df3d140ac783c622ea5403876fe76af2bb72
562.0,66829c962f7521b3a6cc0f9ad10174d1d12f7762
4873.0,9e265a2c1f6bccb551e8292785e09462594b8402
3999.0,31c631f9ee9220c3494646a4d26690537f4ebea4
3304.0,d05c8677c5079b88db4405fe2bed83dc437c9204
5095.0,15edb3f6569827653e87212fce45ad20754ec0f4
5100.0,06f3d12c1208c380f9f1a16cb36ba2dfa3c244c5
2159.0,1d80efde89f9035acd5f194926c6a44539e302af
1159.0,0a5bbbaed3e182d2151b6b34357667901ece353f
4623.0,a8e08d51cd50e8f0b58a60992d310e56d4f71641
49.0,c9f2865c83c6bda427791bd9db6522a383242655
1318.0,b4e382c867fb36c1cc9883a84abbab26678eae01
4133.0,1718e450ef9549a4fc71b01dba1e6faf7a63238a
464.0,2d91c7136d613cf84d9a2cb79e147b39ebcb3d8e
5279.0,afa5881ada816a2fc5555f6272dbfe87f7973222
205.0,d14541c5f1a77a46e44686f7337be34bf87b3f59
249.0,318f7f4c58f6031485ba8966aff55676b77b7e62
1681.0,7d24df37380cd5a5b7394cd2534e240bd2eff0ca
134.0,2571e1b7aabbddcf617dc3fe7765cb3ca373c32f
154.0,2f8c052484c51ba63037fa7256c027e4376fe3bc
5217.0,4d1ecc31c9bdb42638e8a1f85f7e7f83130f41f3
3123.0,f8c688e6f4704437085c706ae471c81a6dbaff4d
3621.0,a97a9b57bf1f1197cf785c18fd60419361fa8947
2417.0,97df139119e087f184d93bdba8cd0e24c4ed3b94
3280.0,f1d87ee09a01094702e400053cf2a464bf035b9b
2225.0,552368727a7f89778a8c99726c68669a6f700e73
2750.0,0c237c6cac8f220ac2faf40a02ef035941fa5810
47.0,82dc57e59b10b25f259f7dec82c3124bdb53686a
103.0,eed34e88cd6339d62766a471465a1cb75b211783
629.0,acff13d2b9af08476aae6be3865218edd719f235
1724.0,0d368c5d6fd468aed301ed5967f8bfe9d5e86101
478.0,f0851e41ec7559401c3b6e2a5d42b6a5304f8375
1912.0,3735eb8e5f62a52c5630ede765b443cb1313ff96
744.0,a069d366529d8fa9d4dcdfcc8bfc88a90d83e4b0
5678.0,da9a2f8a946d6341be1cdd8cad0616a18bba6dbe
5691.0,92be5ba2572ec14e2580abe12d276e8aa24247b6
1995.0,d3ced85ec350e8c195760a8ce975a18ca42f29a0
1550.0,97b51ea33b6b96241ef87861619e6820ee9e765c
1162.0,e3aaeb7f060c9460578767b5783fca2fe33382a7
248.0,3a6b80259d246b52472fddc1b4fb80155317ce78
5807.0,30c0dc7ac552ec73f25836562ac2dbb913ef34a6
1740.0,4c9a6ef3ce1e7361206ab33ce8db9b1436032ecd
2202.0,063315258ee2702b5d7f1e8feba7b701f8ebf09b
5547.0,49942026d840abd04ccc91154d4671e7729f7a59
149.0,bd16d1cd488eca45eeac079bb4644388fd9d6214
5457.0,8c3e5a2421f639f36e9b907d69d4d48b86447e68
1731.0,ed1e4d8df33e53de1516cb025dc60cca9615f637
2989.0,b8870ee8a10360aaa74298324d97c823b88ec5c6
165.0,19bcb44c258268e13fd56edecd76722e545463c2
4966.0,30d5779ea94ed1e9343a4590895a3f5e65e444b9
5090.0,7e23677b52b659b11471a63f3be9905a0bbaf995
216.0,616ecc5a1a6966c1dd7ff055e993496ebe3d6f18
1761.0,da36b7d386bb1e1ee2900adb8657bfc15343c36d
5190.0,43ea21e8306bc66e8f07abc84cce680726abc7dc
4596.0,1d2b692666f9f5265e4845f8a30f04089515f7c5
233.0,9f01e3e79e5e733d4809821f6f87e170841795fe
1154.0,f9208dbcc4d625dee72349e1ca0595fa8273a756
1693.0,da83f2dca70020b991bafd296f6c7b9161e418b4
4195.0,b5c4c2cae89714479d6fbb5a497fe43d48d886bc
1644.0,57f99fc34ebc7cb8a2a84371b89552e6623c9e9d
2165.0,fa78849e335994a1617ed63221a70940c21cca20
4008.0,f80c7776ae093b0887b19b65f29bd442ea161900
1550.0,a41c64bfb97a7bba8ec138345d48b94d8734d27e
4242.0,e2b5cdeb88bd6bc18019082ce16c3cb09973dc45
26.0,e95a28ef3d055384a1ce1b14029820143c1bfad2
2091.0,1737c15826b4ff1698eb9e9f5aacf659695ecfab
2197.0,1e95bf59efd5ea98ef6181793be3b2969327cfc5
245.0,ed4aec187f7868a7fcc7c7279489f02be79a8cf9
624.0,ff64584876293620dc097b6115ab6e1c42963a6d
3429.0,d80f9ed72508e566d50b1779f858d1b5b9716df9
