issue_id,commit_id
5027.0,308a58aa275aa514397351caa263e08de2f89adc
925.0,5de6a11fda8fb51b23e25df835e39f0e2b4872b4
4186.0,16e0636dcf604b0e002fedd8bcbfbf42371fd5fa
764.0,eb97d257f0b3c32edbadd974679bd64f0989e372
166.0,62f5c61a9d70d98bb9a0ed6243524c0ee3e2764e
556.0,8ecf0b786d8770d40af002b8a837b2068a5cfcd5
3253.0,f8f5f463e64114b5feb38e61fb3ddcda39be8a7f
329.0,26c7ec7d9fd145c514c361c8dc79d9e989c08989
1541.0,8dc400c66d2001a28cd3b717355e5e09a5da7b18
1496.0,5279da9916c00c7a6679cfc555f9a2b1863b4821
4347.0,c4ee4b6075fbb616272788b14b70f0af63dc2877
4761.0,c1cc3f2f42dbd19b6a80150126322580d063a963
5514.0,407562b38b6ab375ae650c8799bdd511025527f4
5678.0,da9a2f8a946d6341be1cdd8cad0616a18bba6dbe
3405.0,0007cd032dd74ad1c4cffc7f9a1781609786e547
4254.0,f3372a3753643fea601564c01fcf65cc25a2db62
2271.0,2e08a9b412327ed18450f9fe9ccbfd417cdbee78
330.0,9b821df48224f5d66a3ef66f5df3b01ebdaf685b
4112.0,15c55d0c1d4a4384fd9725d47c305f52918e3831
300.0,aebe5d5073bb02c02acc62148a2538ee51e203da
4816.0,7b1bc9b7fefce60c51f89f7ed47e1d172e43b2a7
1250.0,58717472f74eafa216f499f0c0eb818b220903d6
1166.0,e034947b5426f4649516cd287a8148f966116ab6
584.0,3d4fe60e4780467fc682802e0de39e57578993ec
4615.0,8b549392f924ddad9536e55c6120638daf688dfd
5173.0,8e7d2ef13312bfb4ec5e1800f00108806ddc12e8
4430.0,dfbe1d95071acfbba159cea051530749b1684460
2921.0,1d9c8f5295f67160dbb8a2acdd1223746d608d23
4303.0,afbaf9d4306294c9fef1413646f7045db8337e13
2284.0,d8672689761f0bb6c0550a841f35534265e87fee
5150.0,45c2bd7d9c1d6adf0e051842c422c5d6af1d0a17
177.0,c01f81ab44a025be3e20e76e08fd59458bc2e8e6
135.0,180c091fb2a281ab1f79f9897b32687a877582e6
633.0,690fbdb93c0277107ead68ba4163476ec31108e1
4822.0,44f0fde9057256dc16f24f22cfebc61626a94450
3367.0,c8f3d07e86dd41074971b5423fb932c2eda6db1e
2327.0,871eec9827de0fd1c62bd722cea4fff9355d17a6
273.0,002abf204f297b493f3fe01335c136bead5bbf02
458.0,c74903f9da8d85909c7225c6a107a109f98056d7
151.0,a40090a6a73a053dfe6d4d910b44f042a4f4db76
718.0,65f69e16095799e05de79a3f8f449f7b9edb27aa
5632.0,14b156528503effa69ea72ac0dd48c43546c10b9
478.0,f0851e41ec7559401c3b6e2a5d42b6a5304f8375
1498.0,fe15f93e533be36e81e0385691fe5571c88b0b31
2258.0,5657f6b8ef00bc0c2266810081c41d52ae56e083
4324.0,5e9cc3298be4ca1146d68098899365b334706db8
2562.0,b2d66dc1f0dab48219e8676f5bc43dab207a93a0
2793.0,dd5ab6c5fe54b3d64cdbf89fcfa2b333cd90f22f
234.0,f293d08e7ad730ade96d1c60d1bcbfe8091132cf
