issue_id,commit_id
10125.0,b470a595f7278acf5e7e47521edf25d3c4f479f1
10939.0,38ce4657bad26cb359c2852b792478264d92ee9f
10968.0,96c3c195ca805758e094780b59077bea9db99f41
11124.0,f60313e29657b2afb6a02f28dba5936bc0dd09e6
10024.0,24daab1c7b3ceebf04a19d3df3fdcdef11fe773b
12220.0,74ccfc4df6002bcbb44dc4ea65400b8b2dbef994
11580.0,43b5e9993ab025bd07851d70de5de7fdfe461d24
10020.0,918c5991faa21cbb48de07566124c57cf16c0cf0
9411.0,f1df4297c27f4a2dab675d253be67eb0372817af
12259.0,91ccb284abcd83a091dc5f2549f6b24df849a2b5
11872.0,bfa87eb1b0ab53c5f1efab1ec1d91377678046af
12740.0,29f27f333efb427830e62bec62fd79b444df4011
11036.0,3b7b071bb7b4537576306f00703c5c409bedbb43
11319.0,7875e856f8dc09372a83d8c5dc0af74a50d17d30
9542.0,ca27e445a15fba61401b2ee23765349515d3f28d
11384.0,dc9e510192d0a8a6f6943cd46e9554364d4dcdd2
10077.0,a637960fab61b66848a36e6a5caf0204c155af01
10259.0,25a8973dfce5251c0bd527ffa16ce17174b94218
12915.0,910e1247b452f29c0297ec6e3bf52b28b24fefcf
11029.0,6dd087ab73b09e449144ff17450cc14f981b9ac2
12056.0,e4e342f70dec046fdb1a092e5a12c565f37b9ddc
9944.0,3578599b6499eac4dc1f320ec5e7d96433777ee8
10679.0,d18c564548104c862892a1f73423e333f11f7ce2
11390.0,2fdbaa10ab0fd72f962923c4cf73e024424a3022
11585.0,64737f23ea9500c248acf91b117c09ef7a43d470
12534.0,f6a30b005535fb45a5b4decf084af437ac7fc7f2
10230.0,bf1378f39d02b7d0b53ece5458f9275ac8208046
11458.0,9148325b9ca9edf94aaebd453b3cf86dba2ef99a
12009.0,5c934bd646b0781eaf03e5b533ad2b6bfda401d5
12526.0,91efaaa1d7486df71be30a54d82b907443d80bf1
10035.0,a1d544f4a156373b1c9e72d3af0bf87e4d81d90c
10419.0,a68c516e731faba8efa884603bb06d17ad494d69
12496.0,ee3d6a6465df01d27cbf3bb3c5bace05298756e3
11529.0,e47a003ed160d829300f6782a2e3ec014c739144
12133.0,e59570ae26670f788d6c649191031e4a8824f955
12241.0,63320f807788e16a9a6310180714692ed5c113d8
11065.0,c2a6caae852adb0c832da86d5815c26b2e7d24c6
11622.0,1c221934aaeab20ed5b6fa245b33b00a8b557533
11079.0,2780ab0c9712b41c34693758141f30ae3d3c2e7f
9398.0,4eab0556d29f11ff41758d80c15d6457263f6a93
12281.0,c0d1709cbae3d05efc6dd224230012bc120be8e5
11296.0,6939d91768543d953412a321983915eaf013ebd9
9570.0,62c395e7b6c7eb405614969035407560c82f5096
12711.0,61052bc1f1c141c5dba9f83a4af14322ec4e6d7c
11043.0,76da5f0a21ca98e4bf6706e182fb825243e76204
10111.0,d7884570b10951d156aa086ee29a4df9eab79cf3
13078.0,ed07472bc5fc985982db355135d37059a1f887a9
12540.0,78e1f57c484da15466a34ed543a1cc4709617a2f
11609.0,63543a7e35639e8b0b8bce6bb3f80406bb925cf3
11643.0,4b54657ab4806b0aaef8f8eeb973edb83c3d3483
10207.0,84aa7b5f4167afaa8e4b24f2449ac76c11d5e8df
13280.0,088bda5902fe6f663a49461e41bbb57630cad681
11513.0,2898da6cfcc893aafc0b9016f934ef08c196b9d4
10242.0,a3664246de4bb8ef3232dd84ff47fc2694c69e58
9921.0,0bcd9061856d699d9054f9475b5e59c51348319e
10727.0,b88bbbab2695dd0e24905417006d2240c6595481
11924.0,e11c48d9ce3ee47bb8a966549b14cbd5b10ee70d
12322.0,979e880c53f44d502cfc3648740bcc1300d6c4f0
10962.0,1788a0a901efccfffcead3d64a5b8e5876998d32
13037.0,ee3997f2e6dafa5e1fa93b71dcf428a29f8066f6
10686.0,7205d903fbc079bb99fbae0e3c02e6d2b4d227f0
9453.0,4f2e65c385d60fa87bb143c6c506cbe428895f44
12170.0,3dbc940b9eb690e92fa6d7fe7ebf897a552a1c50
10934.0,8c6f8d8c797c1b8576063cc973e6b9f729ec7612
10212.0,a07d9f3f3665ed79401f37f0c5759f271268a34f
11636.0,a9cd4bfc8fcc7ed43e092c84415c261d30e9c79f
13467.0,afff7b4326f380a54c73400d1e2ae03890162bdf
11258.0,2bfd1f2c950df5fc3f40b903c1966f1b0a48bee4
11593.0,fcf2ed7831185a282895dda193217c2a97e1e41d
12466.0,c8b0e33c3edf7e1f70b2fbf60a250909c917d55e
