issue_id,commit_id
9715.0,25d0193eaeed91ac899bf8b572d98ce0e0c76d3a
10029.0,58fd1f0589d33aeb33c4129cfedfb7737495efc0
9555.0,f47e362a18dee71f31f350a660ed2883699df05a
10282.0,e6d21795d363165b36962e71ea7ba7948185e26f
12858.0,0a0ac3fa5462cf4a72636ca4498a0a82ac91fc32
12147.0,6368af9a5685266a094415eeb7c73e6d23f7d950
12534.0,f6a30b005535fb45a5b4decf084af437ac7fc7f2
10952.0,6d30ab70a4f116554aa610ec1c00a6bc5f1247f3
11294.0,2b963e5ab64166ecde96c2828b937414fa9bf4e5
10327.0,7365a99f6e832847808c7aa28718d32fbc744b21
10913.0,695a928224bb8d5efc6483fce1c40dae65dc7bbd
11393.0,874f6db89d70b3c0221034943b2a427d88b63e81
10939.0,38ce4657bad26cb359c2852b792478264d92ee9f
12894.0,3d48e278f8470f7f6fb9aead5521684f618ebc07
11508.0,a37b41d5ae799c338958b3eeeb884074dfba865f
12903.0,ab3ef6f3f0b859e5b501aa696f388f277cb31de2
12841.0,08f6bdeb5652550f36210f64aefda3d0d41e2d79
12496.0,ee3d6a6465df01d27cbf3bb3c5bace05298756e3
10916.0,e6817ea2cacff41f2b11b5c148a8f220288fcf82
10749.0,1c4bb1ed8286b723d99b419a6a5e63286353b149
9677.0,685bda8db301269b0f8542925f35678ed398f6df
10066.0,7ff9303041729bb69bd416e2ccb6e7a87ee7cc2a
12498.0,f0a24a009a392f71d9dcf4fcffe2ecc9e9f36c86
11879.0,bf0f25f79a368aecc79515be6a7f20a87de2c436
10130.0,08c873669f39b37743014db99fcd2d308f8ea5ea
11629.0,29e740e0965be5f460f67692a284a9a2deb6bb04
11085.0,a9d9595101f7e38780f197dfde643fcfcc0814d3
12539.0,8202e627c7d7897728d824c84a6d479ca84a9098
10801.0,93cd2400ef005cca2048e1c78a84f24cb429e0f5
11398.0,f199d00ea5bb2230230a34193fbce7ecb5a4d4d2
11189.0,67d563c455072dd26e4612a0b050b9f8363385ca
12203.0,79d9d3c669f5dded8beb38eec0a0c9519885df77
11242.0,b9ee83cc227ac0719a0de937ae65392473fe007f
11551.0,08a6dd04f9143a04ee77af1128eaedb3218c6147
12644.0,b5af431ce6b78dbc52f2bdeecdff52fd696bc7d0
9441.0,2ba2076275fab79cf4b8c281ccce506b257cab21
9811.0,416783156c1b07f28131c493a55a93936b5fe163
9580.0,0121ba067e19c023b725f9bee581633a276db890
12259.0,91ccb284abcd83a091dc5f2549f6b24df849a2b5
10727.0,b88bbbab2695dd0e24905417006d2240c6595481
13322.0,cf9595ae20be49917f2a19b24467e822ac878269
11401.0,5ef0fc3215fb43f5772673b31c51ad8a6582bc39
11166.0,6773d96ee495e205552551b49b08f2d927d36ebe
10921.0,0151028441d30525a0a553eb7fab4b08269e8266
11901.0,8f41e41eda6e8ea96403cae5798a5a89c8bb5605
9751.0,886c021e00c9a12e719371e234bd6df4e01a703f
11010.0,028c47dc5ce8de8a5513d984969f1f4231be6cc6
12506.0,28ee86a51fa628f65a62d077e8dd9b7099b1749b
10357.0,bbf4283457e38859d6dff5a2f0990f8347799e6c
12751.0,58cebe948addc7c4cb8762b2e67c8ce656a9d957
11021.0,66f8cc7ac4942f7f9fe0164a2a854a6264b87735
12228.0,3e6db0e99ef56b23b3977b5969413d0b636a6fad
11100.0,5a6af4bc6d44e9adbc2a21804bfcd18c4ce849ef
12675.0,f69e046eef93af5a28de5330bfe15ee348520b2d
11254.0,4dea0f867aa29c4e6bda2a66cdf1254adfa20400
12193.0,7a4c2fcdadf8ddaab1cd7fb461fae58bfa36a6ea
10125.0,b470a595f7278acf5e7e47521edf25d3c4f479f1
11559.0,58432f2c78cd5bc1d9893c63b3cb8977dab31670
10346.0,1365ed5d9a872631b0d451f8508cc61d79228dc0
10047.0,c98093f6ac852534493956ce6668f7294d608c82
11394.0,c2244d2a4cb5f86968fb117f75469283a19b8a24
10236.0,2eed2a5d688e8720740f30d281a18fb2c13a15fd
10207.0,84aa7b5f4167afaa8e4b24f2449ac76c11d5e8df
10930.0,907e8035656b0597a7a2f3cc1bf237a8cbf48821
11278.0,6e004306dfe70ab499afc04c31808fdac594ae08
12300.0,780b74df5fee729f7dc4781e991653f9b5f862b8
9948.0,d673afd5979a4e541266763f65bbd65fabf20b0b
11507.0,8ef5dcfd3dfa385e00e7d2654825f7f79d2dec57
12904.0,b2f989889cf7f68f8573eed70875e283dbdaf2a8
10024.0,24daab1c7b3ceebf04a19d3df3fdcdef11fe773b
11504.0,b7fad0752779177e0968f93832d8a5b302236a7d
9429.0,ba204bc43847a62de8eb8a7941da24f1fe6ac2a6
10963.0,4bcb8c95d8bba3147dd86446cd91be77051cef96
10957.0,79a48bd9ac947dd6bfde19f24c4bf88b0002a5a5
10158.0,528542176f70f9a889e84e4494032f42a53bec67
9511.0,d79200a51710a23cc47b4ca5ad3f8df7c32f4eae
9450.0,7a1b9005c220afb9271d20a73e168cf18d0cd631
12133.0,e59570ae26670f788d6c649191031e4a8824f955
12084.0,48a8fa0e0dcb7b06af113c8f5dd47fa5190407ca
11065.0,c2a6caae852adb0c832da86d5815c26b2e7d24c6
9656.0,5216360a3c70b0f4d685966ef449645fa131ade8
10765.0,1fc585adb57f20a2acf69f0cd08b731259b8d2f8
11960.0,2e0de19d629e2eb5be4f614049e5f0d32887d155
12106.0,4185cbb50bfcae9cc30b0fc7b67e81d67a50a8ac
10781.0,1068e173eafd15e5aa9f40b9f73590a7f5be4a84
9375.0,dc698c5486117780b643eda0a2f60a8753625b8a
10802.0,20384818e1c95ce8b575c32a6800d3adf7f25a92
12536.0,618edbe595abcdca96f508b14d9198d68ac767a2
11352.0,d7b04e6fc6ad57c58323f16687c366e19bdd0fd0
13373.0,985521ee7050df39f9c06f53b54e17927bd1e6ea
10637.0,e2531cb8302b2842c0d3b505f6f619e685c3f4b4
10975.0,4c015964da4e7e2dfa504461f020408d0692a57b
11558.0,384d3bc35db3359cb7c1f560e053f2a510d9381a
11392.0,e15533e6c725dca8c37a861aacb13ef149789433
11162.0,fed304bcedfed737fa540fc0b6ce0bf27187d4b9
9944.0,3578599b6499eac4dc1f320ec5e7d96433777ee8
12168.0,ad5db1010c40500793cc42539f1d97fa5fe36221
12065.0,a6c8042121371b5873773ca767f28cdf5689d5e4
10132.0,f6fabd1a370c27aff4e8a82e5a3edce52aaf9c2b
10972.0,1a2290ae91a944416ef8eb517e97b21733c9681e
13196.0,a39f10acf3eac5e6ef69d084616982a4d4ebd8bb
12287.0,cf6ca32e7ccf05bdfb35aed80726265b61256ea1
10183.0,50411ccb0e7059ad2bd9286b64ffc2cda8957025
11564.0,140605ee0f08b7996d69a61610782f48766776ad
11170.0,bb8cc405f3ea3b74a9f3908b606a35f08d8d0be8
10003.0,73c90d014f024bfa13360c34fa99fe6220cc8e98
13073.0,3bda5520b787f84f687bb116c460f3aedada039b
10956.0,eb8b70addf6ae58ef17739b4c35cc22b1c4c56d6
11499.0,5a8f346e64cb432a445002230246ee042dbc278b
11062.0,f9210387088fe91b5bc8999cf0cb41a0fe9eacf6
10984.0,72e326dde38cb731424210bfd6e56f301ddc9e2b
11115.0,cb9d79efa87043f76989ed530de2bdb4b1fe8d19
9817.0,ef13db05731bfd53fa0a877637c99c1734be933b
10871.0,812c9fa61a7cf5a85cc360ad2d85b0a7a47d33d6
10688.0,75114feeac5ee6aa7679802ce7e5172c63565e2c
12086.0,4aba316b7973e246af94ab5ace18fd5d5ffe4f81
11643.0,4b54657ab4806b0aaef8f8eeb973edb83c3d3483
12253.0,faf0e02621df87abde519466aacc130157e29c6a
9638.0,388a9ab4cd47d76e6feb592a24d76503a692a286
9910.0,a053416a310868971a5ec743e714961e28d78c79
12459.0,91765e700b1d5e465fcb56bd2c2f56384bc2772d
10856.0,213170d20241c918ff42078e2de3e9a908244093
11387.0,2f12e96d8bfa22c2303ed0482544fb0ab6721a10
10034.0,49b9682b3570211c7d8f619f8538c08fd5d8bdad
11153.0,adfec1e8440b3af64b642ea75bdb21bbee70cc80
12775.0,93b0f1ca916a693c98e32c23a94a2893574cd58c
13388.0,b75b2f7dcf5d3c83e33b8b2bc86f1d2543263a59
10927.0,c8e3b601cd8bf3062d416a5ef74c4a97be611923
11154.0,3184efd620840fb6032526df32a09185b7ae18e2
10468.0,a2d11d4724d3cf4a0b18a7fe8448723d92e1c716
9921.0,0bcd9061856d699d9054f9475b5e59c51348319e
10879.0,f99f633725815635a1cf24aa2dd70bdb094ed7aa
13144.0,efe72ef433852b1d7d54f283efff53085ec4f756
10334.0,1e80c1a2dbaceba9a8280c37e4e896599eb927f6
11664.0,5e126ec99a4909efe45f2f32ae076fa4ac8c0e21
11182.0,f130fa1bca288cb566b083620ba70cb89e2e5fdd
11116.0,9149ff85210c1cc8b294b26ea37b8f6d7d51c8f6
11725.0,7cd6c59789c8e469c0d3cab6bca7ae3d2d028002
10817.0,e77a4cf3f85b45ad4275dfd661073ace1cc06e5a
10660.0,5103fd8134ccf2ef6ed114d525d8b07d148716d3
12500.0,d7c0e952f7a3d0dbf7d9489a8b5c959e04bd9379
11037.0,780f5e447799b4ab343164ab8beceabcd4ab15f0
11679.0,d2ebf181b603e7d03e65df941dd754df5de32913
13467.0,afff7b4326f380a54c73400d1e2ae03890162bdf
10153.0,978efb61b9cea47ddc2b5226cefee2a890693557
11395.0,f2b261bc2555773bd88cbbeda976f98e244d02c1
9542.0,ca27e445a15fba61401b2ee23765349515d3f28d
10737.0,749413a5d5b94f4335fe5704a107d8b2dd84c7f1
10462.0,df03bb5b1cc9fd297b0f19e08d916a4faedea267
11442.0,0a639230018d0c9e9f12476dc8b1c6e40c2dd0d0
10966.0,57fba26d8cb8434a14140c0ea65c2c71a14636bf
11089.0,9e1a0df3cd1d1bbbe7f9010c4c943bedfdfc3487
11030.0,9a4c5d8f10667e571c23f1b2f2e0397a85368bea
12465.0,408a344e50ef809812febc6e8dcabd34cfc11c60
9436.0,ff0690ab533b7b882301f8b836ccfda8fd4f7f21
12115.0,2e1a3816676724576f75ce76b18ed3ba2fdea670
12056.0,e4e342f70dec046fdb1a092e5a12c565f37b9ddc
11466.0,df8186833fe47a6fd4b7dbc52fe12f9df73609fb
11437.0,b9a74813081303399e8fce0f9f5f37f6a8343b03
9869.0,be112e1f48bbdf24d0a714b9cafc3fc9f43c7738
10373.0,67e242d926b577f440217d9d10b890f54bb875c3
9952.0,a8ca67f281bdc5d751204e3b2bf6e98731513a27
13472.0,4d59675b65b6733e525286bbd512e9d5a42f3a22
11038.0,e8f8e62add2a7073e50cd31f4f6571bf1ebe21b3
11701.0,13b255dfd832dd78bca90fac142325df534d51be
10389.0,29a22a8d59b5e2c4282f1e7f664d82595049eb9d
11388.0,7d5d4a6368e45cb9939acb04d089cb46adbca32a
11670.0,bd2968348c330dcb497d114f4b9f9783552113cb
11123.0,06c3a804e7d56cc77f76a28ee34aa67a34daedee
12122.0,328df7303425c2e3bf4274bb1eb0a2040bab5d8c
12029.0,34bce5bac9f434dc501f4cbff37b44680271a337
10946.0,6746bda3dcda273580fef2d911c6cc333c8a626c
12192.0,a1397169ddf8595736c01fcea084c8e34e1a3884
13265.0,969db5ad69b3efed0ad6bd293812c1c08d71feb0
10552.0,5a7a789ee9766b6a594bd4be8b9edb34e71d6500
10794.0,ee02d256611b17d11e37b86bd4f618d7f2a37d84
10967.0,d88f2006af35179b986479ac6ad5a20dac8ac9d1
11820.0,0cfa5c2709906a7a76f552f71a562f899e408695
10929.0,7386841194d139ee8d1de2749fa64f86150f9c2f
11136.0,842d360e4388f255ae69055136909525cb66b276
10046.0,3b440235e237ef59ec5763c413e7f4292dab5d79
11163.0,621ec292c2609b82fd3f992b5a66f3d6611a4477
10590.0,b6bb0be10ad84d456bb1cea535a4a922d7f2e2c6
11529.0,e47a003ed160d829300f6782a2e3ec014c739144
9623.0,bc54e152666bbd7ed741ec812ea2fc24c894ed11
11161.0,03bd8709778eefb611e470c76af44b2ce90fbff8
11668.0,cd44c6e0aaff4bb52a060d778025b32dbde09b44
10864.0,e94e2cc5761e1a516f70e1706498b85cf9287297
12669.0,6b8a3bcd79beb264794ea72fd7a86c64c3f27736
12090.0,8c9de8349ff4498c83f72fdcf5e432a6975d9722
13078.0,ed07472bc5fc985982db355135d37059a1f887a9
9611.0,96f71e70dc54282df4a693c54efdbfd7d52429af
12494.0,dc83851aca230648c4f75ac1a0d4b9971b2d6aa0
12984.0,b810de658d022c38ce14e49693e6cb45d024333a
11181.0,9a9abbac2ab66ec2fb6dfffea3249b32fdbbc894
10030.0,14113279768e0511d6adb7b2ffad21863a7c969d
10690.0,d40656e5799dfd22e96b8bab217638b2934a6894
11563.0,1d10fe2d739c48f00404008fe5754d2807bb0fd6
13422.0,2b1f8ed204609954ab04f7a8c123d400f929e9fb
12306.0,b4e01aee7f4a9b815542c77c3d537e7ba66dd8c9
9865.0,af804d0a5db9a8f20fbb083b48655b2687ce89d9
11561.0,6207edd1477696f4a8a1761993544d72d766bd8e
12499.0,a374c93092341f24027f60ffe32d56d2bff29b83
10173.0,bcf0031b54d555179be81c088cc3df0a723d7907
13048.0,f06524c44e5f6926968cb2bb3ddd1e523f5474c5
11107.0,244546c2fe5165b6770eb456afd5fac8878473c5
11580.0,43b5e9993ab025bd07851d70de5de7fdfe461d24
13289.0,63c0369b2466cdf6002b821351b3ea0ab42cd132
9937.0,6171b3656ebd9b6038f709ba83f7475de284ba4e
12949.0,c658993cf596fbd39cf800873bc457e69cfb0cdb
11622.0,1c221934aaeab20ed5b6fa245b33b00a8b557533
