issue_id,commit_id
2341.0,4f689c41d9d5aa1161b185de9bd7fb6d85b6cc25
2071.0,6478d7bb99ef7dcdda19ce3e58c00500ff72e60b
1510.0,595fb7e1fac3eea207816a700565f6a549e160d3
1431.0,aaebe9fe252454a319de1f0e583d0e5a8635e399
3680.0,a12a34100ac0ab85c29f87117ac0b75100b52d3c
2017.0,f4a1ca8fc87bd28ad75502a78005226899e08a2a
2662.0,8c0d8c1c147a2534c8ed60f7dc62080371126c18
1418.0,dac45f6c5d2dc69a59561dc70579cc16a980bd21
2554.0,27a7171d42c878d5d9094c0117466e862ff91000
1942.0,17685da8c069a1698b893cb6f5e41957f77894d2
799.0,ab1be65c88b01f3318e42afd089006d24e083274
3241.0,48d0e86313b479f97cec1a9869bdaf468c248666
1181.0,4f5d3eab067f8821b2a69bfaa9be5ab1b04669b7
104.0,fda14678c07d036ef3a1984a4e346e793cc5a63c
307.0,780297e2bb6939ea9ed6a40846f3dc3fb7dcddc9
3376.0,e0079490176f080a9a4e52d4edc67e370992d943
2374.0,d625d411047f335bb8586be3064c7c735ccb0cda
1854.0,fa327fd4fadcca746b466dfd8dbd166a50d8efad
2350.0,c7f433c49bcd752a057020ba58672b6e441eec21
3236.0,91e53da054c8e923ad6bf45cfb4c12de029de1b2
1917.0,d8c39f4b3753c0ebc93177661c43bfe35d7c019c
2685.0,16d83d6bb413bec09a656a659b98d897e7abcc81
2624.0,4309c7c6ea51e5797604c43ba858e5ebe1fb1674
2396.0,1172728a683e0241400d991df672818ed9b2eb0c
2848.0,0bb25eb3673904179e772f4b7376ecc7fbe4822f
2910.0,d493e3e083f7565f9b158b12445a994abe9a39cf
1338.0,5fa76f6800fb81a621b63c42725c5502e2520302
2038.0,a6a36ec72a1f65514e137b0f21708e8c61dbe4ba
1138.0,1d55b8983efdc840b83ae6ccc4e496165010c8d1
614.0,f06c80a21508d827a6db1223ad4de253fde013a3
2710.0,0ff3f722c1c22399d3c755090901fe0250ca9b50
1813.0,b13e83a2f228625b66c04003a1df7f8e7fb4176d
1376.0,ec5811d0a15dc5ca2c5f231ac6aa79f9a107776e
2991.0,339419117fff06fa89124d04b1921b61b8865d80
3237.0,cd4023d9d2ab630ce4f95856f065072ef8badb2b
427.0,1d1db80e062bb576cd542a7a3ca990360c5b57ba
2707.0,e102e5cb3328e6a13aa8c1a1a492c54c4f6d7aba
2013.0,9e41eca7f839db16cdf064f827fada0cabf6f54f
3574.0,d091bb00c0358e9f30006a064f3dbb671b99aeae
73.0,d0357b44b02324b85af42052487eab13d0b75f81
2875.0,7474a9cb8b715ef96a37eedbbf143d39139bf382
1196.0,d76ca43a583cddec91e8cdd32a8210e6bfb1bd05
1455.0,3fe68c221a41e8b86107281d869eac435e2a4154
2720.0,062745b23f7abaafb144e3d94b6fbdf8ccc456b9
2565.0,c2bac6de8c51b4ad687f04d5794ce9c6afdf38d8
2592.0,2949306b7bc44e3f74e42e8277dfe13475b350eb
2789.0,401d7f9bb2514eb45ff98b2ac7c04952f5eaa678
3113.0,5cb4b731671491941bd5d877f222bf5cee71869c
3260.0,f7f1d9de3daa84ba968fd53553dc8fdb277219a3
661.0,6ab569b0e3791cf04db7c333bbf5b78d33255dad
1679.0,7b1ebfbc4d517c2b9de2e4e4ddabffaead1190df
2204.0,1add1f8a02976e070660d9ae0b877bc3f8a36e86
299.0,505cd663cd75b5593a1c9db0eded5298bd67139a
369.0,f64098c784f93db9a60d7576cd4fefab8000dc97
3674.0,3fe5eecc2b57406bc9f14dbcc4fb1a76ba4ebab1
1920.0,b7a0cc61c54dbfebf8c3b21634ec9e37596b1e9a
2358.0,63129e8426ba0ab71a3500172ca04fb41ca67daa
1714.0,2995366dde63b8acd1f246bcd5a4cf7d61f0c1fa
816.0,2e17ad7fd42d8575f308af9c17496d38ceb72b5e
3247.0,d4b688bd035b9704b3168b28fed39c8fcfe3b997
2416.0,851eaa4db7cef513dae35286d816867d68a72049
39.0,c6e6792cd52022add8455fc792b2ca73c62d3d65
2213.0,5b83f11398c8d0f8f4158af05d187fc03508f01a
1135.0,0cf5881312a2256607cebe36938405a6fe5a820e
830.0,21f3ad267183f1e8347812c3b00e806cac562347
683.0,aa83d9132fde44d4fda5b34bea1f0872780746aa
2303.0,c8e56d58077d29e2c9478f133b3c69ba73deead5
2541.0,54f3d2131d2abd633288b4810eb95ba40b0a7956
2353.0,49f3e96844b5dfb6459412aa68e3f25ab3a65514
2077.0,7bd54e9bd61dc6d02237fd5d473fa92030a1ff33
80.0,f8f8463f3a0e260604b066de56b0a8c7d3a86db4
693.0,ac9d8b09a5f8d3d4580cd432ab05eab2cf2529c7
2676.0,c3e2ff2afa223dbe9a780345af06a57b37bbb28f
1884.0,9121e109bdcd8b2a50bf53cac73b470232d126df
3175.0,819368a52dc9eb0ba4e20195783f2807872dabad
56.0,707b30749daf407c07b5b265bd892564576ad80a
2254.0,8d515a644f4d1a508e5de85d1ab991194fc6394a
938.0,c9bf9070370fb1cfeefab8a34f40351d6bd1bc26
79.0,da514b398429653dbd368c6da48c9863d3c2632f
1950.0,0f1cf50f97a617114078be3dbae3152339ff13ad
3562.0,e69b49bd3d2df261316c1c5dbdd53b96d93d2f56
47.0,1264c458ae808d306aa03c51f70103e52dca107b
2964.0,0f56c0cb04c4f63a1ed439cbb3fc49d8c83f8f65
2990.0,3bf80912cf959fe860528f75031fe9e4612e3848
2693.0,d8bf589d4835ab03daee3101a91c80ee648e72b6
737.0,97815b999e831205b90018e81569b55ef8fd0043
2918.0,1e616696c00c72f01958b761173c8f29f09acc60
1264.0,86525d9b374efd00a97a9c3e9586425a356a6bcc
1509.0,37474871dc66ddd94f970740f773d9ffb6c0f4e2
885.0,9c434ebc679087ece3d7464e39878e29dabf1951
2556.0,b786585b8f5302d707a66fd306f0c79946b408f0
2804.0,99c56eaafa05a34857623d5318c5bccbd634adff
1441.0,e99fec26ab1e8b11d93a84ed0b74c3406b01494d
2347.0,fb90c310b9c9099118c06a95183e38157727fa92
262.0,eb6549d95a8e9c28f9e4b89c28e370124e7452b9
2311.0,a037762781929a9a658250f3247bfd131d634b0e
