issue_id,commit_id
245.0,2459d20cc0d3fd45acd1eeb2a98a6f12a2d57d2e
101.0,86de5180fcb1be576dcb44ce4ca072e8a719fbdb
4133.0,1718e450ef9549a4fc71b01dba1e6faf7a63238a
654.0,ff41d5451e47b1d57d62064ea35a982bf9101886
4393.0,de297a3a167a6be3ac1ed94a891effefc12a6d00
311.0,0effe139e5289a9771139221e0c82cf1b33ce34e
1522.0,91cbf974150309e8b0401e7d0f5b0c4757bf260f
5821.0,8aca47e25dd406a39efebc28019db0226b6ec9aa
4814.0,39bc9a4d288f3b8e6816ebdc0b68b4001b531159
5730.0,f6e9e6592a28a11517295847b177b14f41cb8a26
4207.0,034e2c31c7d55333c3de208f80dcee1bf45ef9b9
4329.0,6aa0ba45532a4fd8e868bb4ea15bf002e430e67f
1497.0,09f388c328863909a68bd80694b8c719382fc173
273.0,002abf204f297b493f3fe01335c136bead5bbf02
4778.0,f173af6b9d214814b1d2a182039052b45648503c
961.0,1b03b129966279c8b84acdd1654a74ee83ab599a
206.0,12475fccbed1227cbd9467b5443b6699f3609c7a
192.0,c7d9f6e2700a572924bc1880f2f902a714fc0fe7
259.0,b48ec1dce4c02c36ad6037dc34355f0c7705c807
147.0,f7283ad18e7599ddb9094e40be12a7c9464fe194
1563.0,9548691fdd47077a53f85daace091ef4af599cb9
718.0,65f69e16095799e05de79a3f8f449f7b9edb27aa
1319.0,148fb14040e69ada4cf653265d0eb4c7db0282a8
630.0,690081b4a07da0e1109bc767481edf7ef4ecc19c
541.0,3c1e22618bc2503c0aab1a1be22e28fdd5785e7d
1121.0,fcf97001a577b9edb36188b37ec3bc6f38848070
1740.0,4c9a6ef3ce1e7361206ab33ce8db9b1436032ecd
791.0,0240ff82879b849571208b7f88ffefdf8e42cf4e
4254.0,f3372a3753643fea601564c01fcf65cc25a2db62
1496.0,5279da9916c00c7a6679cfc555f9a2b1863b4821
2793.0,dd5ab6c5fe54b3d64cdbf89fcfa2b333cd90f22f
5634.0,07b079defde98faa09db244b58dcb3904f2887f8
164.0,3891c2084067e8e9ad5e4be1e9d871925b61e6ff
5235.0,8284de5e7613c47e69d40d4f6a2a1dc846b50dd6
3621.0,a97a9b57bf1f1197cf785c18fd60419361fa8947
1380.0,9d9d4238aa8c0b6009aca689b8c23cb8bdab8fa7
1622.0,21f638b1396ae1a14288cad87f65c79aea0f4ae5
3615.0,b364bfb68b481a696141aa6b7b3312679670c38e
1994.0,ed4b9afbc3027df73078d9719c4c2210f037a87a
2496.0,245287fd5a357655f7d7e7f2e333e2e7c5794262
332.0,6533115bbb47faebe3b084f3ebf322ca5cb73af0
234.0,f293d08e7ad730ade96d1c60d1bcbfe8091132cf
88.0,3cb12e5dd3bb957848edc18c2599fcc1a657e668
241.0,2df010a9725b8ce63ae617b3cddb132a0ed58e0e
1769.0,150d1c370b6d426e3300607ca3635b6d587efcf2
2202.0,063315258ee2702b5d7f1e8feba7b701f8ebf09b
4869.0,c292957cb19085137146bde72fe82639591c5e1c
637.0,61b81b1c9fd1d468dd85f6addf7479b1bc50aeed
307.0,181d1c09aebaf8235530df45d7a35e84ac936c45
26.0,e95a28ef3d055384a1ce1b14029820143c1bfad2
4912.0,212163e199d5977095dfcd612181762e359ab8b4
613.0,0bc2cbaf09b35a8db08f50782245413441b8ae9d
4966.0,30d5779ea94ed1e9343a4590895a3f5e65e444b9
5524.0,e2769cfe484fa9bf3d4b36623471cc605393ec85
2485.0,c275ceb17ce10968f96ab9e97f0dda85f7aead8e
2190.0,eedb6ce77468adee6817258eebb81ccd93d6a5ea
2161.0,27d4cea6a5c1f8fa49e9fb222139c5b922333938
2327.0,871eec9827de0fd1c62bd722cea4fff9355d17a6
135.0,3d6edc2f405167b35b4e4e4f27f8755dd9fcc081
5558.0,ebc6f9c4eb51d7898e21b0b09c4a4304237874b3
3471.0,3abe7e6e6da38b1586b720749f53955b8d00390e
29.0,bf0050c321b23c09a2aa2b8234913d5d74a1e08a
4759.0,42e4dbb23de238e1252eb50b059666494418588f
5014.0,e0a2d2b3c99e6f28c2fe62ce4105d8d4ae63ca0d
488.0,e31fb49320a5a2af0232b98ed509623db8a9b4c0
1147.0,e85679fa6be2792ef910a7caf8cccc1cff6b73f8
194.0,8de0dc3647b0e9e317303fe715b3f32b1df741b7
4079.0,7b1e69dec4cb1f1c66e9df6f754cdd280cff7e71
1657.0,c9e046d11dc63fbdc40effce4e6d15bcecd44593
174.0,391cc0606382c0c2a5bf430a8b024256212cbaea
4472.0,49357cccbdba2c719b634f2d71a5cbed121b2587
1154.0,f9208dbcc4d625dee72349e1ca0595fa8273a756
111.0,e4d22cb16a1e312ac6fbb1325a55d98cd97156ea
61.0,2b14251510cfc802e6493fc477602e9a9266a00f
3954.0,13735bcf34b0caf60a52e95a907ef390324fdddc
1842.0,e122c569fe2e444517ab14d2c7dc8351ce3c3cfa
5891.0,d47c732ae9ebda84c689563048919923ddb17383
2767.0,57d04aa9601bc237da4b08777327df241483b389
88.0,7865fbf05a03e3177a7481bfa13521eae8829784
145.0,c5cd8b9d3d160251e5c352a1aee44ee295f9a8bc
431.0,247b2ad59690a1e1b2e89fb0473ec25944392fb2
78.0,71db7f1b25dc6c147273fff5c2fc2adc43bfd7e6
4761.0,c1cc3f2f42dbd19b6a80150126322580d063a963
228.0,3414bf13ee10aba4d8871efbabbd063fe15593d7
2536.0,094937bc275a25a4d2406db8eba824ed9450a7e8
4056.0,8cb53441b0c86925639df39f8b742dfbc55724ca
4146.0,7b4637d083d44dc8d3afe0f7817c66c9efea4dcd
109.0,201ce525e51372e5beb6b0c724d1ab76f33c6cb1
4820.0,e42d82526a1a519ff1305b189acde064a40fbd8d
5806.0,da15d93d3992c15026ae02e2eada613e1ff7a5ec
1166.0,e034947b5426f4649516cd287a8148f966116ab6
1408.0,311293ffdc63892bd5ab8494310529a6da0f5b62
3712.0,68d898d49379f5bfb2e88095b96c9c596883e045
3812.0,29bbbaa4dd3a985c594c03110ac0710f57f413d0
2713.0,3dee913d44e28887f73adc66917e347aba070683
4471.0,cf39602c3038d576e14c20a2ac22f88006deb63b
2537.0,93024c242b8f5717cf281ba98fb324ff8ec9ebc3
1800.0,513ba7a1fba6da2f3612e7910e60e44e0fba8af8
169.0,22555df56a90615d64c886d4655ed1be95e04408
584.0,3d4fe60e4780467fc682802e0de39e57578993ec
4718.0,5ac135f036baf13883852b726d8d4fa92158897d
4008.0,f80c7776ae093b0887b19b65f29bd442ea161900
116.0,a338c29287d1b69d3b29ce9a67a5dd22a5008df0
107.0,1e521a3ff30fbe0a7031aea273f92ffce54bb4da
4112.0,15c55d0c1d4a4384fd9725d47c305f52918e3831
1159.0,0a5bbbaed3e182d2151b6b34357667901ece353f
1220.0,65aa9ccc704cfde74dd1169ef0f963ade16a4d5e
5215.0,ff272d633237bc873dc956cd8e25117e8777c88d
360.0,6994959181941529aecd8dd57369b99212555f30
2067.0,be6da52019990c1db45b1101dd99787752a14313
4519.0,2da952b928059f7fc63bcbae9ce86ac1bb528247
397.0,72543c9ef04e98ccbe0cc1d8104e60a66126e971
472.0,71ada5476e5b81d9f42e607d5bc0b7e2baa8ef93
3115.0,68e45d32e0df6ddd89a784641fbfbfee09351b67
182.0,68c7ef7d9811a0dcc216da60b304cc7e69a253c8
4545.0,3d58e5e3be9e266b9b0f89b094823b76511a21b1
4365.0,49480225d740d3a4618fb49032f5f1cedef16b01
636.0,51966f59466b7fbe84becf14ea0be55e81852631
2894.0,65ac0b06dfcef8c0466595931de3e8d37c6174ae
1112.0,0c74821805d7f74a1835e58051069d4016227f6c
3982.0,ace2df3d140ac783c622ea5403876fe76af2bb72
147.0,bd7def8fd46574ac18740e8da9112f9016dd05a4
3405.0,0007cd032dd74ad1c4cffc7f9a1781609786e547
4218.0,02cdc53fb82e3cc5e51771180f1f79186b52670a
5632.0,14b156528503effa69ea72ac0dd48c43546c10b9
5786.0,90a52957e69a5a80371de69d72a420ce002f733e
4489.0,2d46777d0aff910ce5d57a1c5678a1ab988993d0
3684.0,fa6a0d799b256b0829968f79831e1dfa5ba8f89c
335.0,3191a0856003e8298d9d4b74aec56ffb5ed38432
4995.0,715c05d504d22e87935ae42cee55ee35b12c2ebd
5310.0,9828cb3f0bcc084c99692f19e65c2ff61a06b35a
416.0,2bd5002fb4a3b31b42b050a5765db889f98bc9ab
2225.0,552368727a7f89778a8c99726c68669a6f700e73
2617.0,2c5fa0c13051c6e963bc1f73ab4c52743efed50d
3928.0,fc98aa6b671cf55b62efd93377b8cb27603ae24f
2547.0,4a93be4ad8a3f6531bf39cb0a9a7d068e521f5ae
1533.0,0117c811c954fd3f25ed5c6dc05185c3ef3e18a1
1665.0,6ddd8147382348f4796ac905f0357925dfa81da1
2258.0,5657f6b8ef00bc0c2266810081c41d52ae56e083
1149.0,dd9f777ba725d7a7dbb192302cc52a120005ad64
107.0,1c5294bee1eb85dd1d0b752d5c5d588803c0b6d9
1218.0,1195f906d635cfca885c58130c950e1b7b786d24
761.0,2ad8db6ae6320c32a448f432ec13665240ccfcb4
4094.0,25cd7ac7abdd328c0acdf27e800a2b04c5ea2c6d
