issue_id,commit_id
11107.0,244546c2fe5165b6770eb456afd5fac8878473c5
11062.0,f9210387088fe91b5bc8999cf0cb41a0fe9eacf6
11442.0,0a639230018d0c9e9f12476dc8b1c6e40c2dd0d0
10209.0,14ff5175181e680d75b8d4ad6fe0d7d4dd35beff
10024.0,24daab1c7b3ceebf04a19d3df3fdcdef11fe773b
11296.0,6939d91768543d953412a321983915eaf013ebd9
10957.0,79a48bd9ac947dd6bfde19f24c4bf88b0002a5a5
11901.0,8f41e41eda6e8ea96403cae5798a5a89c8bb5605
11258.0,2bfd1f2c950df5fc3f40b903c1966f1b0a48bee4
11887.0,1d81a20292ca6926e595d06a6cd725dbb104a146
12323.0,d48e97079914d897e82ddcb1a45261ce4415b8ea
10006.0,b26fa3b63870b6160340bfeeb384b8d812dbbd15
11729.0,a8e235c35e23193f6cc68cd9d390ec37caeaec6e
12098.0,1400e7b355366a35eb35250c1e6191d4deb21a85
12056.0,e4e342f70dec046fdb1a092e5a12c565f37b9ddc
11708.0,c3eb62763fcc5029c26b025ba1b60d7788d491a1
13315.0,78691340edd38b00668151c2e636ddbf370f9ef3
10679.0,d18c564548104c862892a1f73423e333f11f7ce2
12841.0,665b0076e089dbe60ecadc34bf2cbff9d7042482
12526.0,91efaaa1d7486df71be30a54d82b907443d80bf1
9585.0,70ad0d6e4a569701ef106058397ad0540ec08340
13256.0,a47f5e231c51fe3f1e6212ca05a20286096bf2e0
11038.0,e8f8e62add2a7073e50cd31f4f6571bf1ebe21b3
10637.0,e2531cb8302b2842c0d3b505f6f619e685c3f4b4
12288.0,bb8e377ca10432d95c142651a355ce440be80557
10647.0,da5a6ac579dfc80cbb220bf092cd151eca7ffb2d
10925.0,23bdd4d417f0fda90465e3ab612c682e1d207ee3
10845.0,f6fad22671db9506acee34b9fd33361de78ab148
12499.0,a374c93092341f24027f60ffe32d56d2bff29b83
12017.0,fd537c7962edf563a3bb14526de9ce57dd26c341
9441.0,2ba2076275fab79cf4b8c281ccce506b257cab21
11456.0,36b9e4c055f32718a036cabaf767325b010c7485
9625.0,5d8063359d5d4223a8b892d186118c500890c932
11380.0,161f0a876db4f8aa9d57161c13d366f081369601
10749.0,1c4bb1ed8286b723d99b419a6a5e63286353b149
10523.0,d1b40b169f3d70afe4db539d140d6ed374dab21e
11574.0,09d721abf489cf20d9055e7163cf1762b7763bea
10322.0,b21764824f181fb7a32fce852e5afcee4042192a
11974.0,425e99a9e3d00c7d505d585e00e85ee716e3c350
10035.0,a1d544f4a156373b1c9e72d3af0bf87e4d81d90c
11558.0,384d3bc35db3359cb7c1f560e053f2a510d9381a
10860.0,672a873ffb344dfa030103cad69bdbc948184e8e
13048.0,f06524c44e5f6926968cb2bb3ddd1e523f5474c5
12459.0,91765e700b1d5e465fcb56bd2c2f56384bc2772d
11260.0,f8e80beb96a88b3ff8679ae16489502590d614b4
12193.0,7a4c2fcdadf8ddaab1cd7fb461fae58bfa36a6ea
12009.0,5c934bd646b0781eaf03e5b533ad2b6bfda401d5
11643.0,4b54657ab4806b0aaef8f8eeb973edb83c3d3483
12751.0,58cebe948addc7c4cb8762b2e67c8ce656a9d957
10339.0,c9cb6087394656247b13dbcb447135dfcb91685c
11091.0,9400be98783135a1d42dd238f4e6c3aa048eceea
9557.0,ae72ea0bfe7f7041d6f7580427fa1f69158bab7e
13239.0,d3512f7cfd0aba4ccf20f1d58729454a18718699
9948.0,d673afd5979a4e541266763f65bbd65fabf20b0b
11679.0,d2ebf181b603e7d03e65df941dd754df5de32913
10908.0,cf7d3d259f93b1ddbc601208280a460ee3379591
10972.0,1a2290ae91a944416ef8eb517e97b21733c9681e
11401.0,5ef0fc3215fb43f5772673b31c51ad8a6582bc39
11131.0,ba7ab2ffe62143949b9730a55291c474352f31e5
12711.0,61052bc1f1c141c5dba9f83a4af14322ec4e6d7c
11609.0,63543a7e35639e8b0b8bce6bb3f80406bb925cf3
11394.0,c2244d2a4cb5f86968fb117f75469283a19b8a24
10077.0,a637960fab61b66848a36e6a5caf0204c155af01
11658.0,c05ef1fd95a6024155ab59656fef8dac5a45c335
11039.0,5027630fa41f499a9226a8f9d952ceabf2c247aa
11395.0,f2b261bc2555773bd88cbbeda976f98e244d02c1
10590.0,b6bb0be10ad84d456bb1cea535a4a922d7f2e2c6
11254.0,4dea0f867aa29c4e6bda2a66cdf1254adfa20400
12915.0,910e1247b452f29c0297ec6e3bf52b28b24fefcf
11234.0,a9e77534c889e378eda67e6aba10632a9d30d629
12540.0,78e1f57c484da15466a34ed543a1cc4709617a2f
11975.0,88cf9707530f9bb3246779aee0138e49efecc500
10259.0,25a8973dfce5251c0bd527ffa16ce17174b94218
12135.0,9b67e2b699da8d9ced9af3597906b81ad6f106bc
12106.0,4185cbb50bfcae9cc30b0fc7b67e81d67a50a8ac
11205.0,d337273d2e1be823c5e3e1b5e757e2426cba8004
10953.0,c60f1e19dceacf77749a6215b1fc77f758f46327
9869.0,be112e1f48bbdf24d0a714b9cafc3fc9f43c7738
13255.0,2bb96b6fa782abdc57c4ebe07b28cdfb98c49e50
10597.0,468f080c98f06780c950e5a78c9eeeaf9fff002e
12740.0,29f27f333efb427830e62bec62fd79b444df4011
10034.0,49b9682b3570211c7d8f619f8538c08fd5d8bdad
12065.0,a6c8042121371b5873773ca767f28cdf5689d5e4
9789.0,1ee31ee45cc3386cb94bc1f5014f2687da1f63f6
11391.0,8fc8a1681332cc4c8b05260b20ee54fa1589e3d2
9479.0,07c77c65b5ea9c246690d2eb116c7c8570dc5a7e
10468.0,a2d11d4724d3cf4a0b18a7fe8448723d92e1c716
12253.0,faf0e02621df87abde519466aacc130157e29c6a
12344.0,f69946854775d5c755983d9f585bd20cc97acae8
10994.0,cc3521ea93b0470e9ea11151a44c30b54d4d726a
11386.0,b2d1dea24c8b369b3a4411f0ede9518cef1db7db
12506.0,28ee86a51fa628f65a62d077e8dd9b7099b1749b
11388.0,7d5d4a6368e45cb9939acb04d089cb46adbca32a
10684.0,066aa6ab7e5aaea495f2f0e1783737ba4567bd66
10111.0,d7884570b10951d156aa086ee29a4df9eab79cf3
13280.0,088bda5902fe6f663a49461e41bbb57630cad681
10879.0,f99f633725815635a1cf24aa2dd70bdb094ed7aa
11061.0,1915f106fe94a65cab3887c5842cf520f8adedf3
13271.0,680be2e1b782616982338da1bca5158259e94e78
9513.0,4b74fc5418944c9f449eb88ed4b40ada280fa5ca
12122.0,328df7303425c2e3bf4274bb1eb0a2040bab5d8c
10673.0,da9ce7d8f2e4212cebdacc80f6252b4ae1e68773
10046.0,3b440235e237ef59ec5763c413e7f4292dab5d79
10977.0,7a195b64ea02e02698083b0b795287ffa6e72cf8
10410.0,a40f33556caef1ab0a3f75758f194728c804dcd3
10921.0,0151028441d30525a0a553eb7fab4b08269e8266
11222.0,32fee92df5fa21e3d1ff6375f7a5a923636c311b
9902.0,c6332819c7fb1b01730817a2d46e4fff5a60436b
10389.0,29a22a8d59b5e2c4282f1e7f664d82595049eb9d
10061.0,19ce1ca783a995bbd0765dfd9d89f2866fccbc09
10727.0,b88bbbab2695dd0e24905417006d2240c6595481
10737.0,749413a5d5b94f4335fe5704a107d8b2dd84c7f1
10997.0,f06c7e4dcd9d3044580dff155cdeb4978e622188
11660.0,920e8af34a43ad2cd11190a21200a2acbfd83e11
9802.0,ced81968b0e9d8b1389e6580721ac60d9cf3ca60
9963.0,895dba6c92ad4fd9bc98975b0ae23ee6230a8b38
12000.0,3821c77da30e420fb78231d306b18dbfa1131fb7
12644.0,b5af431ce6b78dbc52f2bdeecdff52fd696bc7d0
11114.0,c913b6da92f6ab9a3f4c897caa4085e782a14680
10992.0,be6d8293f26d6d577b61874ccf6d68f116734d5a
12299.0,f0eb8d538c82798944346b4b2df917a06bf5e9d4
12669.0,6b8a3bcd79beb264794ea72fd7a86c64c3f27736
10173.0,bcf0031b54d555179be81c088cc3df0a723d7907
11076.0,23c20f756be07a9e92d9513181eca850fcf2af62
10713.0,f86bc57d621fb0325e928271b246d197611b0e65
9611.0,96f71e70dc54282df4a693c54efdbfd7d52429af
9386.0,5a7906ba6156f57025520fadbff52331eec4a12d
11913.0,8461b0920a61a50d83fd147bb4e8c16c4e9126ff
12568.0,7c7e51ea5ab47b67cd68374400051dd022bdc662
9537.0,9118ea65f40874e915dd1299efd1cc3a7ca2c333
13144.0,efe72ef433852b1d7d54f283efff53085ec4f756
11065.0,c2a6caae852adb0c832da86d5815c26b2e7d24c6
11986.0,6096ded90df902e1f8a21f666748a03100d140c0
11036.0,3b7b071bb7b4537576306f00703c5c409bedbb43
12414.0,14625e57af7fe85eae501582ce1da135fc04c8e8
10373.0,67e242d926b577f440217d9d10b890f54bb875c3
12281.0,c0d1709cbae3d05efc6dd224230012bc120be8e5
11398.0,f199d00ea5bb2230230a34193fbce7ecb5a4d4d2
14121.0,b5cb82c689eac0e50522be9d2f55093dadfba24c
9892.0,e73199d413395d7ede0dd86c06f7a9ad2d1fee17
11199.0,98465b85d020f1326bcef7632f1261a9a7a84e92
