issue_id,commit_id
9375.0,dc698c5486117780b643eda0a2f60a8753625b8a
10029.0,58fd1f0589d33aeb33c4129cfedfb7737495efc0
10934.0,8c6f8d8c797c1b8576063cc973e6b9f729ec7612
10184.0,3e9048bccaba33805d96ec29f5139e5d6ec40358
11660.0,920e8af34a43ad2cd11190a21200a2acbfd83e11
10846.0,63e204693b782b5f068240568853cdd637c29030
11352.0,d7b04e6fc6ad57c58323f16687c366e19bdd0fd0
12030.0,041814193dc9f0490fc2d93db830d64eb2b2d28b
10419.0,a68c516e731faba8efa884603bb06d17ad494d69
12135.0,9b67e2b699da8d9ced9af3597906b81ad6f106bc
11380.0,161f0a876db4f8aa9d57161c13d366f081369601
12098.0,1400e7b355366a35eb35250c1e6191d4deb21a85
11401.0,5ef0fc3215fb43f5772673b31c51ad8a6582bc39
11609.0,63543a7e35639e8b0b8bce6bb3f80406bb925cf3
10963.0,4bcb8c95d8bba3147dd86446cd91be77051cef96
12076.0,f42d9e0179f11871179bc9ee4e8c138cd016612b
11664.0,5e126ec99a4909efe45f2f32ae076fa4ac8c0e21
9911.0,10533e08e78c1675ef30f9b38b974735247a4507
9902.0,c6332819c7fb1b01730817a2d46e4fff5a60436b
11029.0,6dd087ab73b09e449144ff17450cc14f981b9ac2
11261.0,af85b95bb8b0c82aabe0df0ab24420e31fb057a2
10415.0,8e5b8533ea819d0252d08f45648782ecd543ac70
12220.0,74ccfc4df6002bcbb44dc4ea65400b8b2dbef994
9473.0,c2a8450279d10796e8b4ca79d375e80d7b8e055c
11242.0,b9ee83cc227ac0719a0de937ae65392473fe007f
11010.0,028c47dc5ce8de8a5513d984969f1f4231be6cc6
9811.0,416783156c1b07f28131c493a55a93936b5fe163
11152.0,ecbf73f72b59f8f5c8746de63270aa1fb3ad7524
10660.0,5103fd8134ccf2ef6ed114d525d8b07d148716d3
12071.0,844c1b44b75bc5345c26d19a8fa4161f5b00e99a
10929.0,7386841194d139ee8d1de2749fa64f86150f9c2f
10603.0,8a8a19ba1eb74feb5da22399a44e81b734c2b2d8
11340.0,38749e552bacf13a9fb4444ebb153255519ab871
9450.0,7a1b9005c220afb9271d20a73e168cf18d0cd631
10879.0,f99f633725815635a1cf24aa2dd70bdb094ed7aa
9723.0,709f791af201caaab4aa180bda259989087cfe47
11518.0,aa0f12ce9eacd70932466d248fde746e0b0dfa0d
11285.0,a07253d8269e1b750f0a64767cc9a07da8a3b7ea
10125.0,b470a595f7278acf5e7e47521edf25d3c4f479f1
12526.0,91efaaa1d7486df71be30a54d82b907443d80bf1
10080.0,aac81c29a762fdaef6718bbc4883f208283aac9c
12539.0,8202e627c7d7897728d824c84a6d479ca84a9098
11089.0,9e1a0df3cd1d1bbbe7f9010c4c943bedfdfc3487
12859.0,0792332f77e6a34093cab9c2bc6f638d1676bccd
12142.0,ec41989421743aa5c11c2ef47b9d0757fdfd5e36
11569.0,a0e90bd845795a4e032a7ba82aadace76eddbcb3
9446.0,2f4685c8195597d5c150b8fadc1ec4d8827d95cc
12312.0,a7fdfdf2d1b1d6ff6d4c5495f8223442f65e8447
11043.0,76da5f0a21ca98e4bf6706e182fb825243e76204
12115.0,2e1a3816676724576f75ce76b18ed3ba2fdea670
10888.0,23c40e68de2cffa77c92ae48cca1f81913756d2a
10817.0,e77a4cf3f85b45ad4275dfd661073ace1cc06e5a
12259.0,91ccb284abcd83a091dc5f2549f6b24df849a2b5
10925.0,23bdd4d417f0fda90465e3ab612c682e1d207ee3
11808.0,1336cdb14ff03de754aec6899794742ca91057b2
9869.0,be112e1f48bbdf24d0a714b9cafc3fc9f43c7738
10367.0,13548e8b212b504c9f506495b01855de6d9f6117
11924.0,e11c48d9ce3ee47bb8a966549b14cbd5b10ee70d
12137.0,7dd1c00e858ddbb1107aee1dcb6f65fff84c252d
11585.0,64737f23ea9500c248acf91b117c09ef7a43d470
9903.0,12cf6523226bd22c02e66ebbc441ed7769ca28f0
12299.0,f0eb8d538c82798944346b4b2df917a06bf5e9d4
10163.0,cbadaf00e28f7fe42762b55f52294e3a7bb90515
12627.0,b2771d13b0f9146cde43af00f5a5156f56614436
10714.0,583f92a6f9332574a4a2abee5ae454e906389377
10673.0,da9ce7d8f2e4212cebdacc80f6252b4ae1e68773
12065.0,a6c8042121371b5873773ca767f28cdf5689d5e4
10266.0,5eecd55a6f1d6d149b42f9b76aa53d4c5ab8d3eb
12831.0,627bf95c11199419eb6d2017c322a0d78ef3dc3c
10597.0,468f080c98f06780c950e5a78c9eeeaf9fff002e
10282.0,e6d21795d363165b36962e71ea7ba7948185e26f
11708.0,c3eb62763fcc5029c26b025ba1b60d7788d491a1
10259.0,25a8973dfce5251c0bd527ffa16ce17174b94218
12492.0,2fadce57f0e12cf96f11fa1d42286986eccd70a8
9705.0,a69008527787c387be7d7d4f6de91f9f08396dbc
12543.0,960e7b5367a072fe10b8c2c50d2ce68607057f5a
11658.0,c05ef1fd95a6024155ab59656fef8dac5a45c335
10207.0,84aa7b5f4167afaa8e4b24f2449ac76c11d5e8df
9457.0,cdbe1542d7b694d96e428fcba340fa82bc4cc8e5
10980.0,12d5732ad20cece418d47336dbced11d1b76b841
11508.0,a37b41d5ae799c338958b3eeeb884074dfba865f
10616.0,bb9b800ebba8914b69db362cfac4e7c8a9b17a9e
12122.0,328df7303425c2e3bf4274bb1eb0a2040bab5d8c
9429.0,ba204bc43847a62de8eb8a7941da24f1fe6ac2a6
11542.0,90c90b69cf35c0457ae52e97e363b82562fe1920
9751.0,886c021e00c9a12e719371e234bd6df4e01a703f
11725.0,7cd6c59789c8e469c0d3cab6bca7ae3d2d028002
10975.0,4c015964da4e7e2dfa504461f020408d0692a57b
11163.0,621ec292c2609b82fd3f992b5a66f3d6611a4477
9542.0,ca27e445a15fba61401b2ee23765349515d3f28d
10444.0,ffa99d69f7bfa42d060c26032793dc650002419b
11383.0,dc6f00fa0d831e8583a5285f032cf583d4980c4f
11030.0,9a4c5d8f10667e571c23f1b2f2e0397a85368bea
10864.0,e94e2cc5761e1a516f70e1706498b85cf9287297
12496.0,ee3d6a6465df01d27cbf3bb3c5bace05298756e3
11160.0,ef0c95aca2fd19666711422c14a6b16f8025ed84
11167.0,d6388ed6457465ab35da8a34ae4abf5847a50cd0
9520.0,500401bac7dfbb922408de79a1e217856cc7c627
9638.0,388a9ab4cd47d76e6feb592a24d76503a692a286
11575.0,a96d8709fba51b70a08daeea12529948fa800830
10230.0,bf1378f39d02b7d0b53ece5458f9275ac8208046
10986.0,09a984bb256e0c28ef03eb8128bdcc851b3604ec
9435.0,531a8eabe222c3831cc5b55bafc81d2aa36f0672
10994.0,cc3521ea93b0470e9ea11151a44c30b54d4d726a
13256.0,a47f5e231c51fe3f1e6212ca05a20286096bf2e0
10462.0,df03bb5b1cc9fd297b0f19e08d916a4faedea267
