issue_id,commit_id
3621.0,a97a9b57bf1f1197cf785c18fd60419361fa8947
2417.0,97df139119e087f184d93bdba8cd0e24c4ed3b94
3280.0,f1d87ee09a01094702e400053cf2a464bf035b9b
2225.0,552368727a7f89778a8c99726c68669a6f700e73
2750.0,0c237c6cac8f220ac2faf40a02ef035941fa5810
47.0,82dc57e59b10b25f259f7dec82c3124bdb53686a
103.0,eed34e88cd6339d62766a471465a1cb75b211783
629.0,acff13d2b9af08476aae6be3865218edd719f235
1724.0,0d368c5d6fd468aed301ed5967f8bfe9d5e86101
478.0,f0851e41ec7559401c3b6e2a5d42b6a5304f8375
1912.0,3735eb8e5f62a52c5630ede765b443cb1313ff96
744.0,a069d366529d8fa9d4dcdfcc8bfc88a90d83e4b0
5678.0,da9a2f8a946d6341be1cdd8cad0616a18bba6dbe
5691.0,92be5ba2572ec14e2580abe12d276e8aa24247b6
1995.0,d3ced85ec350e8c195760a8ce975a18ca42f29a0
1550.0,97b51ea33b6b96241ef87861619e6820ee9e765c
1162.0,e3aaeb7f060c9460578767b5783fca2fe33382a7
248.0,3a6b80259d246b52472fddc1b4fb80155317ce78
5807.0,30c0dc7ac552ec73f25836562ac2dbb913ef34a6
1740.0,4c9a6ef3ce1e7361206ab33ce8db9b1436032ecd
2202.0,063315258ee2702b5d7f1e8feba7b701f8ebf09b
5547.0,49942026d840abd04ccc91154d4671e7729f7a59
149.0,bd16d1cd488eca45eeac079bb4644388fd9d6214
5457.0,8c3e5a2421f639f36e9b907d69d4d48b86447e68
1731.0,ed1e4d8df33e53de1516cb025dc60cca9615f637
2989.0,b8870ee8a10360aaa74298324d97c823b88ec5c6
165.0,19bcb44c258268e13fd56edecd76722e545463c2
4966.0,30d5779ea94ed1e9343a4590895a3f5e65e444b9
5090.0,7e23677b52b659b11471a63f3be9905a0bbaf995
216.0,616ecc5a1a6966c1dd7ff055e993496ebe3d6f18
1761.0,da36b7d386bb1e1ee2900adb8657bfc15343c36d
5190.0,43ea21e8306bc66e8f07abc84cce680726abc7dc
4596.0,1d2b692666f9f5265e4845f8a30f04089515f7c5
233.0,9f01e3e79e5e733d4809821f6f87e170841795fe
1154.0,f9208dbcc4d625dee72349e1ca0595fa8273a756
1693.0,da83f2dca70020b991bafd296f6c7b9161e418b4
4195.0,b5c4c2cae89714479d6fbb5a497fe43d48d886bc
1644.0,57f99fc34ebc7cb8a2a84371b89552e6623c9e9d
2165.0,fa78849e335994a1617ed63221a70940c21cca20
4008.0,f80c7776ae093b0887b19b65f29bd442ea161900
1550.0,a41c64bfb97a7bba8ec138345d48b94d8734d27e
4242.0,e2b5cdeb88bd6bc18019082ce16c3cb09973dc45
26.0,e95a28ef3d055384a1ce1b14029820143c1bfad2
2091.0,1737c15826b4ff1698eb9e9f5aacf659695ecfab
2197.0,1e95bf59efd5ea98ef6181793be3b2969327cfc5
245.0,ed4aec187f7868a7fcc7c7279489f02be79a8cf9
624.0,ff64584876293620dc097b6115ab6e1c42963a6d
3429.0,d80f9ed72508e566d50b1779f858d1b5b9716df9
