issue_id,commit_id
1544.0,eb4daa34a298923dbb492a5d8b20e27fb1c0030c
360.0,6994959181941529aecd8dd57369b99212555f30
189.0,52c1e137e56d65b4bcc7a590ad6ae3c95db0f646
1469.0,b876755f1cee619d8c421357777d223037d5289c
488.0,e31fb49320a5a2af0232b98ed509623db8a9b4c0
80.0,a0f41f100c0b7547d7e6fd25b918a596f5ef6644
3253.0,f8f5f463e64114b5feb38e61fb3ddcda39be8a7f
160.0,483a70cb5b93476d04ae61950dec12f81a24c7aa
297.0,2a1a4477d3199f569a91cbef496aaa0db8592e28
4114.0,d2b73b8e214631e78f1f3e50b2886e368f45e46a
5052.0,0dad0fce72266aa7b38b536f87bab26e7f233c74
4817.0,797a6690c07ae90f7a2d703832e2fe44466d656f
5514.0,407562b38b6ab375ae650c8799bdd511025527f4
914.0,44cbbecb446138642b4bb665518bbc4be3203ba7
1851.0,3ba5671fbca1005cc1616093a3ca54f2a3deb23f
4254.0,f3372a3753643fea601564c01fcf65cc25a2db62
2411.0,bd8c293a97f7f08989cff1db0d9c32f5a2208b77
330.0,9b821df48224f5d66a3ef66f5df3b01ebdaf685b
259.0,b48ec1dce4c02c36ad6037dc34355f0c7705c807
913.0,db2474f7e7ef85809528a6f92aff3127be55734c
4816.0,7b1bc9b7fefce60c51f89f7ed47e1d172e43b2a7
1268.0,9d1cf230ed1579dc187cd66e6619494f53475308
1166.0,e034947b5426f4649516cd287a8148f966116ab6
5731.0,04a1a4b7303632268ece2b749e3326790d0c9f8c
311.0,0effe139e5289a9771139221e0c82cf1b33ce34e
171.0,26f1d5cb48997f3177a3f833f9e72211ca70bce8
254.0,2d40705ea00bbc0ce1846dbe675c133cd546d9a7
2921.0,1d9c8f5295f67160dbb8a2acdd1223746d608d23
4814.0,39bc9a4d288f3b8e6816ebdc0b68b4001b531159
4016.0,17c0d72d0488929f4788a2c4a9951842dbde4833
2609.0,b170e9fb96dc763b9b78916e1557021e5e004d59
177.0,c01f81ab44a025be3e20e76e08fd59458bc2e8e6
173.0,c1225e0f451fd9261fbaba8b737ed6a9603aa69d
318.0,8ea041528f598a222ae070e4c0594c89aa521cf9
3400.0,e45ef7dcd987f00b94e94d71593f6b3664ceb89f
3367.0,c8f3d07e86dd41074971b5423fb932c2eda6db1e
2327.0,871eec9827de0fd1c62bd722cea4fff9355d17a6
196.0,8ca2ee3d6096413d12d4079035f90861b7c6d450
5524.0,e2769cfe484fa9bf3d4b36623471cc605393ec85
5215.0,ff272d633237bc873dc956cd8e25117e8777c88d
718.0,65f69e16095799e05de79a3f8f449f7b9edb27aa
4172.0,d69e788fecbb343986ed6323ca1d765e88e6f7bd
760.0,ef81127b994560e4d60d3292d7a1219b3e228b35
431.0,247b2ad59690a1e1b2e89fb0473ec25944392fb2
1086.0,55a23d102f9432ac2c3b182a16298f79eac60ca5
4152.0,a541c329a9748c3c8a8f9f9acfce9f8a0468491b
2562.0,b2d66dc1f0dab48219e8676f5bc43dab207a93a0
2793.0,dd5ab6c5fe54b3d64cdbf89fcfa2b333cd90f22f
1427.0,68d231129834535f002b5991343b6089d29ed3db
821.0,b461c6f16f769444a8ba73841e7bb22cff3966b4
556.0,8ecf0b786d8770d40af002b8a837b2068a5cfcd5
4208.0,74627033c4a1701f3e197216f9f2801d497f5535
44.0,0319373c612cccb86b82a8b2439a87fcd1c83b29
5665.0,e4f6545fe952f1c1e3324340ade4e19bfb8a197e
828.0,7183a87c35390a08f5644bb9a2a6c620150b4362
3866.0,c4bcfb1aee9250ebb1c9e1cd390b09b3303f99f8
432.0,e8ee449a2a9c98a193be9194d1bed3be334e6484
4174.0,e96ca89a1dd7fff11faa3d00e4dca8f47f2111bb
795.0,aa61f615d86a67554fc7fec5bccf8b8cc489cd34
1795.0,2969e34e8202a0c3e5fcc1f7750f055872fdebb9
1302.0,8b3ca4f250b4d831403c7fcfa72efe7ecdfa5247
2094.0,2dd1a9e3bcbd14e56ecb569ff2b10eb68c48bb80
3096.0,fd02fa808c12ee556b29a3c28588259cf507cc87
309.0,a4b5bfbb5e57af3a9972c79d8c683d80e2e0d90b
3860.0,488156b15f4958aceaef235885751adee777859a
4091.0,229e722a03aced0fb62ec8c631b036c3e13e2188
1350.0,600f27c39bd9d45146d8b4e2dd41be6cd2c788b8
5203.0,bcce0660573cf9309e3decf853488da2ef8bc576
629.0,27ff010a4130d65629bd8adbe7d849392ee90103
1541.0,8dc400c66d2001a28cd3b717355e5e09a5da7b18
1980.0,bd3e71a1eaa2d780c821c6c1625571e1161c1385
135.0,3d6edc2f405167b35b4e4e4f27f8755dd9fcc081
1751.0,94b2c47da54fee16246490967110d9597e79e90d
1027.0,c5222b4b8ab05867b343feca337c04fc0f88697f
2777.0,4e84424f2642baa01b2cd9e4eabafc4b68ad17d7
2721.0,73668ce4076b87d2d2493f2c9b445c643da9055a
2536.0,094937bc275a25a4d2406db8eba824ed9450a7e8
227.0,ff9de424c86d7f5361fd3e2c01f8235323648077
1177.0,06e1ca9ef2233226b6a407cbed6296deb37e11ed
4610.0,e6dcfd3c996b7d3af038b3e2300e7c53ca979fb4
319.0,7643f14c88d51294e1eee99797dff9f68cc63a30
4900.0,440e45d172ed23f5af54184acc7a388212346e46
4500.0,209ab0531599b3b446b686c654051d9335306132
3579.0,016c7e92d1d2893e7a8ce61c7f2e76818e71d019
4123.0,93385e647a2354b5ad25d6b66aca215b402d1ab4
575.0,b74e7dd30aa2e11c0499d22452618c0100b2a728
4755.0,a6b67cf4a17f955d76c4924c13267c0cc5c0e059
1622.0,21f638b1396ae1a14288cad87f65c79aea0f4ae5
166.0,62f5c61a9d70d98bb9a0ed6243524c0ee3e2764e
228.0,3414bf13ee10aba4d8871efbabbd063fe15593d7
3578.0,4bef6f438d0bab340b4208a89e6a4c6dc85c013a
2452.0,21d794d35ae1347918e6bf5b2ffe13515ea28795
1497.0,09f388c328863909a68bd80694b8c719382fc173
111.0,72485128cb29751b3b03f6a04e73e4cc50912910
4818.0,872f68a9892cb085d653217644d079f27afcfb42
4823.0,9f8c3938ccbd1b1aa966f8a9821de906f3db99d2
125.0,a2854e39481ffb79cdca71e28ab03fec2288a25b
