issue_id,commit_id
86.0,f5b8c082847baa8a902cef22c43a5d50d7a55bdc
799.0,ab1be65c88b01f3318e42afd089006d24e083274
701.0,6309987dca72ebe62539ce7b851a072f4e4e9173
2256.0,970a8009f1842d6be8c04f3adea3c2ec97d7eff5
1988.0,71e10be28665eee6a919045f9e5d8773508dc756
3159.0,00ca5b7328fbc5b11594ad448343ba371142c43a
2635.0,f808c20139649b747f604492bc33b61a7dd3e13a
2957.0,4f32c6d4e37cda7a5053aa4f1527b6c340433778
1980.0,59104db2f2f0a507aea2625230e446361e2fc174
2022.0,3bd12b38a80362f6656b834ec04c95f1ba4d83e0
63.0,fe35105bec80bbb7cbba1b1d6414612fe85873cd
737.0,97815b999e831205b90018e81569b55ef8fd0043
2316.0,ce813ae5214acc91b1686e09559bb3fdc28a74e9
2556.0,b786585b8f5302d707a66fd306f0c79946b408f0
1814.0,87787b130b28b97848e57b2c838e92186755cd21
1733.0,4542bac4d43efbd2422a52714f96c0dedd08e2b4
73.0,d0357b44b02324b85af42052487eab13d0b75f81
2541.0,54f3d2131d2abd633288b4810eb95ba40b0a7956
2694.0,aab4c8c7452ba198c6096face53ac2b7cc6460b8
1150.0,01450efc25277e8832d1a00916af009db8a07dcf
2963.0,0038a6796feaea05d9839520eb7f31f7f976fc47
2374.0,d625d411047f335bb8586be3064c7c735ccb0cda
2314.0,e2067649551033c74e7937b89af9a9874a96d279
2210.0,d2a0b2911b9a32fb845d2ed174b677bd5833f917
687.0,5997890c6996a5eaebc14fff5642ae55acf30cd4
2151.0,9900a72fe7992d873915af68f7d52148e738d032
304.0,b209cd96f5865500c7002e127217fdf9ef9d2225
1234.0,54def6265767f1ab134c75b18bd7c7a67a176a1d
1483.0,5c68b24f645131993c2f474ee2e91b8845edb974
830.0,21f3ad267183f1e8347812c3b00e806cac562347
1813.0,b13e83a2f228625b66c04003a1df7f8e7fb4176d
2297.0,0c949089566cfec9b0435ba6ada601acef8f09fa
1748.0,1a7fd980f8579bd7d7d53c812a77c1dc64be52ba
237.0,46ecc57b7c29cd017fd841aef37c5d767cc538e0
2897.0,2308cba407884996047790bfb77f90ae17bdb2bc
2288.0,b11f7354d17ae4d7d11bc1b204cac98573f48965
2399.0,d13e41ddefb89d42fda61caf5921dc60b66403e1
75.0,a154c87cfca3e21316552b2ec558029f9c96122a
1917.0,d8c39f4b3753c0ebc93177661c43bfe35d7c019c
2077.0,7bd54e9bd61dc6d02237fd5d473fa92030a1ff33
3241.0,48d0e86313b479f97cec1a9869bdaf468c248666
2003.0,92ce20eeacf5de24803abaf70a3658806fa4d74f
1161.0,96d7cc933ae19133ac3cab535b0ea83c6dfecce4
41.0,854e0e26d16408760072308c44b9160a9fb39abd
2249.0,9569e8c9562fd6695d5ec83a5e33fa608d5d7166
1088.0,8efbae917b9265fe12b07187c3923d7003600346
2141.0,fca5577a0097e876e8f8e8d2f3961a40fa44bbeb
3278.0,043443d2d3432d8c182f059cf2f30967eda73d1f
1716.0,d5308bb80c47a645dfcc06588bf173b5c3a3887f
3620.0,51c87e6199b78cd3b4b33a5e47c7a135a772f10f
3659.0,9075da126c9a983917b9779dbc826841813eee3c
559.0,9d9f240df8da4b433c914e76b6ea2c7e82f3e320
617.0,17fc38c397aeea01165275f6811e34989f2ff00d
2323.0,849fc4b90c009d9bbbb604b2997d18340fb7ec2d
661.0,6ab569b0e3791cf04db7c333bbf5b78d33255dad
2363.0,45946028e77ed68d64869f565b688aff0914638c
1389.0,ecb8f81760db351957bd413181a86b375ec347b6
2209.0,6efea346dd54fa9adb65fc044d72e5ec8bdf4018
3237.0,cd4023d9d2ab630ce4f95856f065072ef8badb2b
380.0,b786eac5574e478d51314333fb6309456bff7b76
1112.0,c048aed65abdbf51955367b95242a53f0219853b
392.0,7ba5196ba6230feede5afc24d7eff4fd15742397
1502.0,cb9f64508148453dcfa4deaeb4ea95518f58cee0
1872.0,2bde2065e646a67665cb4eaac3219e78524e29ad
3691.0,f32f19162c936d94fb88f28f17f43dd9f195792b
2347.0,fb90c310b9c9099118c06a95183e38157727fa92
1164.0,67bee6153396954d7c17d3a90dfd132bba157c36
1418.0,dac45f6c5d2dc69a59561dc70579cc16a980bd21
3273.0,2675076cb77fb5d37f54aa05473157ae27be7c42
3594.0,21c3df31de4bc2f838c945bd37d185210d9bab1a
3269.0,6cd92ebc323d7f3c8584f155c445696e8a2b057c
2175.0,9e2807da76d756ca84b55213e799a124beb6a3fe
2228.0,a63a4cb034955f5d9c4b14f87a5337d94ba472a1
2331.0,471c7f3220f45f60a56515f9c1dc55c794b6ff36
164.0,0bf777ed81d5296fb722931d35e5db4333e3de39
1349.0,4082fe65f3ea553ef954b1cab0202259809e27e0
411.0,4e9b7867c989a1d1b0c03ddb2ea62d689b6abab1
2986.0,ded7cbe4294dde22e553d6a8035f414f0ce72f50
884.0,47a41b645f627b9b68c70c193cb322f56bb4c12c
2937.0,db8cb31f2b2c39c1b0800926969c16d44b28ea38
1898.0,74b3f7e04cf51df313aac47175b752663ab0ed44
3529.0,3d61fc44280e5e77ced09e0eba9634ae5e5f4727
2685.0,16d83d6bb413bec09a656a659b98d897e7abcc81
2837.0,827536e20ad2079f3f50db11aac03e037e98503e
2416.0,851eaa4db7cef513dae35286d816867d68a72049
3183.0,1dda032b00cb4f7a783e018a7c370ee88f15e797
3498.0,a3e4395a42574386a15ef6ca1afa83ff9787608f
2371.0,2c97ed985eaef9663bc72b1bc6b6d35c7d69e60d
2647.0,d72612d11e4f4e5d682c8986acb42ae5e8e97e4a
2019.0,a40489e0ce89acef2a49b70a571143ef479ca235
535.0,8339cb35082fc93d3a9c98616aed7fe0c1c642dc
3381.0,9bdc42d300c63f82cf3aad872d606434fcb8cb97
1889.0,64a37bb9b758630c0f2c649d82e10e849c095d48
1012.0,5c3b161c9e7c4cacfe789a8237b262a7549d37fa
3709.0,632f85b65354ad573bb33c54a0a9dd3ffcef371f
2592.0,2949306b7bc44e3f74e42e8277dfe13475b350eb
1206.0,46918d3cebceb611e21bec3b13412f3d18b6509f
859.0,d4fec1454488687b574c545761c2869d3bb97ca6
930.0,2506c0b9a96d48f14624acfa552fc88e38a542ae
2964.0,0f56c0cb04c4f63a1ed439cbb3fc49d8c83f8f65
324.0,7044b4beccec4380bc7e573559a08f4a8820afec
2754.0,8c9df3f4eb593cd4755b882d8f412a13ad97429a
2969.0,7e714bd28b6e96d82b2848b48cf8ff48b517b09b
1134.0,3c48bf893590fe87445a735584591201c3085e35
3185.0,7f98a28432f2059259a5b8e5088322fa8f42f829
2990.0,3bf80912cf959fe860528f75031fe9e4612e3848
531.0,7bc6eead47061d1135e420ec1a54eeaf702ed470
3435.0,d49cfb35d4bb45e94d8c7c1920e7be99e4e10dde
2031.0,7186a5aaf571e1d08a617138867998cbea518522
3065.0,a656025c3bbedb1d8092e553cc799bcde375db3a
369.0,f64098c784f93db9a60d7576cd4fefab8000dc97
1843.0,9c236d3b84332aef0c834266a0e3d2171fe5a7bd
3253.0,d5fea5fa1da0c56860e7023e4af3ba2eb0097dd7
3056.0,10d0ed68a342880ea355ba62e8d24efa664142cd
3113.0,5cb4b731671491941bd5d877f222bf5cee71869c
2765.0,1a9caedb49ada290b00d0db0ec61e66d95807413
2071.0,6478d7bb99ef7dcdda19ce3e58c00500ff72e60b
2173.0,95db82f8f7df0acce7051a8dedf29b88e436f5ab
2430.0,85fa8aabf5a7bd0adf204f0c2dacbba1fa6683de
2875.0,7474a9cb8b715ef96a37eedbbf143d39139bf382
414.0,8d7ca29a3554d20324ed9c75d9c095dfa8a8c439
3206.0,3dc84ec4609de0c08fd159ebe991453309952fa8
143.0,2ac1b7d4388209d8e1309ed5b43ebe8d023eaa53
39.0,c6e6792cd52022add8455fc792b2ca73c62d3d65
3266.0,185d7cbab279ef7c27b46694b4b6d93a8d6f0421
1868.0,ae97ca855361dc47b45f85371d557419c0e764dc
413.0,0ba758d448ca18d98bf05dfa2ad48b59eedbb942
311.0,e942a0974f945bd4551482ecf7e29d87d162d0c1
3374.0,06507ed4e455dd8b94242d4477dce05b1d95c6c5
30.0,f6da77e894a939b838e02fb744fa3031abfc96ec
2344.0,57974165444d551d281ae25171d4ec5e571c5ca7
2279.0,716edfdb2921222eebf64176d416c761d21aed1d
2912.0,19a0a7d7718277e63692c8e9d4c11248a5e30a50
1360.0,5164be092a7e9ece7e5e23089458f568be7b9eea
2738.0,27d56c1df5fc977e17806b466dc74dfa9a98689b
387.0,fbbe14791f2d417bfa57618eecaa503b69f459ac
2004.0,ccd02bfe8c90ee8dbf30cc2be61a7d483ff24cab
1801.0,8011e1de28c82e5ab5c9727d10bcba997e8254ce
307.0,780297e2bb6939ea9ed6a40846f3dc3fb7dcddc9
2996.0,b78ebacca7500f625bf7ac48989073dc872a4418
1661.0,c1c205bcd39ee417ed028c967819a45d08d604fc
2348.0,9049755e3fac192d5c0cca5092a74a67e562cdc6
1679.0,7b1ebfbc4d517c2b9de2e4e4ddabffaead1190df
3019.0,7e65f1c5f13f7f721c64f551d0022f6907a35b40
2699.0,746b91dfced525651c9b71a3bd075a78d2b9262f
1854.0,fa327fd4fadcca746b466dfd8dbd166a50d8efad
1032.0,ea73571a5464d254979d827f849a2d69b655adcc
2217.0,19d7e6532f9187ba8a81b2d2ad9afe03e5e5500a
338.0,51e4a58a85bc1500d1400ba7d633d570f6296745
885.0,9c434ebc679087ece3d7464e39878e29dabf1951
1245.0,eea93424142ede248d9febee6be11b37faf9fbb1
1000.0,872094c55612976bdd3de9094f7f8d13a38fee48
1160.0,462bc6c2e5972cd4a91a12a93478b8c7c0739a5f
1277.0,82d7c49d005f419b2f7b5e70fd34a42fb18a1a7e
452.0,2262ce4915aec0dfffa8e71244ebe10f72d11111
2293.0,f962720f7a835df086a11a1ba910e3210675b9b8
800.0,afa33e37ecf1214dbf7d619181791af70e600ef5
742.0,ffbcad1e46ff88981e9f787f29234de49d31a54f
3344.0,4a8e75b10a50ae13e9b61763e680f3c9fd518ed3
1346.0,6521c36c681500d94ff3b624b6c633be98844adc
2724.0,6f84cf4e4b4ab71d950db28d1b0776e07a8726e1
747.0,915d7180fcd0defd23384e30b630e2cb31a39222
2047.0,bd5e297aa9697f42a61682fe56f10eeb650e8540
71.0,7ea1b801cc1f7d09ee18e8d70957c9d34b870700
3157.0,2c68f86336dc8729f58e8e19af0f49c269c1cfaa
732.0,bbdfc839029889af7477b6dbbe8dc4c230ba6f73
2582.0,22e072379b9fcffd229cdd239dd3ff5ed4eed571
380.0,1f20a11284e3e9bcfc08939c48e3ab590da7c7a4
2303.0,c8e56d58077d29e2c9478f133b3c69ba73deead5
808.0,1982c208ceebfd317e30ba16a40402850e97e1c9
3235.0,52f9aa7ed6ceee6b416eab39a4f785d958245937
2554.0,27a7171d42c878d5d9094c0117466e862ff91000
1510.0,595fb7e1fac3eea207816a700565f6a549e160d3
630.0,777c0c56b5768582eb57607846a945f94c37e154
1714.0,2995366dde63b8acd1f246bcd5a4cf7d61f0c1fa
2395.0,bce8ec75ebde8a7f49fbc3a9825e667d7327c64d
282.0,e8e2e934096f36edd8e96d554d06c0e330d94913
2307.0,cd593bf117b7747c5c5b5aec8476315f9b2fbbdb
58.0,f5fb4576577cbedcedba9eb16d9fdace18c9292c
2201.0,f5adb61b28f240effbba5a4686647c2af6e85b94
2350.0,c7f433c49bcd752a057020ba58672b6e441eec21
1354.0,c282ab1ce2c93226ed8f1d44b565beb93391312f
1671.0,431db2874b242316051963d9bc4d5653b3647acc
525.0,9034461e5bc3a3e75c64b603c89a28acc7bd2144
3642.0,c59e019f5c5ed032c5360599bbd56e3fd9421adc
238.0,c7ff139481f96316d740a34f01cfd0f25e449848
3427.0,25a5d3031167566cef0fcf38b54afc6b7dcf6e86
2559.0,eab030f9f5f8f488362fd359a82e000991a1e7d5
3669.0,36e6fc8ab8418d7d8ead6ed0196b2bcbbc9e91ba
1730.0,9f9e1fde8fc91b64a0cf99bf0debaae5806a2644
3111.0,855d59b68b71db78165e4d4e2905c280450b6214
1987.0,5044f3d6101e5915963a497779b6ad1166a7a388
1630.0,b3b5a98fd09f4c02828765a5968825ab4f11556a
1235.0,70a33ed49bdc47cdb8e3af923ae315d63f406f0c
655.0,ab3d9d12c6f16712895735903cfbb136f22aeeec
1558.0,751fe451df7d0e03754a02a52e4b59152b37891a
2208.0,5b7fd9ad889e54d4d694d310b559c921d7df75cf
2278.0,9dd0a0a29f3e384043369a4e902d2a55e311795f
2261.0,c590e820aadb9134a7fb19fe32c8ddae37199ec3
3244.0,b61cbf8ab437574d4b041e49a214240b650eb1be
2935.0,e08bcf9f9700180a09f77f52604ea6de36fb83a8
3063.0,15c079f500967543c033ddeb113febc1d84abc87
2346.0,b7eca826aa94d87b85a998916f1ccc0d3b4591c6
2583.0,60eecb547d8af9916c55163c7356999ca2d5ffb9
3169.0,f2c854060adf021347a6c4217fdb06a77a38bf58
2378.0,29c055a2b4327d94c5aaf66ae00514199ff146cc
1840.0,e4c712ffd2682f963906e1d0d27e67b7f83d95ce
2795.0,9c0e110e233f67f1853a4ab8e0521ed4ff8afa9a
2318.0,81c2440a054a0aa9110ec1d5aa0955055c08050e
1998.0,6e6c3a4636387892e3725f1ba13457966c188b87
539.0,7003fe61352bab3a1dc62d18dffb00ef749b050d
669.0,6fa449de00ae89bb1d1ae5e6f793b60d32c1ba76
570.0,661ee54bc2bc1ea0763ac9c226f8e14bb0beb5b1
2394.0,4c564779d159acadacc078988f7a40a3e5794eed
1851.0,5cf261a2876cd311c7abe17c14da733a48a4343d
1848.0,19b134002cdd6be9f3543a7b6d18b4c05fa44fe9
2870.0,93e4b714a179c7132b505dfbcd835e7aab542a56
3315.0,b7f6fae9b34341b9be7742b86f6caffe07fc6f25
257.0,c5340b1ec471ee8535916eeb042fb2710df64276
962.0,ccc2de19971c6c88202e9068431e562230f84b62
3513.0,bac908ef35338e78422c5edc0456a22d04debfc3
3574.0,d091bb00c0358e9f30006a064f3dbb671b99aeae
3562.0,e69b49bd3d2df261316c1c5dbdd53b96d93d2f56
2123.0,789715adb9949f58b7b0272bed1a58d7cd0fad30
1186.0,a25ee7e060ba449f36daa1ba903ddd116b6422e3
2223.0,8b45009dbc22508ca6d9dc06e79ab23914ed14bb
2412.0,59f7966e3192bcf478a213ba0aa9cd3bda7da4e4
1455.0,3fe68c221a41e8b86107281d869eac435e2a4154
174.0,04e70bd5c7bd80696eabaea11afd9080d874f859
862.0,4c0253f9fdd4812b979532f1e24b7f0ebbd1626d
2305.0,54a18a5e94116342b2f16a8d558cce366b644a64
3179.0,aade460f1557aa0546ebf248a4f323140f30759f
1577.0,6bf42f9a845b7e54a39846f5410c9e3f6c80ba18
2067.0,77af942b982a3b07669362cc6bc223026bf039cd
484.0,7c79ce6e418f07a49be8c25a4c5a40e5347be257
2580.0,26f413e1e55d3b57fa164114b39f6cf74669591a
3232.0,5e15850532be5521dac7082b155b15b83e1236e8
1795.0,e8bd2c92029455abfcbbd3e10b161f9da0d269be
2196.0,c43560777a3efeaeaf0eb47568171f04103dc363
81.0,ed16ae2183ad44a7ba89aedd331a180455ed0836
