issue_id,commit_id
419.0,a05e9a571ded0b6ec3161112446524355c141d6a
224.0,51be1f391af44531823da4c6e158a216f3de5457
879.0,f8757c6f59b063786f7ab52479665cccb8ce21c7
408.0,f7aef6ecacd0dc4c1343d3aab534c12aa50cd51d
561.0,beb9ceae946c3db9cff6d21d0f35485e853411d6
133.0,591534cfc8998dcdc1c40beca4f4895074ed7099
273.0,b245e8e0d378344fa24a4ea94e9098fa842387cc
1186.0,0c24e8bda226f3dbd6ccb0381515a9c903847249
977.0,9494ef705003a99b2053f2b4084e9346b6c279a0
376.0,54acaed24f4600f999d823568f13ca146fc60e1b
1009.0,1c66dece59d4595eee3fb33d2609e2e288a28ff4
750.0,64f1a6d317d0ecaa620ebb586fc9a62fa2a4f318
1122.0,901812a7bf1667117668e24211a99ab7b867b98d
233.0,486308f8b27782b0f16fbb24b976ff633426b9bc
638.0,4ad7c0f11b92348fe5b5b8d6a67c62f80e1d05d5
1114.0,f25e49555aa53c740baaf685e9ed4b34a0a5b6f2
1195.0,df1b40ca2220b0211e8a86805788c70f674a1f1f
299.0,f39eb99eb93b4fea7a4b4f1953bdc86be6994b36
693.0,219b4a52d950255010b072634a9102b49982dc09
836.0,a6d07e707a1f50b6e1efc20f968570c8bcc0a77d
918.0,eefe294cc9f338ccaae63d63b07892653c745d77
170.0,55120a99589eaf896a4b56cf347affb686445f33
763.0,058b9947e4e587c9eb54f4797b1a1596fdb98cb6
532.0,17790dc2c426c4cad9b886d4d62c6721373d166c
508.0,85d0ddb4564b40dc1283428e52c8a51bf0d0990b
992.0,ef8aac61c476bd46747d3d4910a4d494a59fa375
946.0,819f66e5b550e8881f2a650c0d70bcaa01af8ecb
1095.0,67799b98ab2d6ced76b8e46c4d857943225beab9
262.0,cb9905a44e78b2fa257fc5308341a2d010a306c7
830.0,885373496002b0400c1d7ade50330b969ec67ffb
395.0,00df5b44c9f0291cfadcc0e8e101e8208578350a
490.0,c53221c38574711cdbd9e30ab1705967d4e96288
970.0,923f2d64417ed8ab3b778b87a517e64c0534b6ec
667.0,1e1d980ae2967a9fee14dfeb13a63cbe34769fd5
