issue_id,commit_id
12154.0,59fd3ce3814c62882b540cb6098e9c37f05ceb56
11061.0,1915f106fe94a65cab3887c5842cf520f8adedf3
11664.0,5e126ec99a4909efe45f2f32ae076fa4ac8c0e21
9638.0,388a9ab4cd47d76e6feb592a24d76503a692a286
13388.0,b75b2f7dcf5d3c83e33b8b2bc86f1d2543263a59
11260.0,f8e80beb96a88b3ff8679ae16489502590d614b4
10184.0,3e9048bccaba33805d96ec29f5139e5d6ec40358
12253.0,faf0e02621df87abde519466aacc130157e29c6a
10929.0,7386841194d139ee8d1de2749fa64f86150f9c2f
11038.0,e8f8e62add2a7073e50cd31f4f6571bf1ebe21b3
10209.0,14ff5175181e680d75b8d4ad6fe0d7d4dd35beff
11076.0,23c20f756be07a9e92d9513181eca850fcf2af62
9390.0,8c2944e00121b6182ca7e0ee7d9e6537eb3e56e5
11518.0,aa0f12ce9eacd70932466d248fde746e0b0dfa0d
12205.0,c13d2723d01212d09dfdda39b0ad439803ec9230
10334.0,1e80c1a2dbaceba9a8280c37e4e896599eb927f6
10310.0,315a80ae3cb65da2aa6308abd483f2f8643f1c8b
13472.0,4d59675b65b6733e525286bbd512e9d5a42f3a22
10313.0,fe066966b5afa96f2f6b9f71ec0c71158b44068d
11914.0,c1c4afe60b1355a6c0e83577791a0423f37a3324
13073.0,3bda5520b787f84f687bb116c460f3aedada039b
10963.0,4bcb8c95d8bba3147dd86446cd91be77051cef96
10163.0,cbadaf00e28f7fe42762b55f52294e3a7bb90515
11456.0,36b9e4c055f32718a036cabaf767325b010c7485
10410.0,a40f33556caef1ab0a3f75758f194728c804dcd3
12002.0,87a746878ba2359a7fb8135ed5829e6c5003b4db
11997.0,5a8c85f1261e926a7f4bb52fb72935c574476ac3
10921.0,0151028441d30525a0a553eb7fab4b08269e8266
9656.0,5216360a3c70b0f4d685966ef449645fa131ade8
11974.0,425e99a9e3d00c7d505d585e00e85ee716e3c350
12332.0,02642368427964aae6b28a90da754b2ed0703f8b
9937.0,6171b3656ebd9b6038f709ba83f7475de284ba4e
9578.0,1c9a49781da2101507db23e2014e4e5d16bd2e52
12293.0,6d5cdd7efdf8c10ff7df322059dccc8013144521
9948.0,d673afd5979a4e541266763f65bbd65fabf20b0b
11091.0,9400be98783135a1d42dd238f4e6c3aa048eceea
