issue_id,commit_id
642.0,9cc58b7087eb31eb1ca142a0fe4cab7814b43437
1031.0,629a931aedd290bcf69ddcb6ac1e0fd807b5a448
42.0,f01fea4c4b039364d1afacb8262b7ac5826f3916
1139.0,77a361966a6cbe73ba153710f10f32cc27d167f5
961.0,462443a2d1d34d686eb11dd1b9b490c062e688a4
510.0,a9c209df7a046846a16930124a865432d7caf2a1
456.0,bc21511c5cce21aebae0e432ec52b963be180ab0
982.0,0cae7e20361dbee41fb8f79d7ee9c763d17d51e1
897.0,3fbe8e7cb3ca57fd8656890ea7855da62d2ea03e
831.0,327f15afc3fcbd556b87a5b568b2b6c983519bdd
741.0,3081caa1aafde076a8472d62091d131dd8ee72c8
380.0,c7ac5d248308f1379c0e5fbb03587532457116b2
74.0,e2419c50f6a43f5476aa0e9c0725925e1b0670f6
774.0,3995e37a86cc70b2698fe4ca883aac90201af48d
490.0,c53221c38574711cdbd9e30ab1705967d4e96288
624.0,44c7eb10c6532e45df66dbb552408455480156c6
568.0,db496fb35456a907ff1dc4b460947bd80cb4f37c
1112.0,f3dc23a94b57ccd7c1909dc32174b3bc8c501919
773.0,1e77eab21b8e3b6592007123bf1daec759bdb5e5
342.0,6e1bc6fcd1970b5f566d5b264ebc52bbd5858dad
361.0,764f69a47bc242383e992502491a1ae0012f13a0
1065.0,6d6ab3dab755759ea51ffdc7e7cc2e49379eca4f
397.0,d7b1e5eb91b65d3807fbf921ae51898ce3973b14
305.0,6255017b145df5cc0d09b975e4f257590666a089
302.0,e0c3545dc3e44b59d8fbc540187ad491a5dfff27
732.0,9d74cd138d6a023cd5e8d94aec92ab984c0a5e57
395.0,00df5b44c9f0291cfadcc0e8e101e8208578350a
771.0,99c9040c3dad802fd0825dc10a6b09b0e3beb017
626.0,6a42d4e91eb33b15369a0113e66a93dbe9e6c029
479.0,96747e44d46d99a91879587d311578ecd4664645
1040.0,9a53fe859acbbf833c05f14e673d5cc76e5fe135
65.0,5c56855d6ffec63139b1e53b0b476f910b84766c
231.0,e4f571970c8da2c4ac68f8b5fb751ff13cd3b154
