issue_id,commit_id
11037.0,780f5e447799b4ab343164ab8beceabcd4ab15f0
11679.0,d2ebf181b603e7d03e65df941dd754df5de32913
13467.0,afff7b4326f380a54c73400d1e2ae03890162bdf
10153.0,978efb61b9cea47ddc2b5226cefee2a890693557
11395.0,f2b261bc2555773bd88cbbeda976f98e244d02c1
9542.0,ca27e445a15fba61401b2ee23765349515d3f28d
10737.0,749413a5d5b94f4335fe5704a107d8b2dd84c7f1
10462.0,df03bb5b1cc9fd297b0f19e08d916a4faedea267
11442.0,0a639230018d0c9e9f12476dc8b1c6e40c2dd0d0
10966.0,57fba26d8cb8434a14140c0ea65c2c71a14636bf
11089.0,9e1a0df3cd1d1bbbe7f9010c4c943bedfdfc3487
11030.0,9a4c5d8f10667e571c23f1b2f2e0397a85368bea
12465.0,408a344e50ef809812febc6e8dcabd34cfc11c60
9436.0,ff0690ab533b7b882301f8b836ccfda8fd4f7f21
12115.0,2e1a3816676724576f75ce76b18ed3ba2fdea670
12056.0,e4e342f70dec046fdb1a092e5a12c565f37b9ddc
11466.0,df8186833fe47a6fd4b7dbc52fe12f9df73609fb
11437.0,b9a74813081303399e8fce0f9f5f37f6a8343b03
9869.0,be112e1f48bbdf24d0a714b9cafc3fc9f43c7738
10373.0,67e242d926b577f440217d9d10b890f54bb875c3
9952.0,a8ca67f281bdc5d751204e3b2bf6e98731513a27
13472.0,4d59675b65b6733e525286bbd512e9d5a42f3a22
11038.0,e8f8e62add2a7073e50cd31f4f6571bf1ebe21b3
11701.0,13b255dfd832dd78bca90fac142325df534d51be
10389.0,29a22a8d59b5e2c4282f1e7f664d82595049eb9d
11388.0,7d5d4a6368e45cb9939acb04d089cb46adbca32a
11670.0,bd2968348c330dcb497d114f4b9f9783552113cb
11123.0,06c3a804e7d56cc77f76a28ee34aa67a34daedee
12122.0,328df7303425c2e3bf4274bb1eb0a2040bab5d8c
12029.0,34bce5bac9f434dc501f4cbff37b44680271a337
10946.0,6746bda3dcda273580fef2d911c6cc333c8a626c
12192.0,a1397169ddf8595736c01fcea084c8e34e1a3884
13265.0,969db5ad69b3efed0ad6bd293812c1c08d71feb0
10552.0,5a7a789ee9766b6a594bd4be8b9edb34e71d6500
10794.0,ee02d256611b17d11e37b86bd4f618d7f2a37d84
10967.0,d88f2006af35179b986479ac6ad5a20dac8ac9d1
11820.0,0cfa5c2709906a7a76f552f71a562f899e408695
10929.0,7386841194d139ee8d1de2749fa64f86150f9c2f
11136.0,842d360e4388f255ae69055136909525cb66b276
10046.0,3b440235e237ef59ec5763c413e7f4292dab5d79
11163.0,621ec292c2609b82fd3f992b5a66f3d6611a4477
10590.0,b6bb0be10ad84d456bb1cea535a4a922d7f2e2c6
11529.0,e47a003ed160d829300f6782a2e3ec014c739144
9623.0,bc54e152666bbd7ed741ec812ea2fc24c894ed11
11161.0,03bd8709778eefb611e470c76af44b2ce90fbff8
11668.0,cd44c6e0aaff4bb52a060d778025b32dbde09b44
10864.0,e94e2cc5761e1a516f70e1706498b85cf9287297
12669.0,6b8a3bcd79beb264794ea72fd7a86c64c3f27736
12090.0,8c9de8349ff4498c83f72fdcf5e432a6975d9722
13078.0,ed07472bc5fc985982db355135d37059a1f887a9
9611.0,96f71e70dc54282df4a693c54efdbfd7d52429af
12494.0,dc83851aca230648c4f75ac1a0d4b9971b2d6aa0
12984.0,b810de658d022c38ce14e49693e6cb45d024333a
11181.0,9a9abbac2ab66ec2fb6dfffea3249b32fdbbc894
10030.0,14113279768e0511d6adb7b2ffad21863a7c969d
10690.0,d40656e5799dfd22e96b8bab217638b2934a6894
11563.0,1d10fe2d739c48f00404008fe5754d2807bb0fd6
13422.0,2b1f8ed204609954ab04f7a8c123d400f929e9fb
12306.0,b4e01aee7f4a9b815542c77c3d537e7ba66dd8c9
9865.0,af804d0a5db9a8f20fbb083b48655b2687ce89d9
11561.0,6207edd1477696f4a8a1761993544d72d766bd8e
12499.0,a374c93092341f24027f60ffe32d56d2bff29b83
10173.0,bcf0031b54d555179be81c088cc3df0a723d7907
13048.0,f06524c44e5f6926968cb2bb3ddd1e523f5474c5
11107.0,244546c2fe5165b6770eb456afd5fac8878473c5
11580.0,43b5e9993ab025bd07851d70de5de7fdfe461d24
13289.0,63c0369b2466cdf6002b821351b3ea0ab42cd132
9937.0,6171b3656ebd9b6038f709ba83f7475de284ba4e
12949.0,c658993cf596fbd39cf800873bc457e69cfb0cdb
11622.0,1c221934aaeab20ed5b6fa245b33b00a8b557533
