issue_id,commit_id
3290.0,008d3388b9387245bc0df4887dab3671fd729646
1172.0,773ad9b92d447102b92492f64d7ba0e708746f83
2343.0,90389140cc192113a0c08c54a2de22a41a397702
2366.0,094b116c7fafd7716de2a4b729b756868f4db3ab
3369.0,200ce9bd39c70a7782ef8ace0338ad71dbdb175d
2371.0,2c97ed985eaef9663bc72b1bc6b6d35c7d69e60d
2322.0,cb94f4c5d3d4e1797207fd03d20d06c7bc0d05b4
1014.0,470014a2cab1e7d416ac94445f8aa766eda72c93
1343.0,f0b4b99930595f164c42f53ad9968071ad99c220
2739.0,4c8ec8f555af8aeba5a48c3c4cd9cc39c74dce8f
290.0,63876614b6734e6404f17c9d3d22b71b3f43d158
946.0,4d9916e1a6e26e33ce2360f1d7ee41d95b79d995
515.0,9f055104ad1a8bfa29c8cccf830dea196b5a9344
1225.0,84efebd6be3809388160e8654d0fccc9ce0b2395
2067.0,77af942b982a3b07669362cc6bc223026bf039cd
2196.0,c43560777a3efeaeaf0eb47568171f04103dc363
2646.0,cc6c618f4d8a0ba4bc648f5a6ec226df4f8b7529
667.0,b975dd4667ddbdf3733e6620d2329596db9dbfad
1240.0,6fcc2ae3f4536e4d2651c1a00abe2306212a5bfd
2745.0,6b2127b1e0ef474aed91a25492e18a361ad7f364
2937.0,db8cb31f2b2c39c1b0800926969c16d44b28ea38
782.0,fd9bf8f37609f220f4829050eed94df208543c56
1669.0,f267191cd81d67de3633b2d5bd4d9bfe4f44e0dd
1716.0,d5308bb80c47a645dfcc06588bf173b5c3a3887f
3248.0,53f5fd234b8a7377c401ae88e2fb6c29812715d5
3427.0,25a5d3031167566cef0fcf38b54afc6b7dcf6e86
3204.0,814a7ea96f1f0aa124537cee98fed0955ebbf6c4
2565.0,c2bac6de8c51b4ad687f04d5794ce9c6afdf38d8
1902.0,17d4cb3828b9520be6c4e64e6b7548a561aa6e7a
294.0,7155f11a723695352323d484610b9a1c6798eb69
133.0,1c24b62727704016813a44d7c677ead0b6638c91
3170.0,12ab9f9c0d8445d5bf2e79707f9ede194a6c6d03
3554.0,cd8a3745047a4413387f1e8a6877fd35859e21be
3273.0,2675076cb77fb5d37f54aa05473157ae27be7c42
345.0,8ae6ced82db441d0696ebfbf2e33e720be1008fd
2331.0,471c7f3220f45f60a56515f9c1dc55c794b6ff36
2969.0,7e714bd28b6e96d82b2848b48cf8ff48b517b09b
2695.0,b178e89e4456e777b1a7ac6d7199052d0dfdbbbe
16.0,36717b02731ad7d86ba8effbe27e70405e48cd9b
3434.0,bfa9aceb03fb728acf90436e1bb47d32c0ea5a1c
922.0,ea656a89099ee848c42c871a8407242d853c0a09
3462.0,982663d0631e1cb3bf4e66d567dc83373a3046dd
2724.0,6f84cf4e4b4ab71d950db28d1b0776e07a8726e1
921.0,76e2f9cd0396c71eedf7e3b1dabf60f36585722e
2559.0,eab030f9f5f8f488362fd359a82e000991a1e7d5
2210.0,d2a0b2911b9a32fb845d2ed174b677bd5833f917
1821.0,c73cf0f82ef011ac4dbaf00ce4e8318fb9fb53dc
2326.0,7c0b36f1467d2d8ea5fdc572d5edfce476a6eb89
2017.0,f4a1ca8fc87bd28ad75502a78005226899e08a2a
1450.0,61f12d6a8d113ec1c20bfa518efc78dd5b4d564a
1431.0,aaebe9fe252454a319de1f0e583d0e5a8635e399
3541.0,f991a898100359684111be1ddef7bb60ab6f0f9a
1743.0,d45445ed00f5d1839f19f66207ca276ebdc034c6
1134.0,3c48bf893590fe87445a735584591201c3085e35
413.0,0ba758d448ca18d98bf05dfa2ad48b59eedbb942
3563.0,0d04b40d130a49cef0609ac95be48013528e97d9
2686.0,abba4b2a74634bc33a85cf5d512de473f0a3bfaf
1291.0,aed464b92bbd9bddba2684304c141b9d65b7d01e
2795.0,9c0e110e233f67f1853a4ab8e0521ed4ff8afa9a
2994.0,ca23b7b40638c48a72e7be4ea5134984c399b502
2359.0,f29fa0d56b1e971ed9ac303806d7da153f6d6fa9
751.0,7f35fc293559e5c809de78909872896236100189
3240.0,6e995f23792c1cc1809292c770d02797d80622fb
86.0,f5b8c082847baa8a902cef22c43a5d50d7a55bdc
3266.0,185d7cbab279ef7c27b46694b4b6d93a8d6f0421
2002.0,e6f9d2b41417b442946acfede9200d361ac401cc
3456.0,a75315028cc7b8219f2ec28c7c7c7beb92c113c2
2693.0,d8bf589d4835ab03daee3101a91c80ee648e72b6
1346.0,6521c36c681500d94ff3b624b6c633be98844adc
3237.0,cd4023d9d2ab630ce4f95856f065072ef8badb2b
1290.0,45e901fbf828addfcd0984edfa495d99d7155d9d
380.0,b786eac5574e478d51314333fb6309456bff7b76
2080.0,4eca29f68bba819494e91270ef27f9c2f4b57bb2
600.0,f8b6033a3b86691470a36db57eba17d996c7d5e8
1848.0,19b134002cdd6be9f3543a7b6d18b4c05fa44fe9
299.0,505cd663cd75b5593a1c9db0eded5298bd67139a
591.0,39329bfc0788e1475038f9c65cb350daa45b39de
2277.0,c01ddc59b72658ec4efdce0f54c1df3f13dd03d7
1594.0,3f6e8c6ad586caf6a60bc73ebd52838a73074ef1
1032.0,ea73571a5464d254979d827f849a2d69b655adcc
815.0,af5a0853bfe36d547af93b904729a43fcf8cc55d
1730.0,9f9e1fde8fc91b64a0cf99bf0debaae5806a2644
311.0,e942a0974f945bd4551482ecf7e29d87d162d0c1
702.0,ef62e8440e050bb8791505f66cf48f1b756571b1
1358.0,3740ae492fa4a953abb86fefd025fe12f33fea92
1954.0,5f009374fd28aba381f375391b70ac131926bd9d
2321.0,89aaac7fe00f1d8fb2f326310bf813430fe0d3bb
56.0,707b30749daf407c07b5b265bd892564576ad80a
1135.0,0cf5881312a2256607cebe36938405a6fe5a820e
1806.0,88500f5cc709e2e931e6547ed9b58033a50215a8
3391.0,4bceeccfffd09cd6d02489988444e25b07f32ae0
2342.0,aeb82a404f2926613f83070e039de34cc5842b52
2442.0,7d4703e98ab64fa29f6ca50b72ca5a4548121bb8
1814.0,87787b130b28b97848e57b2c838e92186755cd21
1144.0,60260eb0f0954ceddad559161445848214a50ec5
2398.0,641fdeaf989c31125289390fe62601b879d1fae1
