issue_id,commit_id
419.0,a05e9a571ded0b6ec3161112446524355c141d6a
224.0,51be1f391af44531823da4c6e158a216f3de5457
879.0,f8757c6f59b063786f7ab52479665cccb8ce21c7
408.0,f7aef6ecacd0dc4c1343d3aab534c12aa50cd51d
561.0,beb9ceae946c3db9cff6d21d0f35485e853411d6
133.0,591534cfc8998dcdc1c40beca4f4895074ed7099
273.0,b245e8e0d378344fa24a4ea94e9098fa842387cc
1186.0,0c24e8bda226f3dbd6ccb0381515a9c903847249
977.0,9494ef705003a99b2053f2b4084e9346b6c279a0
376.0,54acaed24f4600f999d823568f13ca146fc60e1b
