issue_id,commit_id
660.0,da434103cc3d61180b876bc965b4bf71f670a83b
544.0,986fd2d9921ee433436d72b3ff5e8b6c2daae34e
878.0,16fb504ab9bbdeeb3fe98d94243f9f02a85de8e7
1199.0,8f7e31450835bca5d9a8bb4de252efba6f4b7b10
561.0,beb9ceae946c3db9cff6d21d0f35485e853411d6
1122.0,901812a7bf1667117668e24211a99ab7b867b98d
435.0,f74e2f520f79f279807c122075aee3ccb8fcc6cb
336.0,f8fa8497f3bd192b97dfdba071b60d47a06dad00
1065.0,6d6ab3dab755759ea51ffdc7e7cc2e49379eca4f
781.0,386838b31fa4928dbbca8df1330f23df977f9b23
242.0,19cb4076f1c80caeb8e39825011d0651e8bb1f33
202.0,7d4e57090c679e628259d5dab2fc9c0c33dfcb64
1186.0,0c24e8bda226f3dbd6ccb0381515a9c903847249
730.0,af27c34521b183db4a11dfc5e69a84c7a1759dc6
149.0,979b5e711adcfaabfe5d10087153490d8646d6f2
395.0,00df5b44c9f0291cfadcc0e8e101e8208578350a
889.0,9a543d05f98a927ea783f2d060c8533d6e7820fe
337.0,72b8e60d189bc2e1418cb7bef2eae7743729fdc5
678.0,1b50f04a89dd7af7931c53ec41385f3c16135322
530.0,fc31362f0ee2e1ef807408c53d6a0cce478b6240
1157.0,e9874e2f96c27e24aafbc54436465abd8f152f8a
528.0,7ce6df95ab9a6aeab8e3d0c268568063624849b3
246.0,a8a7356c9b4e39b759153cabf7192fd1a1817e3d
1045.0,3fd91012f20faef6f823cae3b0ba970181e30c75
276.0,198599daccae583939a7219d93699bbd32d13525
644.0,132f2bd7583326f75a8673b9b69b08a7e7c0960f
423.0,29d47ebf343547f1c0f0c7f4850c4113409e2844
713.0,11959265eef44ec984297aa3a5ee39ca5e8e3ffa
877.0,d971e49993ef3d0308e9f1f4466c87b0e8463bea
654.0,db634a459638f36cd9091677142dbdc476eca778
477.0,289d960114ae59f8247f160e15871673b7751b3c
104.0,7b47919e3deb59100f4351584741140531068fc8
1058.0,10cc4ce2b9e1d745f3be91373f48ef6ea9ca7f88
734.0,a7a7d09f446cad7f34be04ceb47bd8512b9cd344
721.0,6a58bd08d98bbf4f812dc347537c8d4ab3663cc7
884.0,644ad1a963ee3de3d5aba02b4afb0e9effd4b42d
1173.0,bcb0c8bce776a5eba9f5425c57c2ec8385f10e94
165.0,1e3a5a1338b6158ccca97d608898f79ed3c627ed
873.0,8e12ea5e0fd32dc5ef3b757d555c9ce1fa5123bf
638.0,4ad7c0f11b92348fe5b5b8d6a67c62f80e1d05d5
549.0,51fe5fafbf5fa8db0757473313419a4eca9642ca
125.0,a1cad195ece7289e147fb5c15f0753351291d0ad
566.0,fee9074c8e809ee158cd8d3501cb90720b06c852
45.0,29a1451210a111b0038e593962973cc12fc23796
764.0,323fda4b9cad52f5fbfe491f54fbe27b746c5b06
1164.0,d9ea18d3a0f93c7990bc5e7df76daf3e608ae3d9
1031.0,629a931aedd290bcf69ddcb6ac1e0fd807b5a448
74.0,e2419c50f6a43f5476aa0e9c0725925e1b0670f6
516.0,f912633d6ded6ed563f8b8ba88525839afa20031
681.0,a85b68962e0ae5cc2e10db4f0da09f1ac856a758
882.0,996a0863b91c688a7761f2684609c5663fb9f4ac
568.0,db496fb35456a907ff1dc4b460947bd80cb4f37c
397.0,d7b1e5eb91b65d3807fbf921ae51898ce3973b14
507.0,f1b60c2a411c4ae4dcb7377f088f64a99d43be99
839.0,fa248655da620a70e94935541d50cebf440ea946
302.0,e0c3545dc3e44b59d8fbc540187ad491a5dfff27
488.0,cd6d1d2f2a2423db74e18b149787b2efcca442a3
790.0,64f056c61f512c81b71a8b18a23d7907d9b02549
971.0,25a66ecfb3dee049b4094d5113bbd178dc190bef
982.0,0cae7e20361dbee41fb8f79d7ee9c763d17d51e1
1194.0,77414aa9e75f89cca9d248d4c0f3b9f1959007c8
571.0,f9b73bfa25f2a2351fbd7355a7ffcf7945ca6ac8
1145.0,91263c37b94a1a3b45be13d35ff1ea19c7b8e1b7
875.0,5eb0fd5ddcdf0b77ad30d7aaf051e5fd013e2f7d
483.0,9c42a8ab29f0727cf82ecbf4946eba3007f4e21c
487.0,64c50cfd35016b24d09f1fcf60e8d6fc2d0685b4
671.0,915dd237450120c6b658c95b4a87b575b8df0cbc
479.0,96747e44d46d99a91879587d311578ecd4664645
398.0,203c1e939e40fe2da6dbfde3d0f3e92f750315a7
761.0,60f280b5ad6b2cc4c2419b2c7634d4ae253b53d6
69.0,5dad6e9b3ae8992ecbe1f90d3d561dc771853abd
858.0,a91afadccfea9fc2063f46989fb1b5028d30b6ee
698.0,7eef21e3d371bd2a87bcd8a170e162991fa9cef1
755.0,a255c1bde0b01da1510d2f3e65bd400f56bd0c6b
1028.0,a7632361c42b33e4474a4ca5363bddbf57484daa
144.0,16bbfc3911a396c3f449b0f92727528b99abb043
87.0,e57dee60a5ab6266ed375adce12df18e0a3dda0c
8.0,e9868b7d98de19672b0737bb69287b1f450a5417
598.0,4d149e827d3ffee210a898689ecd48a66c80fbd1
948.0,8428e3fff18a870b881c6b664034af863973974b
380.0,c7ac5d248308f1379c0e5fbb03587532457116b2
277.0,390839b945cfbeaeb4c1c07bf97fc5a99198355f
785.0,2fe9fe801f6e7cf4f64e6315af10eb7407766f24
258.0,e187105f620891a026ce3739a9f0f568e6f1bc65
665.0,efe905a2aa924592bec6bf38e5c20269cd0dd771
796.0,7c720a07652d705376af6bf4fcfe6a65e0df3ddc
589.0,a39f5c5cb38143e8d185e48af8315ed6e5d45bf4
290.0,791b7710989b58832299b387cbe15bce776dd04d
411.0,f4bb154cedd5068447725a87769f0b494da007a8
1054.0,300febccdd9f6ac36dd2124d35bf974cf950a703
864.0,85d087b51eaa1706671b28add8aa86dfc7766a01
1198.0,223015a1facba4c2bfa1873235998cd845f0715e
901.0,d5b0b6527bb7d962de7a7494b8335008e15cf23d
1056.0,a5e607b6fc889afd3f8960ca3903ae16b641c304
501.0,5844690138de221c80be35a6b96382c666878a9c
308.0,47c9af815d062e4c1c5bd0750246b3c28cf740ec
1181.0,b994c757013a2cfc6cdb9407120e53d94e8906f0
820.0,a3c0d131d7029e3058b4beec8f02fc60a6efc955
816.0,2c02f56c4123a8a2943ed9f7c868ea235a90f42e
305.0,6255017b145df5cc0d09b975e4f257590666a089
930.0,392491a74d2d8abcb2c0db5230fc7f11502c6ba9
