issue_id,commit_id
750.0,64f1a6d317d0ecaa620ebb586fc9a62fa2a4f318
780.0,b136196f29599c223db5323a8020ce3aad40d41c
494.0,68f8f429390b50ddd33d503aa6bff8dd9cc6eb5d
314.0,863987dcba99e63c1b652fbbbb051d0353f28609
800.0,d1866191b8e7c4e4f9279ebff5de2628a7656289
1095.0,67799b98ab2d6ced76b8e46c4d857943225beab9
224.0,51be1f391af44531823da4c6e158a216f3de5457
268.0,f7cfbaab1689b50640adb75476fa14800aaf9eae
1187.0,4a98b37877050d0ff8cf475dc2fb8b3a93c7da89
388.0,d9c62b0925023ce3f255113dd22d615c94a71a05
517.0,6b29ad862ca292cf1482236934c111783bcdc9d5
685.0,3d560baf6c84070da60fb0552722bb86db78a90e
606.0,a2f1f6352352a8993b391df10a8740ab3c366585
187.0,9ea8cadaccc55f10a8bec5804573f740d51bdfbb
661.0,13be7e295be87cad9a1198e71bfe3ed9ca1556bb
715.0,bc6883a308055bd76f6ec82d5d2afdd3d911d528
437.0,cb65d2ca4a70ad9b387b1402e8f87909332abf9d
869.0,2f344ca6d27312bc47c2caff35a273590fb7b2ac
363.0,981f3aadc79a301ccd391e805f3213ad47bab4cd
861.0,e20d4754fab0b4aac7e797ef4e87327093447161
259.0,44528026d292737641ce8011b5096ade8f87a9a6
373.0,12207f39fef560f60e51ffe2815eea843fe19850
408.0,f7aef6ecacd0dc4c1343d3aab534c12aa50cd51d
918.0,eefe294cc9f338ccaae63d63b07892653c745d77
676.0,733a6073802775d2fcf9086ac73ec39fff8fd1e0
876.0,a7fa9cb29f22d62ec189a059142e600e0a1fa75b
613.0,9bde65edda7a917a14c0f649e3f6748017e0db62
1114.0,f25e49555aa53c740baaf685e9ed4b34a0a5b6f2
361.0,764f69a47bc242383e992502491a1ae0012f13a0
684.0,66cd634de462c685cd11d08b56e39289dbdd109e
245.0,e3d34fb35e716546eba77c222dc242ad6cfae268
334.0,08c1444e73ad11068b7c4bff4589310ef6ca566f
395.0,02987e27ccc411e020156bd8e9cff794f6bbeba9
1195.0,df1b40ca2220b0211e8a86805788c70f674a1f1f
977.0,9494ef705003a99b2053f2b4084e9346b6c279a0
442.0,9d87e8fd6ffa4c0ab66dd6c399ee3a276302942a
40.0,e4e9828640fc9046f65fb3791627a8ca91ad7e55
476.0,c3a7284bc8bbd58b68dd885b5339d8c29685bd6d
355.0,748fcb76778b618d232b1c829f72d4ef65392441
92.0,97b36a993d5481c71824088834c66f3164a286ad
323.0,ad9c99f79028ee6a508ea3dfdad63215424a6fa1
541.0,d947031e9968493f59fdc97ab0236cc1d8b6ee06
217.0,6aff7d96c2a3161e2d84373e45f9e2cdecfcbe08
670.0,534dbbfce193451a00628167e0f50e36f191fa0b
928.0,b8f6974f14e9eb37023e944a943015ca932bff72
1046.0,6d1b653e24278111d82b761c2ea1e66a0621a27d
649.0,7b14da9b4c5a61b4c852f9e3e13c2786317df50e
885.0,d01b4eeb6479c951a8b0ee10e29099af9eaf6e5e
903.0,5491d288fc7ea3a512a69c1da0b27d0d77c107e4
480.0,2547ac8682f3ec1f95e1ff365f858bad6807de6d
62.0,f444e3dbe1fb1afacef12f6545693c580cad73a2
387.0,eded7675dd4046ac64a95a1425e86eaa046bc705
1078.0,f85642da67285a2b1d991d1d0970d261a715efb1
311.0,a25dc906afb675a2b9d9095553be05df84153459
701.0,2e4b907b19403960bcb0882b150c732e5d47ec5d
1007.0,bd0aaefdd277b7328ff5948d8621d34fb8f87dfd
198.0,4161f66ccaacc57b445f1a1add35c429de84c63a
195.0,dc94ca382048339ffbb144da0a28f47d6b562dfb
782.0,e733b0ea914a6744f7ffd96569b75437244aa4de
1.0,01fc25f919df5023eafe64e98bc6a7a87361debd
871.0,364ee6c33d74ef5b907242cd56f299409e06bcd1
133.0,591534cfc8998dcdc1c40beca4f4895074ed7099
614.0,d964c74bc414f8c51d4b146511f6dede93aa1c65
89.0,447c54ea743478b375099ab0347b9bfff08e3f78
531.0,1605bf1cdb7c4f7bd10f3f215451195d3286fedf
633.0,2a83436f14dd8c9d4dbad4889c530b5398463dfc
1026.0,30c788917bf083aae6c4331ee102f8785c69432a
1152.0,0f3d4602efa2eda4cf5056d237cac36b2cc012ea
660.0,da434103cc3d61180b876bc965b4bf71f670a83b
544.0,986fd2d9921ee433436d72b3ff5e8b6c2daae34e
878.0,16fb504ab9bbdeeb3fe98d94243f9f02a85de8e7
1199.0,8f7e31450835bca5d9a8bb4de252efba6f4b7b10
561.0,beb9ceae946c3db9cff6d21d0f35485e853411d6
1122.0,901812a7bf1667117668e24211a99ab7b867b98d
435.0,f74e2f520f79f279807c122075aee3ccb8fcc6cb
336.0,f8fa8497f3bd192b97dfdba071b60d47a06dad00
1065.0,6d6ab3dab755759ea51ffdc7e7cc2e49379eca4f
781.0,386838b31fa4928dbbca8df1330f23df977f9b23
242.0,19cb4076f1c80caeb8e39825011d0651e8bb1f33
202.0,7d4e57090c679e628259d5dab2fc9c0c33dfcb64
1186.0,0c24e8bda226f3dbd6ccb0381515a9c903847249
730.0,af27c34521b183db4a11dfc5e69a84c7a1759dc6
149.0,979b5e711adcfaabfe5d10087153490d8646d6f2
395.0,00df5b44c9f0291cfadcc0e8e101e8208578350a
889.0,9a543d05f98a927ea783f2d060c8533d6e7820fe
337.0,72b8e60d189bc2e1418cb7bef2eae7743729fdc5
678.0,1b50f04a89dd7af7931c53ec41385f3c16135322
530.0,fc31362f0ee2e1ef807408c53d6a0cce478b6240
1157.0,e9874e2f96c27e24aafbc54436465abd8f152f8a
528.0,7ce6df95ab9a6aeab8e3d0c268568063624849b3
246.0,a8a7356c9b4e39b759153cabf7192fd1a1817e3d
1045.0,3fd91012f20faef6f823cae3b0ba970181e30c75
276.0,198599daccae583939a7219d93699bbd32d13525
644.0,132f2bd7583326f75a8673b9b69b08a7e7c0960f
423.0,29d47ebf343547f1c0f0c7f4850c4113409e2844
713.0,11959265eef44ec984297aa3a5ee39ca5e8e3ffa
877.0,d971e49993ef3d0308e9f1f4466c87b0e8463bea
654.0,db634a459638f36cd9091677142dbdc476eca778
477.0,289d960114ae59f8247f160e15871673b7751b3c
104.0,7b47919e3deb59100f4351584741140531068fc8
1058.0,10cc4ce2b9e1d745f3be91373f48ef6ea9ca7f88
734.0,a7a7d09f446cad7f34be04ceb47bd8512b9cd344
721.0,6a58bd08d98bbf4f812dc347537c8d4ab3663cc7
884.0,644ad1a963ee3de3d5aba02b4afb0e9effd4b42d
1173.0,bcb0c8bce776a5eba9f5425c57c2ec8385f10e94
165.0,1e3a5a1338b6158ccca97d608898f79ed3c627ed
873.0,8e12ea5e0fd32dc5ef3b757d555c9ce1fa5123bf
638.0,4ad7c0f11b92348fe5b5b8d6a67c62f80e1d05d5
549.0,51fe5fafbf5fa8db0757473313419a4eca9642ca
125.0,a1cad195ece7289e147fb5c15f0753351291d0ad
566.0,fee9074c8e809ee158cd8d3501cb90720b06c852
45.0,29a1451210a111b0038e593962973cc12fc23796
764.0,323fda4b9cad52f5fbfe491f54fbe27b746c5b06
1164.0,d9ea18d3a0f93c7990bc5e7df76daf3e608ae3d9
1031.0,629a931aedd290bcf69ddcb6ac1e0fd807b5a448
74.0,e2419c50f6a43f5476aa0e9c0725925e1b0670f6
516.0,f912633d6ded6ed563f8b8ba88525839afa20031
681.0,a85b68962e0ae5cc2e10db4f0da09f1ac856a758
882.0,996a0863b91c688a7761f2684609c5663fb9f4ac
568.0,db496fb35456a907ff1dc4b460947bd80cb4f37c
397.0,d7b1e5eb91b65d3807fbf921ae51898ce3973b14
507.0,f1b60c2a411c4ae4dcb7377f088f64a99d43be99
839.0,fa248655da620a70e94935541d50cebf440ea946
302.0,e0c3545dc3e44b59d8fbc540187ad491a5dfff27
488.0,cd6d1d2f2a2423db74e18b149787b2efcca442a3
790.0,64f056c61f512c81b71a8b18a23d7907d9b02549
971.0,25a66ecfb3dee049b4094d5113bbd178dc190bef
982.0,0cae7e20361dbee41fb8f79d7ee9c763d17d51e1
1194.0,77414aa9e75f89cca9d248d4c0f3b9f1959007c8
571.0,f9b73bfa25f2a2351fbd7355a7ffcf7945ca6ac8
1145.0,91263c37b94a1a3b45be13d35ff1ea19c7b8e1b7
875.0,5eb0fd5ddcdf0b77ad30d7aaf051e5fd013e2f7d
483.0,9c42a8ab29f0727cf82ecbf4946eba3007f4e21c
487.0,64c50cfd35016b24d09f1fcf60e8d6fc2d0685b4
671.0,915dd237450120c6b658c95b4a87b575b8df0cbc
479.0,96747e44d46d99a91879587d311578ecd4664645
398.0,203c1e939e40fe2da6dbfde3d0f3e92f750315a7
761.0,60f280b5ad6b2cc4c2419b2c7634d4ae253b53d6
69.0,5dad6e9b3ae8992ecbe1f90d3d561dc771853abd
858.0,a91afadccfea9fc2063f46989fb1b5028d30b6ee
698.0,7eef21e3d371bd2a87bcd8a170e162991fa9cef1
755.0,a255c1bde0b01da1510d2f3e65bd400f56bd0c6b
1028.0,a7632361c42b33e4474a4ca5363bddbf57484daa
144.0,16bbfc3911a396c3f449b0f92727528b99abb043
87.0,e57dee60a5ab6266ed375adce12df18e0a3dda0c
8.0,e9868b7d98de19672b0737bb69287b1f450a5417
598.0,4d149e827d3ffee210a898689ecd48a66c80fbd1
948.0,8428e3fff18a870b881c6b664034af863973974b
380.0,c7ac5d248308f1379c0e5fbb03587532457116b2
277.0,390839b945cfbeaeb4c1c07bf97fc5a99198355f
785.0,2fe9fe801f6e7cf4f64e6315af10eb7407766f24
258.0,e187105f620891a026ce3739a9f0f568e6f1bc65
665.0,efe905a2aa924592bec6bf38e5c20269cd0dd771
796.0,7c720a07652d705376af6bf4fcfe6a65e0df3ddc
589.0,a39f5c5cb38143e8d185e48af8315ed6e5d45bf4
290.0,791b7710989b58832299b387cbe15bce776dd04d
411.0,f4bb154cedd5068447725a87769f0b494da007a8
1054.0,300febccdd9f6ac36dd2124d35bf974cf950a703
864.0,85d087b51eaa1706671b28add8aa86dfc7766a01
1198.0,223015a1facba4c2bfa1873235998cd845f0715e
901.0,d5b0b6527bb7d962de7a7494b8335008e15cf23d
1056.0,a5e607b6fc889afd3f8960ca3903ae16b641c304
501.0,5844690138de221c80be35a6b96382c666878a9c
308.0,47c9af815d062e4c1c5bd0750246b3c28cf740ec
1181.0,b994c757013a2cfc6cdb9407120e53d94e8906f0
820.0,a3c0d131d7029e3058b4beec8f02fc60a6efc955
816.0,2c02f56c4123a8a2943ed9f7c868ea235a90f42e
305.0,6255017b145df5cc0d09b975e4f257590666a089
930.0,392491a74d2d8abcb2c0db5230fc7f11502c6ba9
