issue_id,commit_id
9696.0,aedad3986200b825d94f847d52bd6b81f0419a06
13271.0,680be2e1b782616982338da1bca5158259e94e78
10194.0,8532744ad3de309e807ade1b9b6eff9603305b1a
10092.0,c8728e4e47569a2eb918600fe75f36a6dae4e623
10994.0,cc3521ea93b0470e9ea11151a44c30b54d4d726a
9435.0,531a8eabe222c3831cc5b55bafc81d2aa36f0672
10742.0,d4c1f69693ec476b33add0d540631021eea36a0c
11305.0,3e772defb7781955be8c5490744532ccdfc1dd3f
9733.0,f7afc73780ffe89abd8dd08ebd815cbcf56720ee
10322.0,b21764824f181fb7a32fce852e5afcee4042192a
9478.0,5e797436c3defd2d863ac1ffab11c48dbd42588e
12237.0,c170b8e0a1b1f761d89fc9edcd603336b65f07c3
10061.0,19ce1ca783a995bbd0765dfd9d89f2866fccbc09
12344.0,f69946854775d5c755983d9f585bd20cc97acae8
11226.0,33902e53eb7312fbf2f17b7b700bdb7683441a24
12294.0,4c16931b49aceb38b763b4a24a55a99b6847e29b
12241.0,63320f807788e16a9a6310180714692ed5c113d8
11682.0,e90e17068eb0d9620aeeb90168cc222025ea119e
10422.0,4f90f95fa5fb087445acb40c110770ebb3817b28
10664.0,8fe86302ff1cce23c019fdaf24fc6448c3b30090
9902.0,c6332819c7fb1b01730817a2d46e4fff5a60436b
11203.0,88af7d0c97497b5c3a198ee9416b2accfbc72c36
11011.0,785d6e396ce81575bb155bede412a6182d5f22ed
11456.0,36b9e4c055f32718a036cabaf767325b010c7485
13225.0,ccecd39dd9281d65bada97f6762f622563227315
11147.0,40a9ecc684d2c5e7fdfc09f46d0912940b74ab63
10698.0,2526c85ae17d83cdcd826ceeceb7643ae5cbcb2b
9599.0,839d3dd0b598ecf6f2e93b9f9068c2e21fa1c97b
11556.0,cb96315a291a8515544c6dd807500073958f8928
9830.0,083a41cc6be7b1796e3817df198d1557bb8557b8
12332.0,02642368427964aae6b28a90da754b2ed0703f8b
11167.0,d6388ed6457465ab35da8a34ae4abf5847a50cd0
12254.0,2944988be3ce0398c1ebbcce3f2b57a6d8be05df
10006.0,b26fa3b63870b6160340bfeeb384b8d812dbbd15
11079.0,2780ab0c9712b41c34693758141f30ae3d3c2e7f
11975.0,88cf9707530f9bb3246779aee0138e49efecc500
11808.0,1336cdb14ff03de754aec6899794742ca91057b2
10865.0,8f4e4f2a0b543f3d74327cb04113f65cd5d11c62
10714.0,583f92a6f9332574a4a2abee5ae454e906389377
11327.0,c7d04b70cd15dd47ae95dd2b1ccda64d293321c5
10476.0,a9a68bc9deac5d72170ac48c15c41b0defc9753e
10062.0,0ba6d95e768eb7a0d74a6fda3ea893e7fb2d7a67
12568.0,7c7e51ea5ab47b67cd68374400051dd022bdc662
13138.0,c10d24959b0ad615a21e671b180a1b2466d77a2b
9996.0,ba8b3fca6e9e4e863bb80d134946be1b60463718
10858.0,9aed521e6650384533f69d7b46c0210b45ae9391
10242.0,a3664246de4bb8ef3232dd84ff47fc2694c69e58
13383.0,f0464c94c3844ba38cfa501fa3928a2bff828011
9834.0,b13326498e7cf7338a397f93a75248509256adc3
10266.0,5eecd55a6f1d6d149b42f9b76aa53d4c5ab8d3eb
10846.0,63e204693b782b5f068240568853cdd637c29030
12216.0,39c301d1823ff28acf610433794c2a79b5c00a46
11768.0,7bee9a18d83899ce6dfd50c4883afc678139f4ad
10953.0,c60f1e19dceacf77749a6215b1fc77f758f46327
9558.0,16fba547a15958225077303635b816c68263e73d
12546.0,ad578c4c19444af9d1f0e0d51a8283eb0db1a264
9411.0,f1df4297c27f4a2dab675d253be67eb0372817af
10673.0,da9ce7d8f2e4212cebdacc80f6252b4ae1e68773
10191.0,36176924bb5d0fe248a56362c6f776799434ebc0
11389.0,885ba629acba8128fd40b0af92c960b99ac5b827
12288.0,bb8e377ca10432d95c142651a355ce440be80557
11050.0,c7f4ad56532a378833f88648f6849e76f9d769be
11542.0,90c90b69cf35c0457ae52e97e363b82562fe1920
12226.0,8bc53bef4fd373d0f4276d00793b9a35fb1a4ef9
12299.0,f0eb8d538c82798944346b4b2df917a06bf5e9d4
11719.0,edd0c0a4bd4cea027842bc8925048976d65b1ae9
12242.0,58399c111a4639526f8d13d4bfa62fc3d0695b02
11160.0,ef0c95aca2fd19666711422c14a6b16f8025ed84
12533.0,adaed1f84a0d980a660eb7d5ff271408374e5bef
10189.0,a6afe7c8149c61372b2aae6ae331d1584eb8a19e
9386.0,5a7906ba6156f57025520fadbff52331eec4a12d
11758.0,c2dc4049c16ab8cbc215bb0ae80cd94a3d9542f5
11998.0,0cd3b07eb5de1aaaad84d1ff7f7c2ed7dab4b23c
10163.0,cbadaf00e28f7fe42762b55f52294e3a7bb90515
12170.0,3dbc940b9eb690e92fa6d7fe7ebf897a552a1c50
10459.0,ebdc1c8759f65768212b7e7113b5cae82e9df3d4
12007.0,0505393746d56ddacc34bb1c016dba79429c9ac9
10977.0,7a195b64ea02e02698083b0b795287ffa6e72cf8
12328.0,29b80082dc4f785b462c4453f14294ea32ad9ef3
10134.0,84e168b5fa55933e02e767ff7c86fcc0232aecc6
12076.0,f42d9e0179f11871179bc9ee4e8c138cd016612b
12551.0,9e6b181b0b27d9ea1157b2ed7bcce04434bc8d77
12721.0,2f31fae720b25c60d15e1f30d17dca8e320dd92d
11319.0,7875e856f8dc09372a83d8c5dc0af74a50d17d30
10209.0,14ff5175181e680d75b8d4ad6fe0d7d4dd35beff
11521.0,ca802e1b6b9fb47194fe62c2fd0df03de1002c84
11384.0,dc9e510192d0a8a6f6943cd46e9554364d4dcdd2
11199.0,98465b85d020f1326bcef7632f1261a9a7a84e92
10020.0,918c5991faa21cbb48de07566124c57cf16c0cf0
11036.0,3b7b071bb7b4537576306f00703c5c409bedbb43
11029.0,6dd087ab73b09e449144ff17450cc14f981b9ac2
10931.0,bca4cc4df563a1d72b91460bc29cb18e91d14057
11205.0,d337273d2e1be823c5e3e1b5e757e2426cba8004
11234.0,a9e77534c889e378eda67e6aba10632a9d30d629
10549.0,83cd9b78a241a04d3762ba7c71c1a0c47f9aba58
9802.0,ced81968b0e9d8b1389e6580721ac60d9cf3ca60
11431.0,882302d2b0b6a5aad20dc08a98a9384165b3ab0a
9384.0,173a1a545954bae38e40f4fb0bde228765a9b059
10077.0,a637960fab61b66848a36e6a5caf0204c155af01
12221.0,c55ce21fdd4f55709269140e068cc840a7c7ec48
13239.0,d3512f7cfd0aba4ccf20f1d58729454a18718699
13246.0,544625545afe2e9c2b358e356c11bb8be53ceb51
11043.0,76da5f0a21ca98e4bf6706e182fb825243e76204
10023.0,49f5b931410bc2e56378f20a15e8ac919e0efb88
10992.0,be6d8293f26d6d577b61874ccf6d68f116734d5a
11306.0,d059890d0342955e968fdf97b5a90d19c9d68b4e
12841.0,665b0076e089dbe60ecadc34bf2cbff9d7042482
9903.0,12cf6523226bd22c02e66ebbc441ed7769ca28f0
10038.0,97d5fa920e4f8248128f7c1b460fd9bb20d3478f
9642.0,c08ef613af27da896cee168daeee5c6fad1980b6
12740.0,29f27f333efb427830e62bec62fd79b444df4011
10184.0,3e9048bccaba33805d96ec29f5139e5d6ec40358
9891.0,ce13af5785bbb7a2be7d42699cfe25117177ddc7
10692.0,1fcc791ee1c94c2a3efa5072aa2f10f1aab51a2a
11636.0,a9cd4bfc8fcc7ed43e092c84415c261d30e9c79f
11125.0,cd22c5a53bf738ea678cb5ce0e799093d527f2a6
13255.0,2bb96b6fa782abdc57c4ebe07b28cdfb98c49e50
11196.0,02bc5010a04bb11c8e91835cc9775c8149dec754
11051.0,545acc4b66b5fb0ed5457ef7288d836f022c118d
11726.0,4449be11edf1a6ac7298fd5c41c30a7c8cfdc292
11463.0,74264ea3cd5e8bdfe90325f98944297d7f409018
12628.0,30fe4ff1f12ff0c45bac8738b4d2690eadd056b2
10678.0,dd07a4c41efed22afb5780cd584555cbff141c74
11675.0,dcb5e3cf152977209c7122f6b07d6c86fb4cf1e6
13477.0,ecac367b2372b5f2326fcd3ddd11718323427f4e
10873.0,c7b7328cc99fd5d7c298e57c6020043451d89a61
10597.0,468f080c98f06780c950e5a78c9eeeaf9fff002e
12293.0,6d5cdd7efdf8c10ff7df322059dccc8013144521
11039.0,5027630fa41f499a9226a8f9d952ceabf2c247aa
10367.0,13548e8b212b504c9f506495b01855de6d9f6117
11391.0,8fc8a1681332cc4c8b05260b20ee54fa1589e3d2
12545.0,b8ec0e6dc9bc2b069fa9cdb86b8a32ef6a10a6aa
12477.0,029461c7d1fe7a6927a6f9d0fa13dbf49543b413
10959.0,d8796e04f8f8a814eb8ae3206624b5c4b47362f3
10986.0,09a984bb256e0c28ef03eb8128bdcc851b3604ec
11412.0,37c0c1e1975e23bc96d31ed2c990412d0239a406
12831.0,627bf95c11199419eb6d2017c322a0d78ef3dc3c
10145.0,a80ecd78daf7d464a6ff915111f62b8cd21c8b6b
11986.0,6096ded90df902e1f8a21f666748a03100d140c0
10797.0,4db04d8701a64ee249dfe6ce09ebd89063bfb99c
12336.0,c24d16af155e20976bdf61e468ba760408e676ff
