issue_id,commit_id
2055.0,88120e9e9db38b6ccf851348542d5cd88e249881
2306.0,5b0b9717da958fd6325c675d92be4f6667796112
3236.0,91e53da054c8e923ad6bf45cfb4c12de029de1b2
1661.0,c1c205bcd39ee417ed028c967819a45d08d604fc
3674.0,3fe5eecc2b57406bc9f14dbcc4fb1a76ba4ebab1
3529.0,3d61fc44280e5e77ced09e0eba9634ae5e5f4727
1882.0,f19d3bd67e0d8213013cf06f47d951c8735515c8
2467.0,0a1090890f8425a69e5b004aceb04fd7527b8e35
3281.0,5a04590e9c1f2aba03c2bd70a8b5fe1a18eecb56
2256.0,970a8009f1842d6be8c04f3adea3c2ec97d7eff5
3680.0,a12a34100ac0ab85c29f87117ac0b75100b52d3c
2695.0,b178e89e4456e777b1a7ac6d7199052d0dfdbbbe
657.0,3b393f89f66733f7824a50b33b93eae9999812ad
2358.0,63129e8426ba0ab71a3500172ca04fb41ca67daa
2396.0,1172728a683e0241400d991df672818ed9b2eb0c
299.0,505cd663cd75b5593a1c9db0eded5298bd67139a
1532.0,671c1ee0022ebc561a86e7c18ba97b2b81c24ead
1898.0,74b3f7e04cf51df313aac47175b752663ab0ed44
1364.0,8c4842cf1fc82bc68ff65a2bdd506b46fb4c0fcf
370.0,065afe53a6f72e42428c4373ed10d082868f25d6
535.0,8339cb35082fc93d3a9c98616aed7fe0c1c642dc
104.0,fda14678c07d036ef3a1984a4e346e793cc5a63c
2784.0,b83760675ded7124f8a7c2cc49fa8d7eea438233
655.0,ab3d9d12c6f16712895735903cfbb136f22aeeec
1911.0,b8aca21a392c367522eedb93f248f68005c84908
2338.0,a4869eb4d2bcb25e6cc5c2e285601abfddea7f4c
3235.0,52f9aa7ed6ceee6b416eab39a4f785d958245937
2210.0,d2a0b2911b9a32fb845d2ed174b677bd5833f917
3410.0,42942ec2910420ff6107b9da839c93d9c422109c
3564.0,2062d984abd3364557a6dcbd3300cfe3e4ecf156
725.0,3d9055b3b73b1d09f933bfd070f704e9e8bdff2a
1980.0,59104db2f2f0a507aea2625230e446361e2fc174
2374.0,d625d411047f335bb8586be3064c7c735ccb0cda
2315.0,898c8621b175ade4c623ec61d04f24e02c05e0e6
2748.0,a6a6810d563949303bb820cdb83c63714bf98bcd
1112.0,c048aed65abdbf51955367b95242a53f0219853b
1920.0,b7a0cc61c54dbfebf8c3b21634ec9e37596b1e9a
745.0,4baeac07d97b73c1c7ca14c9d5ca7ff35d583165
2729.0,32e813f728ca5d8ac662231d8fb1aceafcd85412
2173.0,95db82f8f7df0acce7051a8dedf29b88e436f5ab
1291.0,aed464b92bbd9bddba2684304c141b9d65b7d01e
1855.0,d80fabd9f633fc0ef2955a127cc980ac9b0cc8fd
3168.0,e2f4b53396f4676978f86492dae5d3952446df89
433.0,d94efc6db63516b7f72e58c34ae33700f3d9c4fb
164.0,0bf777ed81d5296fb722931d35e5db4333e3de39
108.0,2a73bbc436041875f81aeffd5b8f13c6da8fcf19
1917.0,146cba53e7be1d433ecae9999ae662b48921e520
3633.0,88c9c68e17774b24c4a67f2abadf411c6a689c1e
3082.0,0b5b4a66ef99c8b91569dd9b9b34911834689d3f
501.0,3afcbf160eff2a5ab6ac35a82e0719f972df8972
1630.0,b3b5a98fd09f4c02828765a5968825ab4f11556a
2994.0,ca23b7b40638c48a72e7be4ea5134984c399b502
2937.0,db8cb31f2b2c39c1b0800926969c16d44b28ea38
2963.0,0038a6796feaea05d9839520eb7f31f7f976fc47
92.0,4a2d2ba3b8259165a97dc80890547f97d7e35ff5
2119.0,7f288371674b420ac2df8ff2313e3b469662ee41
3541.0,f991a898100359684111be1ddef7bb60ab6f0f9a
2928.0,d9fa28ba68809aec8df30c65d7ab1f8a5e0514c8
2004.0,ccd02bfe8c90ee8dbf30cc2be61a7d483ff24cab
3317.0,ca0acbaa5349046c44f8377efd0372eca9650748
59.0,bc00fd1e83f23f57dd6a765b6a4bab2394584ae6
2228.0,a63a4cb034955f5d9c4b14f87a5337d94ba472a1
3204.0,814a7ea96f1f0aa124537cee98fed0955ebbf6c4
1954.0,5f009374fd28aba381f375391b70ac131926bd9d
3056.0,10d0ed68a342880ea355ba62e8d24efa664142cd
1187.0,11fa387748314193e87c863c181f32c19dc3139a
2962.0,70b45094ab3d62b919a84f8fb8376e6614a98dd3
3456.0,a75315028cc7b8219f2ec28c7c7c7beb92c113c2
647.0,813149677d2627a9ca462dbb2fae985369b54384
779.0,05dbf52fa586ccd86a7d774e918faa5e9ae414a5
351.0,d628df6ab6c57b34acfb412e135d0d095636c539
884.0,47a41b645f627b9b68c70c193cb322f56bb4c12c
3245.0,ab8d60d826f2e07f70973c754134fd9508232b8a
2646.0,cc6c618f4d8a0ba4bc648f5a6ec226df4f8b7529
2792.0,027aeecf26716bff4efcaa7b007e61f2c577a81a
2223.0,8b45009dbc22508ca6d9dc06e79ab23914ed14bb
1225.0,84efebd6be3809388160e8654d0fccc9ce0b2395
3261.0,46a67b6789ceb3ba814afdb72ed7770033858a73
2149.0,6c9ff85c3f3c98ea85da5f789c092ad7926af0b5
75.0,a154c87cfca3e21316552b2ec558029f9c96122a
1881.0,4f83f705e7a5f35381841148caf04b2829873faf
2373.0,1e112cccaa94dd47e43f9466d859730c412aff1a
67.0,387be22f26b8065d29e311723bb8a50a74248534
2231.0,d04d36842b6c0c9430dfb3d1129e5cfa5e8bac3d
1181.0,4f5d3eab067f8821b2a69bfaa9be5ab1b04669b7
2570.0,2433522d2967b8a5e46f16de587a8fac5088a47c
2765.0,1a9caedb49ada290b00d0db0ec61e66d95807413
3162.0,7f782ba84e18d327ff25d40dc7d5719c8a036258
381.0,56177bcbd16f9e73252d7af7c78d25dc60ed946d
2436.0,c74f46979a8b8358437bd7f76e478d04248a9c72
2353.0,49f3e96844b5dfb6459412aa68e3f25ab3a65514
2209.0,6efea346dd54fa9adb65fc044d72e5ec8bdf4018
607.0,b2fc9febdda6ce4c90f1aca351c01e8b71fde11b
2047.0,bd5e297aa9697f42a61682fe56f10eeb650e8540
3179.0,aade460f1557aa0546ebf248a4f323140f30759f
808.0,1982c208ceebfd317e30ba16a40402850e97e1c9
1878.0,3d72099dcd8dfdf127c23e7104c19bd70ea18f82
3659.0,9075da126c9a983917b9779dbc826841813eee3c
3240.0,6e995f23792c1cc1809292c770d02797d80622fb
653.0,dfdbc00eafb3e7578b81f82a59630f2e79691cee
2706.0,8f5168cb31a34c54c9a751cb386b8615e03fb148
2409.0,817903c9c1f4c5c6e063edc971ccc75c5c94af49
3694.0,6f2fdc5ac4ad869a21c4c0281d7fa1eb8aa5a689
133.0,1c24b62727704016813a44d7c677ead0b6638c91
2201.0,f5adb61b28f240effbba5a4686647c2af6e85b94
79.0,da514b398429653dbd368c6da48c9863d3c2632f
1669.0,f267191cd81d67de3633b2d5bd4d9bfe4f44e0dd
2397.0,cce6e7dccc73c0bd86ab0c978a033bf85daa0845
3563.0,0d04b40d130a49cef0609ac95be48013528e97d9
1671.0,431db2874b242316051963d9bc4d5653b3647acc
2213.0,5b83f11398c8d0f8f4158af05d187fc03508f01a
3321.0,c074422cfdbcae3cef305631988288e13bbce2d1
559.0,9d9f240df8da4b433c914e76b6ea2c7e82f3e320
2665.0,0cbe698958f81efe202e71ac07446b87ad694789
2038.0,a6a36ec72a1f65514e137b0f21708e8c61dbe4ba
2636.0,4a7db6647407de076daf31f1dd766388128f9a3d
1012.0,5c3b161c9e7c4cacfe789a8237b262a7549d37fa
1247.0,b24438b2c9df81db294d3c15681f7faf9a135970
2322.0,cb94f4c5d3d4e1797207fd03d20d06c7bc0d05b4
742.0,ffbcad1e46ff88981e9f787f29234de49d31a54f
100.0,d17b6d738a0e9f8a3dcf4996a65de6e3347acae6
2148.0,22c613b8c44b74f4756f1eceeedde99b31144a47
687.0,5997890c6996a5eaebc14fff5642ae55acf30cd4
2123.0,789715adb9949f58b7b0272bed1a58d7cd0fad30
2332.0,c5be20b53ca577be5569b1a327e88991f2ea69a0
3111.0,855d59b68b71db78165e4d4e2905c280450b6214
3203.0,d68abe99f69f051435bfac1c040b3a4cef058adb
2199.0,06112a555a9398701d3269253355c214791e1eca
2323.0,849fc4b90c009d9bbbb604b2997d18340fb7ec2d
517.0,24e01318d31c6a541a44636d3a97310ff814d0c1
1206.0,46918d3cebceb611e21bec3b13412f3d18b6509f
3067.0,b2765893e6bd64787ab14b1d67eb7d29314f1bdf
439.0,f43003967e2139ee6d89e7dcf267ba8d52200ac6
605.0,c4f2075f4c4c27856fe0af77250fb75c61c0d86b
1135.0,0cf5881312a2256607cebe36938405a6fe5a820e
343.0,69e7a0a2a0391ed1bdd102deffbd98137790f959
411.0,4e9b7867c989a1d1b0c03ddb2ea62d689b6abab1
3621.0,330a3e3ddba712def955e7a2ccee92a205dfb656
2610.0,94aaa2457927c59d4df2a616d24f640ee8454966
29.0,a921aef6c47cecbacef5173f03c07c52e6bc8fea
2022.0,3bd12b38a80362f6656b834ec04c95f1ba4d83e0
2046.0,49ecc88d9949bed6297944cb4a3d115fa9727aab
1840.0,e4c712ffd2682f963906e1d0d27e67b7f83d95ce
744.0,1fe20d32087cb3e0ae1139b7fca1545db64b8cff
3181.0,5a49b96d0e15f423ce8f2abc27a0ac280e69f726
3174.0,8ef56c8c6d0be4d4a9e844c723e70810a0be2fbc
105.0,faa1c71e455a99e9b098aa9bb4667c07a1bab6aa
1057.0,da1c1f0d7f8e2df19eb320b176021511b7d05b76
1621.0,c72e7c7c70f1553295022c70d5058ed11932c16a
3382.0,941bc9ff6019117c9aa341f809bef7e0e54d0ebf
1354.0,c282ab1ce2c93226ed8f1d44b565beb93391312f
2080.0,4eca29f68bba819494e91270ef27f9c2f4b57bb2
1781.0,de25e98f917ae441d186e8a722a0f40a6c7458f2
1290.0,45e901fbf828addfcd0984edfa495d99d7155d9d
332.0,f034d8d3451f590fca1badeac5da0230bed9b148
3344.0,4a8e75b10a50ae13e9b61763e680f3c9fd518ed3
1192.0,60fcc05c4705ccafa80fb997dd4e908e56894030
2789.0,401d7f9bb2514eb45ff98b2ac7c04952f5eaa678
1875.0,62aaee02f754c74e0a051097c869cdabb0f0a09d
2393.0,c5d3f806d761432e87398d3ecab2f042a3ab617e
2131.0,47e84101173d00f70a7f28547aa0ae2fcd80086e
2193.0,a7f1a21c1204828388eaed1e3903a74c904c8147
997.0,ff3ef8511ed7c507ade5ebdebced7177665a3414
1577.0,6bf42f9a845b7e54a39846f5410c9e3f6c80ba18
3185.0,7f98a28432f2059259a5b8e5088322fa8f42f829
1998.0,6e6c3a4636387892e3725f1ba13457966c188b87
433.0,f4a31db9f6a9b8bdfeb023f247eb6e8a42af3162
977.0,02eb9c99fdaa0c3cb3179ca5a1538e87ba6f13f1
18.0,8d49440d8b881b2df2c10085a58d3a4e4085147e
2582.0,22e072379b9fcffd229cdd239dd3ff5ed4eed571
737.0,97815b999e831205b90018e81569b55ef8fd0043
1860.0,047efac537abad9e3880f545d8b767f6e6be3786
3266.0,185d7cbab279ef7c27b46694b4b6d93a8d6f0421
1014.0,470014a2cab1e7d416ac94445f8aa766eda72c93
3229.0,240e398c8d2b46607f6e5c87b6e39eab50ad7796
601.0,b5bb49d080475e4fb90f6a47dacab60b53470e9d
311.0,e942a0974f945bd4551482ecf7e29d87d162d0c1
3453.0,986871bf4eb85ae62124e71ed579b6baa0ddaeae
3154.0,ab3f92253388df031d2947a5a76c980cba7cb694
2536.0,a43a439c7a839edc8c5ac7062acb694eceb99e55
384.0,09370c3f1c808e9251292bc228b6bef4b1223e93
3292.0,1a6696da70923b2433b588ddcde90fd31ec296a6
3699.0,37551e6798aabefd549340a7d3840b7648b413c7
736.0,ee013e01b0f0007e4908458fbb8e60944c40a6b7
1987.0,5044f3d6101e5915963a497779b6ad1166a7a388
1703.0,7df543d5dc48c9a653403b1be2c8e83ba0f6c7f7
1222.0,a1b273658da6b8ec1d8106d30dfc05e1c9542406
1822.0,8d7e7aab31f0e3cf4d009376b6d210ae1a27785b
799.0,ab1be65c88b01f3318e42afd089006d24e083274
2152.0,1636a4c410a1bf3713bc1da8d4de7ca66cdf1681
3513.0,bac908ef35338e78422c5edc0456a22d04debfc3
1150.0,01450efc25277e8832d1a00916af009db8a07dcf
304.0,b209cd96f5865500c7002e127217fdf9ef9d2225
326.0,c6316132b173f96a6f5a90ff3b62f706f8a62560
1245.0,eea93424142ede248d9febee6be11b37faf9fbb1
1733.0,4542bac4d43efbd2422a52714f96c0dedd08e2b4
1318.0,e3ba459abb026c536e60a3ba2dec3e30b53003f6
3064.0,1096e226ccbae8135085322fb006a01836a19dcb
2555.0,05e3840cc2a3ac6233edacc75fb38ff866d6bcbd
1090.0,b0f594efc9c6ae692b9b4732d40006b1d3c69d23
2724.0,6f84cf4e4b4ab71d950db28d1b0776e07a8726e1
562.0,0f3bc38a18909cae8903f3229a2866aa64a52b2a
623.0,2b30900e2c007cf39b3d73a8ad53afe2f29a3a2c
3175.0,819368a52dc9eb0ba4e20195783f2807872dabad
816.0,2e17ad7fd42d8575f308af9c17496d38ceb72b5e
2279.0,716edfdb2921222eebf64176d416c761d21aed1d
2352.0,62406e667c8004cf0367a3ec5bcbed980cbc32bb
2135.0,49386ee69e92aa23edefbfff01fd425c5fbe33d1
617.0,17fc38c397aeea01165275f6811e34989f2ff00d
3620.0,51c87e6199b78cd3b4b33a5e47c7a135a772f10f
1499.0,9ddd3e9084b9909fccdb42c55f637dc8b671beb7
1088.0,8efbae917b9265fe12b07187c3923d7003600346
3290.0,008d3388b9387245bc0df4887dab3671fd729646
1175.0,80283d6c590a5e54ee877813f33fb7bf3e02123d
2825.0,232e5c81bc722c3ea87f15d0f95f8b52f064fc4c
324.0,7044b4beccec4380bc7e573559a08f4a8820afec
2412.0,59f7966e3192bcf478a213ba0aa9cd3bda7da4e4
1019.0,01e831f08279d69f29984abf74c0eeaa12579915
2870.0,93e4b714a179c7132b505dfbcd835e7aab542a56
2303.0,c8e56d58077d29e2c9478f133b3c69ba73deead5
2804.0,99c56eaafa05a34857623d5318c5bccbd634adff
3207.0,976dfedaa9efdb566333ea829b12751820268f67
3054.0,717f9d33ca7c803abf781ad81d3854ddd7869900
2326.0,090109b63772669f838d4786ce9a2483e75478c0
2378.0,29c055a2b4327d94c5aaf66ae00514199ff146cc
3401.0,af5743f6bd2a62072657830d3585b98680e1c203
2711.0,324b4ea2559f42ca710061bcf6c85960a1f2d2a9
1213.0,fe2d75e1f41efb49472d625ec7c366e7c242a2c2
2234.0,ec18fe94775aaa3d54238c6c75b569491803134e
819.0,a2bc61b5ab19e899735f8945f68123b4cea570d5
2554.0,27a7171d42c878d5d9094c0117466e862ff91000
3391.0,4bceeccfffd09cd6d02489988444e25b07f32ae0
2606.0,8ff0cef6b9ecee2c0bc31774b33cb88632dc79db
3740.0,fe55f92cdc575d00204a134b2d556c1053e1ed4e
2117.0,5b9b180191016044b95896924c7df55cbff7db93
2739.0,4c8ec8f555af8aeba5a48c3c4cd9cc39c74dce8f
3375.0,e17c3423bd306b04d27b6a2e53c80f1ac2179054
1208.0,fa610a24ec326bbca01d6453548a1129178273ae
12.0,88f671aaaef334caf3231095b119cac094ff5ffb
2301.0,5b96e00972b2799728470ef9a3b49a99dff22cda
