issue_id,commit_id
799.0,321a76569d2130a38b2379816c9d00ef6e139058
4412.0,3b0820d747e11a1a7722f0777baf923607fc0485
2496.0,245287fd5a357655f7d7e7f2e333e2e7c5794262
113.0,aeab5370cbefe235c2000a80edefbcfe5d20fc20
409.0,0c63c9539dea0dcaf1c9df389b4b5c42ffa36c57
145.0,c5cd8b9d3d160251e5c352a1aee44ee295f9a8bc
2264.0,9c9690c76cf95df53c1eb2d3ad0360209eb2a50a
1447.0,489c76b83ef8bccd04f113964a346951f3cff1f4
1598.0,a97f28fbf09d2e6d97b626433630df8ca1931b3b
3476.0,f6ce716372d9027a55345027989242e0a4dfebf0
4705.0,cd0d3fd48d07ec3c34fa0ae5dff0af97804da947
3048.0,9f9edeadfc9d8d3422d4ca15b2b13d5b502ca70e
4785.0,6e8d20a07a8c1a1f3ad7b3c3d74b7d37f2b47327
1102.0,0bf1ec160d53746ad109766640d030cf872c17c9
4707.0,336f19f5cc6edd0392c77f38b857d3e40bf565da
2509.0,5ad64204ac0c477246331e9db72024fb37b569bc
4869.0,c292957cb19085137146bde72fe82639591c5e1c
478.0,f0851e41ec7559401c3b6e2a5d42b6a5304f8375
4596.0,1d2b692666f9f5265e4845f8a30f04089515f7c5
2777.0,4e84424f2642baa01b2cd9e4eabafc4b68ad17d7
2034.0,c3109daa729ab9d91dfd9540a876c4a7ada63f9d
1250.0,58717472f74eafa216f499f0c0eb818b220903d6
5656.0,2d1c0552f5910482ded6be4dc7fcfe3690b0db79
5095.0,15edb3f6569827653e87212fce45ad20754ec0f4
5113.0,c5b1ee810167266fcd259f263dbfc0fe0204761a
171.0,26f1d5cb48997f3177a3f833f9e72211ca70bce8
360.0,6994959181941529aecd8dd57369b99212555f30
1044.0,7a745b105c628193018a1229afa7a90de2ec5051
5279.0,afa5881ada816a2fc5555f6272dbfe87f7973222
4972.0,4bdaa54af4470582845206a9fa21779f80a4b123
215.0,e9c5b76242ebbca0c4aaa2b1f0fb9213de46dc2d
144.0,27689009f177b9207b55a3443e2ab459243341df
4036.0,7731814cc25c57fe31db9ba749450cd5a27eed39
3390.0,bafd174a9f174e31bd76493761264f4c81649e4a
4613.0,22bd01237b26defa5dd94a83df460740220c959c
4604.0,092f6fdea1583a9fa31002506a9de22637ef52af
5235.0,8284de5e7613c47e69d40d4f6a2a1dc846b50dd6
1795.0,2969e34e8202a0c3e5fcc1f7750f055872fdebb9
3935.0,3a7b949d6d8058cdc342dba683bc054d95ed6ccd
192.0,cba3967667a62bf6ba777344e3ccd10b5be896da
624.0,ff64584876293620dc097b6115ab6e1c42963a6d
2609.0,b170e9fb96dc763b9b78916e1557021e5e004d59
5688.0,b33244e2f0d877b8911f949308222db0b076d665
318.0,8ea041528f598a222ae070e4c0594c89aa521cf9
1086.0,55a23d102f9432ac2c3b182a16298f79eac60ca5
5100.0,06f3d12c1208c380f9f1a16cb36ba2dfa3c244c5
3253.0,f8f5f463e64114b5feb38e61fb3ddcda39be8a7f
2793.0,dd5ab6c5fe54b3d64cdbf89fcfa2b333cd90f22f
