issue_id,commit_id
2017.0,f4a1ca8fc87bd28ad75502a78005226899e08a2a
1450.0,61f12d6a8d113ec1c20bfa518efc78dd5b4d564a
1431.0,aaebe9fe252454a319de1f0e583d0e5a8635e399
3541.0,f991a898100359684111be1ddef7bb60ab6f0f9a
1743.0,d45445ed00f5d1839f19f66207ca276ebdc034c6
1134.0,3c48bf893590fe87445a735584591201c3085e35
413.0,0ba758d448ca18d98bf05dfa2ad48b59eedbb942
3563.0,0d04b40d130a49cef0609ac95be48013528e97d9
2686.0,abba4b2a74634bc33a85cf5d512de473f0a3bfaf
1291.0,aed464b92bbd9bddba2684304c141b9d65b7d01e
2795.0,9c0e110e233f67f1853a4ab8e0521ed4ff8afa9a
2994.0,ca23b7b40638c48a72e7be4ea5134984c399b502
2359.0,f29fa0d56b1e971ed9ac303806d7da153f6d6fa9
751.0,7f35fc293559e5c809de78909872896236100189
3240.0,6e995f23792c1cc1809292c770d02797d80622fb
86.0,f5b8c082847baa8a902cef22c43a5d50d7a55bdc
3266.0,185d7cbab279ef7c27b46694b4b6d93a8d6f0421
2002.0,e6f9d2b41417b442946acfede9200d361ac401cc
3456.0,a75315028cc7b8219f2ec28c7c7c7beb92c113c2
2693.0,d8bf589d4835ab03daee3101a91c80ee648e72b6
1346.0,6521c36c681500d94ff3b624b6c633be98844adc
3237.0,cd4023d9d2ab630ce4f95856f065072ef8badb2b
1290.0,45e901fbf828addfcd0984edfa495d99d7155d9d
380.0,b786eac5574e478d51314333fb6309456bff7b76
2080.0,4eca29f68bba819494e91270ef27f9c2f4b57bb2
600.0,f8b6033a3b86691470a36db57eba17d996c7d5e8
1848.0,19b134002cdd6be9f3543a7b6d18b4c05fa44fe9
299.0,505cd663cd75b5593a1c9db0eded5298bd67139a
591.0,39329bfc0788e1475038f9c65cb350daa45b39de
2277.0,c01ddc59b72658ec4efdce0f54c1df3f13dd03d7
1594.0,3f6e8c6ad586caf6a60bc73ebd52838a73074ef1
1032.0,ea73571a5464d254979d827f849a2d69b655adcc
815.0,af5a0853bfe36d547af93b904729a43fcf8cc55d
1730.0,9f9e1fde8fc91b64a0cf99bf0debaae5806a2644
311.0,e942a0974f945bd4551482ecf7e29d87d162d0c1
702.0,ef62e8440e050bb8791505f66cf48f1b756571b1
1358.0,3740ae492fa4a953abb86fefd025fe12f33fea92
1954.0,5f009374fd28aba381f375391b70ac131926bd9d
2321.0,89aaac7fe00f1d8fb2f326310bf813430fe0d3bb
56.0,707b30749daf407c07b5b265bd892564576ad80a
1135.0,0cf5881312a2256607cebe36938405a6fe5a820e
1806.0,88500f5cc709e2e931e6547ed9b58033a50215a8
3391.0,4bceeccfffd09cd6d02489988444e25b07f32ae0
2342.0,aeb82a404f2926613f83070e039de34cc5842b52
2442.0,7d4703e98ab64fa29f6ca50b72ca5a4548121bb8
1814.0,87787b130b28b97848e57b2c838e92186755cd21
1144.0,60260eb0f0954ceddad559161445848214a50ec5
2398.0,641fdeaf989c31125289390fe62601b879d1fae1
