issue_id,commit_id
12154.0,59fd3ce3814c62882b540cb6098e9c37f05ceb56
11061.0,1915f106fe94a65cab3887c5842cf520f8adedf3
11664.0,5e126ec99a4909efe45f2f32ae076fa4ac8c0e21
9638.0,388a9ab4cd47d76e6feb592a24d76503a692a286
13388.0,b75b2f7dcf5d3c83e33b8b2bc86f1d2543263a59
11260.0,f8e80beb96a88b3ff8679ae16489502590d614b4
10184.0,3e9048bccaba33805d96ec29f5139e5d6ec40358
12253.0,faf0e02621df87abde519466aacc130157e29c6a
10929.0,7386841194d139ee8d1de2749fa64f86150f9c2f
11038.0,e8f8e62add2a7073e50cd31f4f6571bf1ebe21b3
