issue_id,commit_id
4303.0,afbaf9d4306294c9fef1413646f7045db8337e13
2503.0,c305c46254e773be374218c95862bb497383aa25
205.0,d14541c5f1a77a46e44686f7337be34bf87b3f59
4610.0,e6dcfd3c996b7d3af038b3e2300e7c53ca979fb4
1731.0,ed1e4d8df33e53de1516cb025dc60cca9615f637
2417.0,97df139119e087f184d93bdba8cd0e24c4ed3b94
679.0,96ef4c603c53174fd3bc13862551cf73b1159d13
2278.0,3ac3ac4d925ee7ef1eb8be8dc6519606c0fbf9b0
1989.0,79639d0fec426e03840dad6c71f106ada12bbf74
2271.0,2e08a9b412327ed18450f9fe9ccbfd417cdbee78
199.0,cc69b3aa4c88c60ca41a792a60f7e80d75f1b7f3
445.0,b78e76108f6a23493f87fc7dca5d908dac8a5a68
113.0,aeab5370cbefe235c2000a80edefbcfe5d20fc20
1224.0,ee591124808c5776461815fb37b8e68e39331356
816.0,ccde3317d714897ed0d4c05bff7f660df13ba170
1723.0,2246280bb6f71d7d52e24aca5b4ce955b3aa1363
5678.0,da9a2f8a946d6341be1cdd8cad0616a18bba6dbe
48.0,eef01a9fdd9bb820e5edf1780f4b950d439e5085
5801.0,88eec7a417c55668ebd0b8242e59bc99721d2816
2777.0,4e84424f2642baa01b2cd9e4eabafc4b68ad17d7
4688.0,61459de476348a2606372a0a626fad6c89c39e31
586.0,5846d6154ca3adf87dfee7ba7294ef35949177ab
5389.0,9be878fc09cf71bb2cb98695f5042cb344bd2e25
4808.0,015c82b974841897a637dcd3ddbd40ab48a70ecf
363.0,265910aae6f1b7d56a1fc8d3df4bd84345becb1d
2292.0,60559369b539a90bdc624c7b263c42b4eddce335
5724.0,b9c8db13c2dd5f1e0973c021fa10c208162b090c
4015.0,1364e92007308924cec2ac15cb9a3ec79eb9dc23
4185.0,0d416c6191e643d479505ea20757c9bf6a478032
3578.0,4bef6f438d0bab340b4208a89e6a4c6dc85c013a
5027.0,308a58aa275aa514397351caa263e08de2f89adc
1419.0,bdcc78b4ddf47b6161b962b9d9fc8851b11f0117
297.0,2a1a4477d3199f569a91cbef496aaa0db8592e28
726.0,21df09d809a271de3b1a3e00782ba18e6609a46d
38.0,77ffaa50e5f7d5cec72ab00f5db7578aacb8282f
277.0,b0ea457c7cd9346eb295af9f444fad3a3ada6126
4764.0,7e6476ff0a4d924e738a9117bf6c1bd8c9c986ab
4069.0,6674f47dbf0a0018f42c8f312ca87b400538963d
318.0,88e33ad0ad95d5f9049d8d8b1359819f4fbbf704
5052.0,0dad0fce72266aa7b38b536f87bab26e7f233c74
597.0,ad14cf058b8a6b52f12512e87cbbe1af0cfa1070
261.0,6c921896a5bbc64a93b1e027aeacb9cd062165b8
221.0,30d94b5bf577857649aa6c2469957705e476d2b2
5427.0,08557e09db4bcb109eb78e9058622ab5cef77415
1470.0,3919ad64c5873d360aa1a412bee5270aad121760
4165.0,792d29380e3754a316f61ceadf0dc9508d90b16b
977.0,e04b0aff74632702d78f7729b855c0737d50dfcf
4171.0,f1fd7ec318452ae086876a6d4eccfc21e578013d
4412.0,3b0820d747e11a1a7722f0777baf923607fc0485
