issue_id,commit_id
395.0,02987e27ccc411e020156bd8e9cff794f6bbeba9
918.0,eefe294cc9f338ccaae63d63b07892653c745d77
313.0,68aba40b2dfc9ae68657bcd2139a1897f3ab7f84
476.0,c3a7284bc8bbd58b68dd885b5339d8c29685bd6d
869.0,2f344ca6d27312bc47c2caff35a273590fb7b2ac
871.0,364ee6c33d74ef5b907242cd56f299409e06bcd1
774.0,3995e37a86cc70b2698fe4ca883aac90201af48d
94.0,63fb6b1bd1068960ab2536bb027f0858d4d68d06
100.0,b1797001f936c5a856a5066597498d01dcff874b
713.0,11959265eef44ec984297aa3a5ee39ca5e8e3ffa
1049.0,8cb7009bcd0f0062942932c853706a36178f566c
654.0,db634a459638f36cd9091677142dbdc476eca778
942.0,381869b72712310c05c5643dc89b7fe656e99255
898.0,aee99b9a40e17b07a252e388aff7a016691a043c
248.0,71c98101b2c343c91fb39729cdda48bdc2a22f5b
231.0,e4f571970c8da2c4ac68f8b5fb751ff13cd3b154
1155.0,f3ac5598448a0c2080ee267f00931ed556a6779d
823.0,8bd7a7a94f4615836de3c431ef5e97da60c77801
1145.0,91263c37b94a1a3b45be13d35ff1ea19c7b8e1b7
396.0,1f6f0186d363d73d26e81c84245715246d57e8b6
502.0,8d426c2db6391b3e0dea145998aebefee94a5376
144.0,16bbfc3911a396c3f449b0f92727528b99abb043
848.0,5f23a764326b8a1edec59f60fe3baebdc7e510da
1060.0,8c597751fdbc5a7082ec6f3053c1b066bbac5b3e
69.0,5dad6e9b3ae8992ecbe1f90d3d561dc771853abd
882.0,996a0863b91c688a7761f2684609c5663fb9f4ac
129.0,244c356116238de38bc24c21501ffc4103357e84
504.0,d378ddf55951f010092627158d12a3160c752ade
591.0,12c268c13b848ba3a2408b05e4371c300a7d457e
361.0,764f69a47bc242383e992502491a1ae0012f13a0
676.0,733a6073802775d2fcf9086ac73ec39fff8fd1e0
709.0,bb9d8ac38ef76599b39942835bcd82694f7b4f53
149.0,979b5e711adcfaabfe5d10087153490d8646d6f2
299.0,f39eb99eb93b4fea7a4b4f1953bdc86be6994b36
961.0,462443a2d1d34d686eb11dd1b9b490c062e688a4
14.0,4255e4e654af4d68765204cf6b2929e86306c292
571.0,f9b73bfa25f2a2351fbd7355a7ffcf7945ca6ac8
688.0,a238f0a891031261dd735e82d7713937155f1384
480.0,2547ac8682f3ec1f95e1ff365f858bad6807de6d
387.0,eded7675dd4046ac64a95a1425e86eaa046bc705
781.0,386838b31fa4928dbbca8df1330f23df977f9b23
660.0,da434103cc3d61180b876bc965b4bf71f670a83b
40.0,e4e9828640fc9046f65fb3791627a8ca91ad7e55
1164.0,d9ea18d3a0f93c7990bc5e7df76daf3e608ae3d9
250.0,6a40c7d1252c80df742f7072834ffafb092d5d97
679.0,eab935034e6b93cde75f273500d0361565aaa699
259.0,44528026d292737641ce8011b5096ade8f87a9a6
561.0,beb9ceae946c3db9cff6d21d0f35485e853411d6
553.0,ab6e54b2cf5fd3badb1a31143146b36beaeb88d9
798.0,5435b4671577621a3696c5ddd8182779126ccad7
956.0,12ad10f6975d9651d0c696a021fc982c2c5de861
703.0,43f072f16f4e21c2a19ec1f7fa7eb73667f102f4
596.0,1b6fee1f6e5ad1686f622758d6cecf2996dd3050
1149.0,b6e2a229e5f122a9efa31666dee7965621eff031
856.0,9e46fbab324d887934628104e46472c711dad8b3
714.0,666aeee79f849d4a8d02d2860b2f33a9bd105e93
441.0,a27fe8f0508bd441c1af87015bddf6450ade9168
825.0,64f42f211de19b8b80ac15425f863d959e9a23a6
437.0,cb65d2ca4a70ad9b387b1402e8f87909332abf9d
1.0,01fc25f919df5023eafe64e98bc6a7a87361debd
566.0,fee9074c8e809ee158cd8d3501cb90720b06c852
65.0,5c56855d6ffec63139b1e53b0b476f910b84766c
866.0,f81243eb1c86598b020169e01a0738c68a4c74e0
419.0,a05e9a571ded0b6ec3161112446524355c141d6a
448.0,5f4bded5999b0e93097384be029f0e6912425e8a
923.0,9aae5ee34a38167a5eecc028d5bbf1fffa0596ab
1046.0,6d1b653e24278111d82b761c2ea1e66a0621a27d
452.0,1fc381a84316bbbd9cb938e09bb9290d52a5bc85
685.0,3d560baf6c84070da60fb0552722bb86db78a90e
664.0,dcd9cbac4f3492b674b414c9bc1ddc54cbf61c98
734.0,a7a7d09f446cad7f34be04ceb47bd8512b9cd344
326.0,cec4e0bd0e2008bac9843b80f1690de4b3a5d45f
879.0,f8757c6f59b063786f7ab52479665cccb8ce21c7
771.0,99c9040c3dad802fd0825dc10a6b09b0e3beb017
770.0,244043b49d3dc0fcada5aa7a043716de7d19f2d8
1195.0,df1b40ca2220b0211e8a86805788c70f674a1f1f
666.0,ffc7f7a64f157526726c1b30311c8ca65fde82db
741.0,3081caa1aafde076a8472d62091d131dd8ee72c8
172.0,7e61c6ddfcc1680d67113dde6f45977d428ce903
1078.0,f85642da67285a2b1d991d1d0970d261a715efb1
350.0,fe6752d1f293346e6f1d3c47e12fa6a68503d6c6
971.0,25a66ecfb3dee049b4094d5113bbd178dc190bef
875.0,5eb0fd5ddcdf0b77ad30d7aaf051e5fd013e2f7d
277.0,390839b945cfbeaeb4c1c07bf97fc5a99198355f
531.0,1605bf1cdb7c4f7bd10f3f215451195d3286fedf
858.0,fbf12c3ee3def0a47f040c545f0d3313d9209662
363.0,981f3aadc79a301ccd391e805f3213ad47bab4cd
975.0,7b03f8e2043682aa2d1c06e0f7e8258b2f9c43c5
483.0,9c42a8ab29f0727cf82ecbf4946eba3007f4e21c
525.0,3029ca6f67460a53a0d3ea62c35dbaec10749fa9
311.0,a25dc906afb675a2b9d9095553be05df84153459
901.0,d5b0b6527bb7d962de7a7494b8335008e15cf23d
252.0,cd70f036f205e41cf1fb1a34785f1e7d9e80745d
451.0,18186f645228a73bf90e75f0397e1947fbb6f61b
1045.0,3fd91012f20faef6f823cae3b0ba970181e30c75
507.0,f1b60c2a411c4ae4dcb7377f088f64a99d43be99
1165.0,63b87ba3a8003fb6c605fd5f9570b32e5087bb60
345.0,60a8d1b9bf4b70aa4ce48cbfbca593cdb5e853f7
305.0,6255017b145df5cc0d09b975e4f257590666a089
715.0,bc6883a308055bd76f6ec82d5d2afdd3d911d528
644.0,132f2bd7583326f75a8673b9b69b08a7e7c0960f
314.0,863987dcba99e63c1b652fbbbb051d0353f28609
631.0,67ed13498d2efb210ebdd8c284165eca637aaa46
479.0,96747e44d46d99a91879587d311578ecd4664645
572.0,6d15d46a310b29f9c0936347693dddc7001d2ebe
589.0,a39f5c5cb38143e8d185e48af8315ed6e5d45bf4
49.0,3f78ce7d643e10034795cd51405dff39b944b1f5
62.0,f444e3dbe1fb1afacef12f6545693c580cad73a2
126.0,05865f4b39e4af2087ae89382bbc9e4c42f69564
552.0,c125c0455775564ef42b93156819d4d1d43115dd
613.0,9bde65edda7a917a14c0f649e3f6748017e0db62
89.0,447c54ea743478b375099ab0347b9bfff08e3f78
516.0,f912633d6ded6ed563f8b8ba88525839afa20031
1031.0,629a931aedd290bcf69ddcb6ac1e0fd807b5a448
482.0,60adc95ef1377f79f9cf7555b0e15762c7dbef70
125.0,a1cad195ece7289e147fb5c15f0753351291d0ad
395.0,00df5b44c9f0291cfadcc0e8e101e8208578350a
510.0,a9c209df7a046846a16930124a865432d7caf2a1
133.0,591534cfc8998dcdc1c40beca4f4895074ed7099
195.0,dc94ca382048339ffbb144da0a28f47d6b562dfb
155.0,4d60c92184f78e91bed729db0adb2a0272a9c6b5
598.0,4d149e827d3ffee210a898689ecd48a66c80fbd1
1039.0,4af4e33e31dc800a8ebaed517e0a781fa3dbb437
880.0,fc41a5e8daf40baad292b4a4d9a0228d83bc2e35
665.0,efe905a2aa924592bec6bf38e5c20269cd0dd771
541.0,d947031e9968493f59fdc97ab0236cc1d8b6ee06
435.0,f74e2f520f79f279807c122075aee3ccb8fcc6cb
487.0,64c50cfd35016b24d09f1fcf60e8d6fc2d0685b4
105.0,c9f651ba39562bc7fa471f75fb859c26400b5dfe
1173.0,bcb0c8bce776a5eba9f5425c57c2ec8385f10e94
746.0,74699ac803fa993aa1470bda9fc95a24dea18b30
1095.0,67799b98ab2d6ced76b8e46c4d857943225beab9
859.0,6fe2c6a06171e6fdc54dfe71e4d649c53c1f0200
930.0,392491a74d2d8abcb2c0db5230fc7f11502c6ba9
620.0,062d9dcc2e262d8ceb4cdbca3241a1fb9875e5dd
1114.0,f25e49555aa53c740baaf685e9ed4b34a0a5b6f2
477.0,289d960114ae59f8247f160e15871673b7751b3c
308.0,47c9af815d062e4c1c5bd0750246b3c28cf740ec
663.0,91a3a9da6da1a8ca2ad27ac6e53062fa0aa802a9
324.0,4b644bf2f130ea34dc11e13ca4a3dde6e0cfeab7
544.0,986fd2d9921ee433436d72b3ff5e8b6c2daae34e
1028.0,a7632361c42b33e4474a4ca5363bddbf57484daa
785.0,2fe9fe801f6e7cf4f64e6315af10eb7407766f24
245.0,e3d34fb35e716546eba77c222dc242ad6cfae268
1009.0,1c66dece59d4595eee3fb33d2609e2e288a28ff4
885.0,d01b4eeb6479c951a8b0ee10e29099af9eaf6e5e
903.0,5491d288fc7ea3a512a69c1da0b27d0d77c107e4
671.0,915dd237450120c6b658c95b4a87b575b8df0cbc
1065.0,6d6ab3dab755759ea51ffdc7e7cc2e49379eca4f
494.0,68f8f429390b50ddd33d503aa6bff8dd9cc6eb5d
796.0,7c720a07652d705376af6bf4fcfe6a65e0df3ddc
530.0,fc31362f0ee2e1ef807408c53d6a0cce478b6240
873.0,8e12ea5e0fd32dc5ef3b757d555c9ce1fa5123bf
878.0,16fb504ab9bbdeeb3fe98d94243f9f02a85de8e7
588.0,185620bb3fe891fa6e074555f256df4bb2c58c63
780.0,b136196f29599c223db5323a8020ce3aad40d41c
505.0,30de80223bb00cc33cf7c97c5afbdac17ab073d5
332.0,62fddef501465e7ffe4f4eec5562269b7fb5077c
1122.0,901812a7bf1667117668e24211a99ab7b867b98d
772.0,03b9c9b720e30e51893fc1b85eac41362ff7ceda
118.0,72ab7f6e87deb2e2167ff4d0b69bd0d6537e14a4
816.0,2c02f56c4123a8a2943ed9f7c868ea235a90f42e
198.0,4161f66ccaacc57b445f1a1add35c429de84c63a
687.0,b9ad881b67a1f64c2303eb0bb1b2145f32475ea6
258.0,e187105f620891a026ce3739a9f0f568e6f1bc65
271.0,63c45121abf9afa230852d6d21d774f324d91963
638.0,4ad7c0f11b92348fe5b5b8d6a67c62f80e1d05d5
124.0,c2d539df8aaba9bc15031cb9234f401694e0d5ee
764.0,323fda4b9cad52f5fbfe491f54fbe27b746c5b06
915.0,abc8d51dd3814cff0b5b015677904fc1939d236b
1126.0,51d4d4a04c1bc50238accb49788039e43b9b84d5
928.0,b8f6974f14e9eb37023e944a943015ca932bff72
137.0,35909de7517077444bc9db39aee009b59fc10e1f
87.0,e57dee60a5ab6266ed375adce12df18e0a3dda0c
872.0,f36635f4dc1764fd3b29919e925b7681ddc28ffa
673.0,56af64585f4f033c25cd574072185c85c26e52a2
1048.0,e9b18f9e84a5b26eb4a42633f6cee98597d70ad4
982.0,0cae7e20361dbee41fb8f79d7ee9c763d17d51e1
912.0,d2ab7c2353eead864d8d30b6b98005e88e03a3ae
645.0,5b2c3151e0c636ca3bf8c5632542167536ebe3d2
298.0,81aad79cab9d68d4dc4f8173a3b193f03b87cc2f
692.0,c9ade68443fe0195003ebcb7e62dbda94d35dc84
337.0,72b8e60d189bc2e1418cb7bef2eae7743729fdc5
276.0,198599daccae583939a7219d93699bbd32d13525
382.0,b3e109d5185381f3a000fa8397c55c5f38a7bda0
661.0,13be7e295be87cad9a1198e71bfe3ed9ca1556bb
359.0,e08c54dafb6941bea4465f94b46f2cfaff3f9497
532.0,17790dc2c426c4cad9b886d4d62c6721373d166c
1051.0,9f2d61bc234cff3d33be9c526d8cc38c9e475063
706.0,b2a22580a6c25d686efbb46730f429bf6b188ed3
242.0,19cb4076f1c80caeb8e39825011d0651e8bb1f33
1170.0,936475258d501b7b1fed1c80080eabfae8179970
761.0,60f280b5ad6b2cc4c2419b2c7634d4ae253b53d6
458.0,becd32cc4bf4424dcfaf4b9a495ad0ea97d29886
233.0,486308f8b27782b0f16fbb24b976ff633426b9bc
134.0,750206c779060ea8b1cf19e2058a87cd536363e2
302.0,e0c3545dc3e44b59d8fbc540187ad491a5dfff27
889.0,9a543d05f98a927ea783f2d060c8533d6e7820fe
864.0,85d087b51eaa1706671b28add8aa86dfc7766a01
50.0,835a24252f6c31846349bd84fd2d543cb8046556
721.0,6a58bd08d98bbf4f812dc347537c8d4ab3663cc7
921.0,688f09c0916841d16697bc71b474b878830a83f8
398.0,203c1e939e40fe2da6dbfde3d0f3e92f750315a7
899.0,2e6e0e4acd66d4a29b64c9f3a5a08b5a9527ae80
388.0,d9c62b0925023ce3f255113dd22d615c94a71a05
948.0,8428e3fff18a870b881c6b664034af863973974b
668.0,7e5ae94dba1bdc5358adad3bc7a427f92436d3a2
549.0,51fe5fafbf5fa8db0757473313419a4eca9642ca
735.0,018f495f10c1e07191819a2cf11232a9b3f61327
554.0,fb23a1e4ec0eb4b76fe30b3f86f1ba05e934f369
98.0,78819664cd923e459213625c521963aa686102d4
832.0,8138ae8e31ef2139774acf2d16d6a8f7e14f40cb
306.0,8dfff69ec23be828d5681fae5fcd2c7b9391ced6
884.0,644ad1a963ee3de3d5aba02b4afb0e9effd4b42d
1007.0,bd0aaefdd277b7328ff5948d8621d34fb8f87dfd
408.0,f7aef6ecacd0dc4c1343d3aab534c12aa50cd51d
633.0,2a83436f14dd8c9d4dbad4889c530b5398463dfc
559.0,0c226e6e7e1b93b48ba3ba7ad9ade5ff38b06987
891.0,9e54a9ef5625161f3b7d6ec49b00eda7672ceb5e
429.0,a54830fb654c3c415f20886f317e8a6443131368
224.0,51be1f391af44531823da4c6e158a216f3de5457
528.0,7ce6df95ab9a6aeab8e3d0c268568063624849b3
336.0,f8fa8497f3bd192b97dfdba071b60d47a06dad00
1198.0,223015a1facba4c2bfa1873235998cd845f0715e
649.0,7b14da9b4c5a61b4c852f9e3e13c2786317df50e
895.0,9d2f11164c6c3a30c882cc418c69b114cdef6f8a
300.0,1f147f5e7adf14daea1f59d2ebc88e7539c7e4a7
819.0,ee3ea177a8550d43e8dc2020dfb3f86045d3d5a8
151.0,b05a83cce2d7f401ae5f4efad47a63c465e0603f
323.0,ad9c99f79028ee6a508ea3dfdad63215424a6fa1
32.0,0238697de663d0045844195347d7aee08952183b
740.0,0ea4c177c559ab467848af2af398bd66d46dfe95
681.0,a85b68962e0ae5cc2e10db4f0da09f1ac856a758
161.0,cb39a712f96e74b193f7c62da9d062b047703162
407.0,f0b8c71f66dad8a06e3d5e9d4a379d955fc879f9
1139.0,77a361966a6cbe73ba153710f10f32cc27d167f5
647.0,b273d1375500a436ba09d80688f50766d51d6b6f
1157.0,e9874e2f96c27e24aafbc54436465abd8f152f8a
944.0,a93ef6f76963a96d6de099656ea336bfea9b7405
724.0,837c8051e42d9de458c60a2ac55ab1eeeac33021
373.0,12207f39fef560f60e51ffe2815eea843fe19850
607.0,7110018a8bda23d9abadb6144d896fbbe589279c
686.0,bad238f9964b31ceb3f1801d7a5e47c1b2549383
380.0,c7ac5d248308f1379c0e5fbb03587532457116b2
907.0,dcd2d039888a4a9e268ac63cb32005d7bc412985
606.0,a2f1f6352352a8993b391df10a8740ab3c366585
730.0,af27c34521b183db4a11dfc5e69a84c7a1759dc6
642.0,9cc58b7087eb31eb1ca142a0fe4cab7814b43437
858.0,a91afadccfea9fc2063f46989fb1b5028d30b6ee
684.0,66cd634de462c685cd11d08b56e39289dbdd109e
820.0,a3c0d131d7029e3058b4beec8f02fc60a6efc955
743.0,3e0ffaa34e78e2d13942d5a0b1dcf4dc10eb48ab
755.0,a255c1bde0b01da1510d2f3e65bd400f56bd0c6b
1058.0,10cc4ce2b9e1d745f3be91373f48ef6ea9ca7f88
952.0,fcf0eb022ee81cc8e961c08c4a89742a9714cd63
670.0,534dbbfce193451a00628167e0f50e36f191fa0b
423.0,29d47ebf343547f1c0f0c7f4850c4113409e2844
290.0,791b7710989b58832299b387cbe15bce776dd04d
977.0,9494ef705003a99b2053f2b4084e9346b6c279a0
95.0,21486c5b0aa9ecb8c8639e4b4e020e8065804515
1186.0,0c24e8bda226f3dbd6ccb0381515a9c903847249
1199.0,8f7e31450835bca5d9a8bb4de252efba6f4b7b10
641.0,b07d63be4c5cdc53f008575cdbda67b310a2eebf
374.0,f074a4c6c05dd61d0ed625b507f671214542e477
701.0,2e4b907b19403960bcb0882b150c732e5d47ec5d
442.0,9d87e8fd6ffa4c0ab66dd6c399ee3a276302942a
438.0,a6b8436c50103660ab61cdf73cb5e57b2b1e6699
581.0,153a72944c80b44da957390dd37c754bbab5e3d5
246.0,a8a7356c9b4e39b759153cabf7192fd1a1817e3d
729.0,f4d6adfc2c7c34799711c5ed7d425c55f9719e4a
517.0,6b29ad862ca292cf1482236934c111783bcdc9d5
693.0,5508d725b92284b78f3fc5c30db448ba68e3c4dd
750.0,64f1a6d317d0ecaa620ebb586fc9a62fa2a4f318
6.0,181348fd4ef76cc5833539cf1ef432830ef7b85e
839.0,fa248655da620a70e94935541d50cebf440ea946
927.0,f12b472f4935577611d51b1ce14fb8b67886b5ff
397.0,d7b1e5eb91b65d3807fbf921ae51898ce3973b14
448.0,37c10e45c8fea5753f1a412f052e840cf53b8833
104.0,7b47919e3deb59100f4351584741140531068fc8
202.0,7d4e57090c679e628259d5dab2fc9c0c33dfcb64
827.0,22773b8b32803b6365874998a291ac8595f16e3d
698.0,7eef21e3d371bd2a87bcd8a170e162991fa9cef1
488.0,cd6d1d2f2a2423db74e18b149787b2efcca442a3
653.0,6e38853c99a6b01513dc4595e5103e848a09e63d
289.0,9a35e5ef05d5f623f5362f85be9d2f240e6cac19
255.0,0941ffc148ce65bd6c916f0ddc28f561cf2eec30
8.0,e9868b7d98de19672b0737bb69287b1f450a5417
411.0,f4bb154cedd5068447725a87769f0b494da007a8
568.0,db496fb35456a907ff1dc4b460947bd80cb4f37c
983.0,2a1de91292e1996f0fff0407ca147c5894be8042
334.0,08c1444e73ad11068b7c4bff4589310ef6ca566f
270.0,31b867f632acd87636af9a38d68a5d4cd80acda3
656.0,4904a982dd9970f843a0c368d62de55cd6f1c0a4
501.0,5844690138de221c80be35a6b96382c666878a9c
268.0,f7cfbaab1689b50640adb75476fa14800aaf9eae
624.0,44c7eb10c6532e45df66dbb552408455480156c6
782.0,e733b0ea914a6744f7ffd96569b75437244aa4de
861.0,e20d4754fab0b4aac7e797ef4e87327093447161
7.0,fe2832d8b0959e486c09d1be23c44e16e83d5fd3
757.0,78365a362449179b2671d80ccc07fd5f6a4092f5
1181.0,b994c757013a2cfc6cdb9407120e53d94e8906f0
847.0,6277ffd860bfb682807794f6b83c5e686283b592
375.0,396eb2fdcab07a89d5f5f58f80b04526f16bf343
1194.0,77414aa9e75f89cca9d248d4c0f3b9f1959007c8
619.0,a9352bdb221b7df0c3bec67167e1a8f73d8a2514
74.0,e2419c50f6a43f5476aa0e9c0725925e1b0670f6
217.0,6aff7d96c2a3161e2d84373e45f9e2cdecfcbe08
1026.0,30c788917bf083aae6c4331ee102f8785c69432a
208.0,0b1707bc9de935908a1b2c80d329318e44daeb4f
876.0,a7fa9cb29f22d62ec189a059142e600e0a1fa75b
1193.0,106c6c7bf889b0db5fe85eba31f3f7f6b52a0895
355.0,748fcb76778b618d232b1c829f72d4ef65392441
120.0,2a7d8aa79c8b9b0146e5339df15c030043d58c34
678.0,1b50f04a89dd7af7931c53ec41385f3c16135322
42.0,f01fea4c4b039364d1afacb8262b7ac5826f3916
1094.0,88b829aa824deef1166e01ee5fa0ab8813e25cac
800.0,d1866191b8e7c4e4f9279ebff5de2628a7656289
790.0,64f056c61f512c81b71a8b18a23d7907d9b02549
187.0,9ea8cadaccc55f10a8bec5804573f740d51bdfbb
938.0,b92743368bfc357f72a4046e899faef899ee9972
1056.0,a5e607b6fc889afd3f8960ca3903ae16b641c304
239.0,7440386f83fc2f51ec9e7abb4c5379f6a1fe31ed
343.0,65998b263bf203f07fe3b0db4917b3d836e5d504
449.0,f8ba5c6f54ae44aa5bf74b6ef6a3d9cb871ec524
877.0,d971e49993ef3d0308e9f1f4466c87b0e8463bea
360.0,0f69f8cd232f27edd8795fc8c215ba01c414c109
165.0,1e3a5a1338b6158ccca97d608898f79ed3c627ed
1054.0,300febccdd9f6ac36dd2124d35bf974cf950a703
984.0,b3bf7ec188b7f924a7df1b2884440444be7e1e08
170.0,55120a99589eaf896a4b56cf347affb686445f33
992.0,ef8aac61c476bd46747d3d4910a4d494a59fa375
1187.0,4a98b37877050d0ff8cf475dc2fb8b3a93c7da89
1152.0,0f3d4602efa2eda4cf5056d237cac36b2cc012ea
1022.0,72f6b6a5611c08ae22ee72d320995a35b6e45998
614.0,d964c74bc414f8c51d4b146511f6dede93aa1c65
92.0,97b36a993d5481c71824088834c66f3164a286ad
910.0,b536c100e84dd27e4e6208dc42737810ed015d44
45.0,29a1451210a111b0038e593962973cc12fc23796
