issue_id,commit_id
1060.0,8c597751fdbc5a7082ec6f3053c1b066bbac5b3e
142.0,3ed89e01e495c122283053c3a91d752d0d70abce
1122.0,901812a7bf1667117668e24211a99ab7b867b98d
857.0,7ea910236a39fc9aa74e64515c3795951ef5d502
507.0,f1b60c2a411c4ae4dcb7377f088f64a99d43be99
761.0,60f280b5ad6b2cc4c2419b2c7634d4ae253b53d6
699.0,e4d75fcfb6901af25f51261085a3da6ea770553e
487.0,64c50cfd35016b24d09f1fcf60e8d6fc2d0685b4
671.0,915dd237450120c6b658c95b4a87b575b8df0cbc
620.0,062d9dcc2e262d8ceb4cdbca3241a1fb9875e5dd
1064.0,f27ac1c110da6ba117ce93c5631c779bd9683a8a
405.0,c6668bc23572855a9cbc22ddda20c106b3a87b90
946.0,819f66e5b550e8881f2a650c0d70bcaa01af8ecb
373.0,12207f39fef560f60e51ffe2815eea843fe19850
897.0,3fbe8e7cb3ca57fd8656890ea7855da62d2ea03e
84.0,643cd4cf589e1a88bb3dbc36bd5344e80e1be514
1116.0,199a0223e044ec3116879e67d2b924050e4afa78
149.0,979b5e711adcfaabfe5d10087153490d8646d6f2
771.0,99c9040c3dad802fd0825dc10a6b09b0e3beb017
381.0,4e9fe6ad1c36bffd01aae4722cbf7609d230efe3
276.0,198599daccae583939a7219d93699bbd32d13525
938.0,b92743368bfc357f72a4046e899faef899ee9972
231.0,e4f571970c8da2c4ac68f8b5fb751ff13cd3b154
589.0,a39f5c5cb38143e8d185e48af8315ed6e5d45bf4
361.0,764f69a47bc242383e992502491a1ae0012f13a0
977.0,9494ef705003a99b2053f2b4084e9346b6c279a0
734.0,a7a7d09f446cad7f34be04ceb47bd8512b9cd344
607.0,7110018a8bda23d9abadb6144d896fbbe589279c
686.0,bad238f9964b31ceb3f1801d7a5e47c1b2549383
1154.0,bc7a5d01001df69f9f0c3dfeb94cca92768ab696
198.0,4161f66ccaacc57b445f1a1add35c429de84c63a
1052.0,580639904c07c4b29376a144d15fa00f4cd39b9e
117.0,15a88ea05d5d14f250f17da6a3d87f9bb9000024
1051.0,9f2d61bc234cff3d33be9c526d8cc38c9e475063
134.0,750206c779060ea8b1cf19e2058a87cd536363e2
821.0,b2e572bf8291c54ea0ced8a6e43444ed6ed2c744
982.0,0cae7e20361dbee41fb8f79d7ee9c763d17d51e1
548.0,d7117dd4b55ea3956a543fd69f5af5f74d0fe3cf
334.0,08c1444e73ad11068b7c4bff4589310ef6ca566f
1028.0,a7632361c42b33e4474a4ca5363bddbf57484daa
7.0,fe2832d8b0959e486c09d1be23c44e16e83d5fd3
539.0,eb536a6f64672e54e4dec346c8de602d7de435b9
576.0,8f4dad15d4a7789b49e865cadda882aff7f817e4
721.0,6a58bd08d98bbf4f812dc347537c8d4ab3663cc7
368.0,4055b726cca8d3c698968a96111050fade53995e
383.0,8ba1efb9218e96788a7ac692c58292303256f4c3
501.0,5844690138de221c80be35a6b96382c666878a9c
333.0,27c2eabc08269851ed97f3d79781aa76d4722ec5
602.0,72afbd8e77d0400c237b645e86638095532b2e65
780.0,b136196f29599c223db5323a8020ce3aad40d41c
103.0,39a039fb8eb731495ef5774199502154a08e75ad
490.0,c53221c38574711cdbd9e30ab1705967d4e96288
644.0,132f2bd7583326f75a8673b9b69b08a7e7c0960f
126.0,05865f4b39e4af2087ae89382bbc9e4c42f69564
710.0,d62f1e5030fc5fca0428144b5b98b6438631b018
960.0,589c2abdfb329d343f5fcc41f674993677f01607
271.0,63c45121abf9afa230852d6d21d774f324d91963
818.0,c664738a79f20e2c2919177a667d586e4f802368
1153.0,fd775497547bb51e3d3b38590cbc83e54afd9508
843.0,9764219f6da245b5febb81b73f48dadd8a699471
343.0,65998b263bf203f07fe3b0db4917b3d836e5d504
782.0,e733b0ea914a6744f7ffd96569b75437244aa4de
448.0,37c10e45c8fea5753f1a412f052e840cf53b8833
260.0,72d435338209917e2e9f6624af6591f995644b98
12.0,f2ecb2ed6752fa6acd476c47f1e17eb4f0c2f051
83.0,1464a3396f7f9dd8737b97963a33cd1afeef421b
254.0,6aefd3d2a5477ab60137dc521b0a1cf5ddf1418d
187.0,9ea8cadaccc55f10a8bec5804573f740d51bdfbb
913.0,88e03042a61e0aa4ff32d685353ac9d70c4ada21
124.0,c2d539df8aaba9bc15031cb9234f401694e0d5ee
1165.0,63b87ba3a8003fb6c605fd5f9570b32e5087bb60
277.0,390839b945cfbeaeb4c1c07bf97fc5a99198355f
847.0,6277ffd860bfb682807794f6b83c5e686283b592
305.0,6255017b145df5cc0d09b975e4f257590666a089
875.0,5eb0fd5ddcdf0b77ad30d7aaf051e5fd013e2f7d
273.0,b245e8e0d378344fa24a4ea94e9098fa842387cc
391.0,6bb6e90f83929d26b3412e5859399dcfb72d4a62
1194.0,77414aa9e75f89cca9d248d4c0f3b9f1959007c8
773.0,1e77eab21b8e3b6592007123bf1daec759bdb5e5
676.0,733a6073802775d2fcf9086ac73ec39fff8fd1e0
910.0,b536c100e84dd27e4e6208dc42737810ed015d44
1022.0,72f6b6a5611c08ae22ee72d320995a35b6e45998
796.0,7c720a07652d705376af6bf4fcfe6a65e0df3ddc
772.0,03b9c9b720e30e51893fc1b85eac41362ff7ceda
820.0,a3c0d131d7029e3058b4beec8f02fc60a6efc955
1040.0,9a53fe859acbbf833c05f14e673d5cc76e5fe135
161.0,cb39a712f96e74b193f7c62da9d062b047703162
972.0,580ff415c8f611a9651878e1135922b62673535c
648.0,54d08ba9cd8f4c0db7931484c28fe8e3d29a586d
929.0,1ddeaf012b58c7d764c2d7a9aaf8531c0ac78ee1
684.0,66cd634de462c685cd11d08b56e39289dbdd109e
556.0,b1cf9575050de7ae1d65f38b6dea297e5cee6fba
879.0,f8757c6f59b063786f7ab52479665cccb8ce21c7
1048.0,e9b18f9e84a5b26eb4a42633f6cee98597d70ad4
678.0,1b50f04a89dd7af7931c53ec41385f3c16135322
456.0,bc21511c5cce21aebae0e432ec52b963be180ab0
320.0,259f4897a222f57165bc45d6f481b58a8673bf93
94.0,63fb6b1bd1068960ab2536bb027f0858d4d68d06
379.0,7ee8a9035821466640ba2700cf2de019a577cb31
345.0,60a8d1b9bf4b70aa4ce48cbfbca593cdb5e853f7
724.0,837c8051e42d9de458c60a2ac55ab1eeeac33021
1031.0,629a931aedd290bcf69ddcb6ac1e0fd807b5a448
631.0,67ed13498d2efb210ebdd8c284165eca637aaa46
983.0,2a1de91292e1996f0fff0407ca147c5894be8042
1119.0,257d0f2786106c8061f5b1ca4cd130abebc6ab01
552.0,c125c0455775564ef42b93156819d4d1d43115dd
223.0,bcd271743d0dcc6530b784f567f8254b81bb83ab
437.0,cb65d2ca4a70ad9b387b1402e8f87909332abf9d
581.0,153a72944c80b44da957390dd37c754bbab5e3d5
457.0,fea50b59dbc49b2f0c1ee6b963f71d19cfa846b3
1031.0,7f44748149be47cc42261ff73465a82eb7174eca
311.0,a25dc906afb675a2b9d9095553be05df84153459
321.0,9ab49a2145c5997e580bd718099e2ca9bca0cf06
65.0,5c56855d6ffec63139b1e53b0b476f910b84766c
715.0,bc6883a308055bd76f6ec82d5d2afdd3d911d528
436.0,e14e97e4cd45445400322b270b631ebb4424e7bb
1061.0,df4dd005857aba57353d7ff35040712ddc60c5bb
302.0,e0c3545dc3e44b59d8fbc540187ad491a5dfff27
656.0,4904a982dd9970f843a0c368d62de55cd6f1c0a4
930.0,392491a74d2d8abcb2c0db5230fc7f11502c6ba9
250.0,6a40c7d1252c80df742f7072834ffafb092d5d97
856.0,9e46fbab324d887934628104e46472c711dad8b3
480.0,2547ac8682f3ec1f95e1ff365f858bad6807de6d
531.0,1605bf1cdb7c4f7bd10f3f215451195d3286fedf
557.0,28d01e44ae4b7741c461116d660b05bc27b5ab60
559.0,0c226e6e7e1b93b48ba3ba7ad9ade5ff38b06987
588.0,185620bb3fe891fa6e074555f256df4bb2c58c63
170.0,55120a99589eaf896a4b56cf347affb686445f33
324.0,4b644bf2f130ea34dc11e13ca4a3dde6e0cfeab7
543.0,6894c8ecaac64f4b5baaa383ea689e658782d05e
641.0,b07d63be4c5cdc53f008575cdbda67b310a2eebf
706.0,b2a22580a6c25d686efbb46730f429bf6b188ed3
262.0,cb9905a44e78b2fa257fc5308341a2d010a306c7
1186.0,0c24e8bda226f3dbd6ccb0381515a9c903847249
1199.0,8f7e31450835bca5d9a8bb4de252efba6f4b7b10
396.0,1f6f0186d363d73d26e81c84245715246d57e8b6
516.0,f912633d6ded6ed563f8b8ba88525839afa20031
461.0,484108c549c845bdcea263b80979a51b09760663
679.0,eab935034e6b93cde75f273500d0361565aaa699
1049.0,8cb7009bcd0f0062942932c853706a36178f566c
572.0,6d15d46a310b29f9c0936347693dddc7001d2ebe
127.0,6944ef60f83e7e116aa687a972b5402f1a1bbe04
788.0,3bab2e5cae22390a85af0963b68ffa70d7b2f187
956.0,a88c693c49feb9c9b9fe253e1e35adb10af2efa5
1078.0,f85642da67285a2b1d991d1d0970d261a715efb1
978.0,f614cef7ed63fd7f2a9c44600f4d3c84f96c59d2
923.0,9aae5ee34a38167a5eecc028d5bbf1fffa0596ab
137.0,35909de7517077444bc9db39aee009b59fc10e1f
568.0,db496fb35456a907ff1dc4b460947bd80cb4f37c
861.0,e20d4754fab0b4aac7e797ef4e87327093447161
210.0,cd1c9eaa7336c18f1229712fc4a1eb223640b83d
816.0,2c02f56c4123a8a2943ed9f7c868ea235a90f42e
603.0,d923ab3efdc0c39d517e797e39d1cc19e2e2da28
763.0,058b9947e4e587c9eb54f4797b1a1596fdb98cb6
397.0,d7b1e5eb91b65d3807fbf921ae51898ce3973b14
306.0,8dfff69ec23be828d5681fae5fcd2c7b9391ced6
32.0,0238697de663d0045844195347d7aee08952183b
561.0,beb9ceae946c3db9cff6d21d0f35485e853411d6
177.0,a80eb4ea199de413b9b5fe181647316e837b7eaa
663.0,91a3a9da6da1a8ca2ad27ac6e53062fa0aa802a9
40.0,e4e9828640fc9046f65fb3791627a8ca91ad7e55
864.0,85d087b51eaa1706671b28add8aa86dfc7766a01
858.0,fbf12c3ee3def0a47f040c545f0d3313d9209662
1139.0,77a361966a6cbe73ba153710f10f32cc27d167f5
376.0,54acaed24f4600f999d823568f13ca146fc60e1b
992.0,ef8aac61c476bd46747d3d4910a4d494a59fa375
1001.0,3eff3bbebd477a95c3a78fa54e876e1ca56805f0
190.0,049c51b97100f9f8e149859faad794937ed7dc93
866.0,f81243eb1c86598b020169e01a0738c68a4c74e0
332.0,62fddef501465e7ffe4f4eec5562269b7fb5077c
889.0,9a543d05f98a927ea783f2d060c8533d6e7820fe
948.0,8428e3fff18a870b881c6b664034af863973974b
344.0,e4c18532c3d9f9fbe0448d70a1f00559295b9eec
832.0,8138ae8e31ef2139774acf2d16d6a8f7e14f40cb
1084.0,19c3e0eeb81f4a231d0ebfd2c18c47215f85e572
1196.0,41dd24e8da9a812cb41e022c33dbe9835361d7b6
395.0,00df5b44c9f0291cfadcc0e8e101e8208578350a
315.0,687a8054818fa6869fb666adc62729eb82069208
375.0,396eb2fdcab07a89d5f5f58f80b04526f16bf343
719.0,565dc02a16c98042dd9267e92c835dcbfa423cd6
269.0,a37713ff0754bafffb6ca7098b99d4fbb4968e8d
477.0,289d960114ae59f8247f160e15871673b7751b3c
514.0,32029e27668dcdc6204bab8d8d64236962ecf973
1094.0,88b829aa824deef1166e01ee5fa0ab8813e25cac
98.0,78819664cd923e459213625c521963aa686102d4
239.0,7440386f83fc2f51ec9e7abb4c5379f6a1fe31ed
608.0,d997bddc54d4910630ced55eefbd6b2f7051b777
881.0,0ad1a9a60c5d4d0881ec12321246b0139fcd57f5
882.0,996a0863b91c688a7761f2684609c5663fb9f4ac
766.0,9d59fa5a8ac85f0699daeb51f8602b7d01d31882
492.0,087fb1cb7d7c3c11026528f01859b76e35f2205f
1114.0,f25e49555aa53c740baaf685e9ed4b34a0a5b6f2
598.0,4d149e827d3ffee210a898689ecd48a66c80fbd1
510.0,a9c209df7a046846a16930124a865432d7caf2a1
423.0,29d47ebf343547f1c0f0c7f4850c4113409e2844
413.0,171da8fd4a99b1919712dd2e6691a4add429cc04
1044.0,eef0e0d65c01159c1754e72a060a557cacdecfdb
571.0,f9b73bfa25f2a2351fbd7355a7ffcf7945ca6ac8
642.0,9cc58b7087eb31eb1ca142a0fe4cab7814b43437
834.0,0feffcb7789df57b44fd1824d648d73689fe7c1c
823.0,8bd7a7a94f4615836de3c431ef5e97da60c77801
961.0,462443a2d1d34d686eb11dd1b9b490c062e688a4
747.0,007f75ef5e006d0b887a0c7b1f536b7852e92783
204.0,fbe25db9cf1a863b8910a614150463c86a240aba
