issue_id,commit_id
11387.0,2f12e96d8bfa22c2303ed0482544fb0ab6721a10
10939.0,38ce4657bad26cb359c2852b792478264d92ee9f
12344.0,f69946854775d5c755983d9f585bd20cc97acae8
10310.0,315a80ae3cb65da2aa6308abd483f2f8643f1c8b
9816.0,2c8d1d03599cc03243bce8f07ed9c4a3d5f384f9
10313.0,fe066966b5afa96f2f6b9f71ec0c71158b44068d
13373.0,985521ee7050df39f9c06f53b54e17927bd1e6ea
9386.0,5a7906ba6156f57025520fadbff52331eec4a12d
12459.0,91765e700b1d5e465fcb56bd2c2f56384bc2772d
10797.0,4db04d8701a64ee249dfe6ce09ebd89063bfb99c
10259.0,25a8973dfce5251c0bd527ffa16ce17174b94218
10023.0,49f5b931410bc2e56378f20a15e8ac919e0efb88
9948.0,d673afd5979a4e541266763f65bbd65fabf20b0b
13225.0,ccecd39dd9281d65bada97f6762f622563227315
12056.0,e4e342f70dec046fdb1a092e5a12c565f37b9ddc
9611.0,96f71e70dc54282df4a693c54efdbfd7d52429af
12071.0,844c1b44b75bc5345c26d19a8fa4161f5b00e99a
10003.0,73c90d014f024bfa13360c34fa99fe6220cc8e98
11563.0,1d10fe2d739c48f00404008fe5754d2807bb0fd6
12526.0,91efaaa1d7486df71be30a54d82b907443d80bf1
10749.0,1c4bb1ed8286b723d99b419a6a5e63286353b149
10801.0,93cd2400ef005cca2048e1c78a84f24cb429e0f5
9601.0,853774ada4aa191ec8ad2f5a3484fae46920bf7c
10992.0,be6d8293f26d6d577b61874ccf6d68f116734d5a
11289.0,5a24ebbb432dee986d6bf1c3442da5955a9bfb73
10781.0,1068e173eafd15e5aa9f40b9f73590a7f5be4a84
10523.0,d1b40b169f3d70afe4db539d140d6ed374dab21e
12711.0,61052bc1f1c141c5dba9f83a4af14322ec4e6d7c
11254.0,4dea0f867aa29c4e6bda2a66cdf1254adfa20400
13383.0,f0464c94c3844ba38cfa501fa3928a2bff828011
10794.0,ee02d256611b17d11e37b86bd4f618d7f2a37d84
13144.0,efe72ef433852b1d7d54f283efff53085ec4f756
12106.0,4185cbb50bfcae9cc30b0fc7b67e81d67a50a8ac
10468.0,a2d11d4724d3cf4a0b18a7fe8448723d92e1c716
10860.0,672a873ffb344dfa030103cad69bdbc948184e8e
10684.0,066aa6ab7e5aaea495f2f0e1783737ba4567bd66
10664.0,8fe86302ff1cce23c019fdaf24fc6448c3b30090
9789.0,1ee31ee45cc3386cb94bc1f5014f2687da1f63f6
12146.0,55e7875354416c04719eb60c7db2bac78f271df4
12949.0,c658993cf596fbd39cf800873bc457e69cfb0cdb
12544.0,d789bd94a3a1bdc18390b8bff742936dcc70c54f
13322.0,cf9595ae20be49917f2a19b24467e822ac878269
9398.0,4eab0556d29f11ff41758d80c15d6457263f6a93
9578.0,1c9a49781da2101507db23e2014e4e5d16bd2e52
9585.0,70ad0d6e4a569701ef106058397ad0540ec08340
11199.0,98465b85d020f1326bcef7632f1261a9a7a84e92
9891.0,ce13af5785bbb7a2be7d42699cfe25117177ddc7
12133.0,e59570ae26670f788d6c649191031e4a8824f955
11234.0,a9e77534c889e378eda67e6aba10632a9d30d629
11222.0,32fee92df5fa21e3d1ff6375f7a5a923636c311b
10925.0,23bdd4d417f0fda90465e3ab612c682e1d207ee3
10637.0,e2531cb8302b2842c0d3b505f6f619e685c3f4b4
11872.0,bfa87eb1b0ab53c5f1efab1ec1d91377678046af
11114.0,c913b6da92f6ab9a3f4c897caa4085e782a14680
11394.0,c2244d2a4cb5f86968fb117f75469283a19b8a24
11062.0,f9210387088fe91b5bc8999cf0cb41a0fe9eacf6
10035.0,a1d544f4a156373b1c9e72d3af0bf87e4d81d90c
11039.0,5027630fa41f499a9226a8f9d952ceabf2c247aa
10080.0,aac81c29a762fdaef6718bbc4883f208283aac9c
11085.0,a9d9595101f7e38780f197dfde643fcfcc0814d3
12675.0,f69e046eef93af5a28de5330bfe15ee348520b2d
10679.0,d18c564548104c862892a1f73423e333f11f7ce2
11708.0,c3eb62763fcc5029c26b025ba1b60d7788d491a1
10077.0,a637960fab61b66848a36e6a5caf0204c155af01
11189.0,67d563c455072dd26e4612a0b050b9f8363385ca
10061.0,19ce1ca783a995bbd0765dfd9d89f2866fccbc09
10714.0,583f92a6f9332574a4a2abee5ae454e906389377
10006.0,b26fa3b63870b6160340bfeeb384b8d812dbbd15
10916.0,e6817ea2cacff41f2b11b5c148a8f220288fcf82
10590.0,b6bb0be10ad84d456bb1cea535a4a922d7f2e2c6
12322.0,979e880c53f44d502cfc3648740bcc1300d6c4f0
12568.0,7c7e51ea5ab47b67cd68374400051dd022bdc662
10024.0,24daab1c7b3ceebf04a19d3df3fdcdef11fe773b
11388.0,7d5d4a6368e45cb9939acb04d089cb46adbca32a
11569.0,a0e90bd845795a4e032a7ba82aadace76eddbcb3
11629.0,29e740e0965be5f460f67692a284a9a2deb6bb04
12281.0,c0d1709cbae3d05efc6dd224230012bc120be8e5
12477.0,029461c7d1fe7a6927a6f9d0fa13dbf49543b413
12098.0,1400e7b355366a35eb35250c1e6191d4deb21a85
11491.0,6272e662ae0c99ce7cad912992d4c55e22c8a369
10977.0,7a195b64ea02e02698083b0b795287ffa6e72cf8
10952.0,6d30ab70a4f116554aa610ec1c00a6bc5f1247f3
13294.0,5dc27d0a986e3830ea720f9b8ee88dd1dbfd3601
10212.0,a07d9f3f3665ed79401f37f0c5759f271268a34f
9911.0,10533e08e78c1675ef30f9b38b974735247a4507
11401.0,5ef0fc3215fb43f5772673b31c51ad8a6582bc39
12539.0,8202e627c7d7897728d824c84a6d479ca84a9098
11456.0,36b9e4c055f32718a036cabaf767325b010c7485
12147.0,6368af9a5685266a094415eeb7c73e6d23f7d950
13048.0,f06524c44e5f6926968cb2bb3ddd1e523f5474c5
11431.0,882302d2b0b6a5aad20dc08a98a9384165b3ab0a
11499.0,5a8f346e64cb432a445002230246ee042dbc278b
12259.0,91ccb284abcd83a091dc5f2549f6b24df849a2b5
12894.0,3d48e278f8470f7f6fb9aead5521684f618ebc07
10956.0,eb8b70addf6ae58ef17739b4c35cc22b1c4c56d6
10858.0,9aed521e6650384533f69d7b46c0210b45ae9391
12002.0,87a746878ba2359a7fb8135ed5829e6c5003b4db
10690.0,d40656e5799dfd22e96b8bab217638b2934a6894
11521.0,ca802e1b6b9fb47194fe62c2fd0df03de1002c84
9623.0,bc54e152666bbd7ed741ec812ea2fc24c894ed11
13355.0,9ad5a18fdfe7c3cb7ff828bc1d6b42b75660db6c
10030.0,14113279768e0511d6adb7b2ffad21863a7c969d
12367.0,de36e0426d4f01216653979af4beb0481a1b2735
11011.0,785d6e396ce81575bb155bede412a6182d5f22ed
10209.0,14ff5175181e680d75b8d4ad6fe0d7d4dd35beff
12339.0,71aadf5e8b4020d4c9423ee5a5f42271abd860e5
10673.0,da9ce7d8f2e4212cebdacc80f6252b4ae1e68773
13289.0,63c0369b2466cdf6002b821351b3ea0ab42cd132
10994.0,cc3521ea93b0470e9ea11151a44c30b54d4d726a
10967.0,d88f2006af35179b986479ac6ad5a20dac8ac9d1
10603.0,8a8a19ba1eb74feb5da22399a44e81b734c2b2d8
10888.0,23c40e68de2cffa77c92ae48cca1f81913756d2a
10674.0,67fc091c6daf70bd91717e59799c3e014509ca0c
11136.0,842d360e4388f255ae69055136909525cb66b276
9513.0,4b74fc5418944c9f449eb88ed4b40ada280fa5ca
9894.0,adc321b4d7a4e22f6bdb00b404dfe5e23d4887aa
10921.0,0151028441d30525a0a553eb7fab4b08269e8266
10046.0,3b440235e237ef59ec5763c413e7f4292dab5d79
12336.0,c24d16af155e20976bdf61e468ba760408e676ff
11580.0,43b5e9993ab025bd07851d70de5de7fdfe461d24
12193.0,7a4c2fcdadf8ddaab1cd7fb461fae58bfa36a6ea
12221.0,c55ce21fdd4f55709269140e068cc840a7c7ec48
13239.0,d3512f7cfd0aba4ccf20f1d58729454a18718699
13271.0,680be2e1b782616982338da1bca5158259e94e78
11079.0,2780ab0c9712b41c34693758141f30ae3d3c2e7f
12466.0,c8b0e33c3edf7e1f70b2fbf60a250909c917d55e
10654.0,3dcd9c767ce6875fc8b69c74971ac8a552e23131
10743.0,aab55e649c34f8a24f00ee63922d049d3417c979
11386.0,b2d1dea24c8b369b3a4411f0ede9518cef1db7db
12541.0,ce67a90decbe2f26f9ac9597d518f07b01d0c293
12168.0,ad5db1010c40500793cc42539f1d97fa5fe36221
10012.0,b076e227da6beaf87d6c84eff1a92285e4662acf
10972.0,1a2290ae91a944416ef8eb517e97b21733c9681e
11722.0,994c4bb338ce440a27df5db48b8f5044a3e8f611
11152.0,ecbf73f72b59f8f5c8746de63270aa1fb3ad7524
11037.0,780f5e447799b4ab343164ab8beceabcd4ab15f0
13269.0,8315a0b7b93ae87a94812f5833a6c7befddc4fe6
11100.0,5a6af4bc6d44e9adbc2a21804bfcd18c4ce849ef
12644.0,b5af431ce6b78dbc52f2bdeecdff52fd696bc7d0
11679.0,d2ebf181b603e7d03e65df941dd754df5de32913
13315.0,78691340edd38b00668151c2e636ddbf370f9ef3
11507.0,8ef5dcfd3dfa385e00e7d2654825f7f79d2dec57
9834.0,b13326498e7cf7338a397f93a75248509256adc3
12775.0,93b0f1ca916a693c98e32c23a94a2893574cd58c
12312.0,a7fdfdf2d1b1d6ff6d4c5495f8223442f65e8447
9904.0,946a3b371567af143e13c159f00051353f161c56
12494.0,dc83851aca230648c4f75ac1a0d4b9971b2d6aa0
12545.0,b8ec0e6dc9bc2b069fa9cdb86b8a32ef6a10a6aa
11820.0,0cfa5c2709906a7a76f552f71a562f899e408695
12142.0,ec41989421743aa5c11c2ef47b9d0757fdfd5e36
11508.0,a37b41d5ae799c338958b3eeeb884074dfba865f
10416.0,52f608cbe7cf685bd9f92fcedc3ef02ba4292dc6
10038.0,97d5fa920e4f8248128f7c1b460fd9bb20d3478f
11296.0,6939d91768543d953412a321983915eaf013ebd9
10410.0,a40f33556caef1ab0a3f75758f194728c804dcd3
9944.0,3578599b6499eac4dc1f320ec5e7d96433777ee8
10953.0,c60f1e19dceacf77749a6215b1fc77f758f46327
12017.0,fd537c7962edf563a3bb14526de9ce57dd26c341
12533.0,adaed1f84a0d980a660eb7d5ff271408374e5bef
11901.0,8f41e41eda6e8ea96403cae5798a5a89c8bb5605
10389.0,29a22a8d59b5e2c4282f1e7f664d82595049eb9d
9435.0,531a8eabe222c3831cc5b55bafc81d2aa36f0672
13481.0,e8946d5240f3b18528d4d34668ee615907879953
11091.0,9400be98783135a1d42dd238f4e6c3aa048eceea
11285.0,a07253d8269e1b750f0a64767cc9a07da8a3b7ea
11115.0,cb9d79efa87043f76989ed530de2bdb4b1fe8d19
12498.0,f0a24a009a392f71d9dcf4fcffe2ecc9e9f36c86
11258.0,2bfd1f2c950df5fc3f40b903c1966f1b0a48bee4
10327.0,7365a99f6e832847808c7aa28718d32fbc744b21
13138.0,c10d24959b0ad615a21e671b180a1b2466d77a2b
9537.0,9118ea65f40874e915dd1299efd1cc3a7ca2c333
12534.0,f6a30b005535fb45a5b4decf084af437ac7fc7f2
11038.0,e8f8e62add2a7073e50cd31f4f6571bf1ebe21b3
10183.0,50411ccb0e7059ad2bd9286b64ffc2cda8957025
13472.0,4d59675b65b6733e525286bbd512e9d5a42f3a22
10339.0,c9cb6087394656247b13dbcb447135dfcb91685c
10660.0,5103fd8134ccf2ef6ed114d525d8b07d148716d3
11570.0,9f2d6621bb8cdf8a5def7d5143a0faee993c8e13
11395.0,f2b261bc2555773bd88cbbeda976f98e244d02c1
12090.0,8c9de8349ff4498c83f72fdcf5e432a6975d9722
12007.0,0505393746d56ddacc34bb1c016dba79429c9ac9
10859.0,359e7627b46e850688c95cf6d1de48b77f9df901
11975.0,88cf9707530f9bb3246779aee0138e49efecc500
11170.0,bb8cc405f3ea3b74a9f3908b606a35f08d8d0be8
11609.0,63543a7e35639e8b0b8bce6bb3f80406bb925cf3
11226.0,33902e53eb7312fbf2f17b7b700bdb7683441a24
11306.0,d059890d0342955e968fdf97b5a90d19c9d68b4e
10887.0,aa8d7f76a047b24a97614524d29fb5070cf549c7
12543.0,960e7b5367a072fe10b8c2c50d2ce68607057f5a
14121.0,b5cb82c689eac0e50522be9d2f55093dadfba24c
10134.0,84e168b5fa55933e02e767ff7c86fcc0232aecc6
9963.0,895dba6c92ad4fd9bc98975b0ae23ee6230a8b38
10444.0,ffa99d69f7bfa42d060c26032793dc650002419b
11729.0,a8e235c35e23193f6cc68cd9d390ec37caeaec6e
10856.0,213170d20241c918ff42078e2de3e9a908244093
12122.0,328df7303425c2e3bf4274bb1eb0a2040bab5d8c
11561.0,6207edd1477696f4a8a1761993544d72d766bd8e
11660.0,920e8af34a43ad2cd11190a21200a2acbfd83e11
9952.0,a8ca67f281bdc5d751204e3b2bf6e98731513a27
11658.0,c05ef1fd95a6024155ab59656fef8dac5a45c335
11378.0,02c1f8865684a055416a93bdc8a7bd07c988a09b
10975.0,4c015964da4e7e2dfa504461f020408d0692a57b
11383.0,dc6f00fa0d831e8583a5285f032cf583d4980c4f
11558.0,384d3bc35db3359cb7c1f560e053f2a510d9381a
13256.0,a47f5e231c51fe3f1e6212ca05a20286096bf2e0
10132.0,f6fabd1a370c27aff4e8a82e5a3edce52aaf9c2b
12740.0,29f27f333efb427830e62bec62fd79b444df4011
9920.0,5caec3330b5ecbeb138026bd2be9b1adf6a4e2cc
11572.0,314c4495a3a091867186c62b77b33877c238b0e1
9869.0,be112e1f48bbdf24d0a714b9cafc3fc9f43c7738
11161.0,03bd8709778eefb611e470c76af44b2ce90fbff8
10616.0,bb9b800ebba8914b69db362cfac4e7c8a9b17a9e
9557.0,ae72ea0bfe7f7041d6f7580427fa1f69158bab7e
11263.0,ae6474df5ee2072cc056e02803c3b58efde1f5d0
10092.0,c8728e4e47569a2eb918600fe75f36a6dae4e623
12915.0,910e1247b452f29c0297ec6e3bf52b28b24fefcf
9625.0,5d8063359d5d4223a8b892d186118c500890c932
10647.0,da5a6ac579dfc80cbb220bf092cd151eca7ffb2d
11205.0,d337273d2e1be823c5e3e1b5e757e2426cba8004
13422.0,2b1f8ed204609954ab04f7a8c123d400f929e9fb
11398.0,f199d00ea5bb2230230a34193fbce7ecb5a4d4d2
10066.0,7ff9303041729bb69bd416e2ccb6e7a87ee7cc2a
10322.0,b21764824f181fb7a32fce852e5afcee4042192a
13196.0,a39f10acf3eac5e6ef69d084616982a4d4ebd8bb
12030.0,041814193dc9f0490fc2d93db830d64eb2b2d28b
9696.0,aedad3986200b825d94f847d52bd6b81f0419a06
10927.0,c8e3b601cd8bf3062d416a5ef74c4a97be611923
11107.0,244546c2fe5165b6770eb456afd5fac8878473c5
10980.0,12d5732ad20cece418d47336dbced11d1b76b841
11574.0,09d721abf489cf20d9055e7163cf1762b7763bea
9441.0,2ba2076275fab79cf4b8c281ccce506b257cab21
12135.0,9b67e2b699da8d9ced9af3597906b81ad6f106bc
9436.0,ff0690ab533b7b882301f8b836ccfda8fd4f7f21
10908.0,cf7d3d259f93b1ddbc601208280a460ee3379591
11065.0,c2a6caae852adb0c832da86d5815c26b2e7d24c6
11442.0,0a639230018d0c9e9f12476dc8b1c6e40c2dd0d0
12506.0,28ee86a51fa628f65a62d077e8dd9b7099b1749b
11719.0,edd0c0a4bd4cea027842bc8925048976d65b1ae9
9479.0,07c77c65b5ea9c246690d2eb116c7c8570dc5a7e
12751.0,58cebe948addc7c4cb8762b2e67c8ce656a9d957
13255.0,2bb96b6fa782abdc57c4ebe07b28cdfb98c49e50
13265.0,969db5ad69b3efed0ad6bd293812c1c08d71feb0
11380.0,161f0a876db4f8aa9d57161c13d366f081369601
11585.0,64737f23ea9500c248acf91b117c09ef7a43d470
13246.0,544625545afe2e9c2b358e356c11bb8be53ceb51
10153.0,978efb61b9cea47ddc2b5226cefee2a890693557
9558.0,16fba547a15958225077303635b816c68263e73d
10727.0,b88bbbab2695dd0e24905417006d2240c6595481
12237.0,c170b8e0a1b1f761d89fc9edcd603336b65f07c3
13280.0,088bda5902fe6f663a49461e41bbb57630cad681
11390.0,2fdbaa10ab0fd72f962923c4cf73e024424a3022
11974.0,425e99a9e3d00c7d505d585e00e85ee716e3c350
10230.0,bf1378f39d02b7d0b53ece5458f9275ac8208046
10419.0,a68c516e731faba8efa884603bb06d17ad494d69
9892.0,e73199d413395d7ede0dd86c06f7a9ad2d1fee17
11986.0,6096ded90df902e1f8a21f666748a03100d140c0
10125.0,b470a595f7278acf5e7e47521edf25d3c4f479f1
10282.0,e6d21795d363165b36962e71ea7ba7948185e26f
10934.0,8c6f8d8c797c1b8576063cc973e6b9f729ec7612
12170.0,3dbc940b9eb690e92fa6d7fe7ebf897a552a1c50
10959.0,d8796e04f8f8a814eb8ae3206624b5c4b47362f3
12669.0,6b8a3bcd79beb264794ea72fd7a86c64c3f27736
10997.0,f06c7e4dcd9d3044580dff155cdeb4978e622188
10047.0,c98093f6ac852534493956ce6668f7294d608c82
9657.0,e3e15c699139a11c6124e13bacc5da4fb51d9a96
12288.0,bb8e377ca10432d95c142651a355ce440be80557
12858.0,0a0ac3fa5462cf4a72636ca4498a0a82ac91fc32
10549.0,83cd9b78a241a04d3762ba7c71c1a0c47f9aba58
10879.0,f99f633725815635a1cf24aa2dd70bdb094ed7aa
10594.0,6eb0c7bdbb68d7de0ef507102c757c7ccbf582a0
10062.0,0ba6d95e768eb7a0d74a6fda3ea893e7fb2d7a67
11725.0,7cd6c59789c8e469c0d3cab6bca7ae3d2d028002
12414.0,14625e57af7fe85eae501582ce1da135fc04c8e8
12211.0,3fb9df96e03e4916e9db1c2594070bc6afa47f35
13078.0,ed07472bc5fc985982db355135d37059a1f887a9
12009.0,5c934bd646b0781eaf03e5b533ad2b6bfda401d5
12303.0,e74d79997905a3ba7b247f60a93353b6a874ab5f
12831.0,627bf95c11199419eb6d2017c322a0d78ef3dc3c
10174.0,44fd649069bac653accd0a47550619d69015a91b
11643.0,4b54657ab4806b0aaef8f8eeb973edb83c3d3483
9639.0,068a680480ebf27ecbe57f1406d60157b7d2df38
12220.0,74ccfc4df6002bcbb44dc4ea65400b8b2dbef994
12086.0,4aba316b7973e246af94ab5ace18fd5d5ffe4f81
10871.0,812c9fa61a7cf5a85cc360ad2d85b0a7a47d33d6
11758.0,c2dc4049c16ab8cbc215bb0ae80cd94a3d9542f5
12499.0,a374c93092341f24027f60ffe32d56d2bff29b83
10865.0,8f4e4f2a0b543f3d74327cb04113f65cd5d11c62
12287.0,cf6ca32e7ccf05bdfb35aed80726265b61256ea1
12084.0,48a8fa0e0dcb7b06af113c8f5dd47fa5190407ca
9802.0,ced81968b0e9d8b1389e6580721ac60d9cf3ca60
11036.0,3b7b071bb7b4537576306f00703c5c409bedbb43
12000.0,3821c77da30e420fb78231d306b18dbfa1131fb7
12137.0,7dd1c00e858ddbb1107aee1dcb6f65fff84c252d
11556.0,cb96315a291a8515544c6dd807500073958f8928
11391.0,8fc8a1681332cc4c8b05260b20ee54fa1589e3d2
12500.0,d7c0e952f7a3d0dbf7d9489a8b5c959e04bd9379
11466.0,df8186833fe47a6fd4b7dbc52fe12f9df73609fb
10873.0,c7b7328cc99fd5d7c298e57c6020043451d89a61
10692.0,1fcc791ee1c94c2a3efa5072aa2f10f1aab51a2a
11076.0,23c20f756be07a9e92d9513181eca850fcf2af62
11124.0,f60313e29657b2afb6a02f28dba5936bc0dd09e6
12299.0,f0eb8d538c82798944346b4b2df917a06bf5e9d4
12323.0,d48e97079914d897e82ddcb1a45261ce4415b8ea
10020.0,918c5991faa21cbb48de07566124c57cf16c0cf0
11622.0,1c221934aaeab20ed5b6fa245b33b00a8b557533
10817.0,e77a4cf3f85b45ad4275dfd661073ace1cc06e5a
10476.0,a9a68bc9deac5d72170ac48c15c41b0defc9753e
10962.0,1788a0a901efccfffcead3d64a5b8e5876998d32
11061.0,1915f106fe94a65cab3887c5842cf520f8adedf3
12841.0,665b0076e089dbe60ecadc34bf2cbff9d7042482
12293.0,6d5cdd7efdf8c10ff7df322059dccc8013144521
11998.0,0cd3b07eb5de1aaaad84d1ff7f7c2ed7dab4b23c
12065.0,a6c8042121371b5873773ca767f28cdf5689d5e4
11131.0,ba7ab2ffe62143949b9730a55291c474352f31e5
10034.0,49b9682b3570211c7d8f619f8538c08fd5d8bdad
10415.0,8e5b8533ea819d0252d08f45648782ecd543ac70
10845.0,f6fad22671db9506acee34b9fd33361de78ab148
10655.0,69c30a150f0b2caee7961ca1c0080960ef5ad6f6
11701.0,13b255dfd832dd78bca90fac142325df534d51be
11504.0,b7fad0752779177e0968f93832d8a5b302236a7d
9921.0,0bcd9061856d699d9054f9475b5e59c51348319e
9902.0,c6332819c7fb1b01730817a2d46e4fff5a60436b
11497.0,267ccbb4a76913680f4db6b400e05dea7aa84db7
10346.0,1365ed5d9a872631b0d451f8508cc61d79228dc0
10713.0,f86bc57d621fb0325e928271b246d197611b0e65
9570.0,62c395e7b6c7eb405614969035407560c82f5096
10173.0,bcf0031b54d555179be81c088cc3df0a723d7907
9446.0,2f4685c8195597d5c150b8fadc1ec4d8827d95cc
12253.0,faf0e02621df87abde519466aacc130157e29c6a
10963.0,4bcb8c95d8bba3147dd86446cd91be77051cef96
9542.0,ca27e445a15fba61401b2ee23765349515d3f28d
12203.0,79d9d3c669f5dded8beb38eec0a0c9519885df77
11458.0,9148325b9ca9edf94aaebd453b3cf86dba2ef99a
11887.0,1d81a20292ca6926e595d06a6cd725dbb104a146
10597.0,468f080c98f06780c950e5a78c9eeeaf9fff002e
11551.0,08a6dd04f9143a04ee77af1128eaedb3218c6147
10957.0,79a48bd9ac947dd6bfde19f24c4bf88b0002a5a5
10111.0,d7884570b10951d156aa086ee29a4df9eab79cf3
10754.0,b2979c25d3d7d55a6579de0b2906c66e8fd2e172
11260.0,f8e80beb96a88b3ff8679ae16489502590d614b4
9478.0,5e797436c3defd2d863ac1ffab11c48dbd42588e
9384.0,173a1a545954bae38e40f4fb0bde228765a9b059
12540.0,78e1f57c484da15466a34ed543a1cc4709617a2f
10373.0,67e242d926b577f440217d9d10b890f54bb875c3
12551.0,9e6b181b0b27d9ea1157b2ed7bcce04434bc8d77
11002.0,8e8f989b850d37a4cbec7a0409343262bd963d0d
11914.0,c1c4afe60b1355a6c0e83577791a0423f37a3324
10737.0,749413a5d5b94f4335fe5704a107d8b2dd84c7f1
10367.0,13548e8b212b504c9f506495b01855de6d9f6117
12406.0,9bd69784e31f17ee3501167c267dad5c64f25de8
11913.0,8461b0920a61a50d83fd147bb4e8c16c4e9126ff
12546.0,ad578c4c19444af9d1f0e0d51a8283eb0db1a264
