issue_id,commit_id
11170.0,bb8cc405f3ea3b74a9f3908b606a35f08d8d0be8
12142.0,ec41989421743aa5c11c2ef47b9d0757fdfd5e36
11380.0,161f0a876db4f8aa9d57161c13d366f081369601
11263.0,ae6474df5ee2072cc056e02803c3b58efde1f5d0
10282.0,e6d21795d363165b36962e71ea7ba7948185e26f
12332.0,02642368427964aae6b28a90da754b2ed0703f8b
12000.0,3821c77da30e420fb78231d306b18dbfa1131fb7
12496.0,ee3d6a6465df01d27cbf3bb3c5bace05298756e3
11161.0,03bd8709778eefb611e470c76af44b2ce90fbff8
11029.0,6dd087ab73b09e449144ff17450cc14f981b9ac2
