issue_id,commit_id
952.0,6f000b8cd4fc0598ec410296ad31e6333bd4b5a2
4759.0,42e4dbb23de238e1252eb50b059666494418588f
1165.0,4d0d04a92e95251b0892356d05ed6b89db3e5ca2
160.0,483a70cb5b93476d04ae61950dec12f81a24c7aa
107.0,1c5294bee1eb85dd1d0b752d5c5d588803c0b6d9
4259.0,ce618fb6f234a854ae3b2a14a8a4e488539999bb
1829.0,8aa2e4f9976d31bbe3a0014b4f1f96ace1b87043
4079.0,7b1e69dec4cb1f1c66e9df6f754cdd280cff7e71
2314.0,7e20725eb78cb34db60944cd1f155522fcf3b9f5
1447.0,489c76b83ef8bccd04f113964a346951f3cff1f4
3615.0,b364bfb68b481a696141aa6b7b3312679670c38e
135.0,3d6edc2f405167b35b4e4e4f27f8755dd9fcc081
5497.0,99cddecd2812b142dc9d7fb05870745b6595896b
5508.0,517cbc8d717d5f10c8e54114fa32dca6f54588a9
2067.0,be6da52019990c1db45b1101dd99787752a14313
4820.0,e42d82526a1a519ff1305b189acde064a40fbd8d
88.0,3cb12e5dd3bb957848edc18c2599fcc1a657e668
3910.0,3040f77468d7dd997afd2f8a35590cafaff454af
3544.0,b5026b842c8e17ac7f28b28b5fb1c72db2ca8a7f
4171.0,f1fd7ec318452ae086876a6d4eccfc21e578013d
4307.0,58ca8bbf6d1589bd0c8cc1ebda52299346f55e8a
5691.0,92be5ba2572ec14e2580abe12d276e8aa24247b6
4209.0,702333478d072c3c043c64ec7ad3997befb87943
5805.0,8fbebfa943c3352f5ba49f46531a6ccdd0b52b60
3806.0,a3dab41de87d2154f4ef78bbb10b9869f8e34fb8
5554.0,94a0324570729d93f1d6a570e1ca3f88bf267911
1098.0,39085ae18f337cec0bd074849e4b200ede3caced
1644.0,57f99fc34ebc7cb8a2a84371b89552e6623c9e9d
4218.0,02cdc53fb82e3cc5e51771180f1f79186b52670a
5109.0,3e59b0805e8f7a9bd89179203a1307f5cb7fc02a
816.0,ccde3317d714897ed0d4c05bff7f660df13ba170
3982.0,ace2df3d140ac783c622ea5403876fe76af2bb72
1102.0,0bf1ec160d53746ad109766640d030cf872c17c9
659.0,2c8eceb5b83f4c2fd11ed570e3dfd2841b9ce4de
2989.0,b8870ee8a10360aaa74298324d97c823b88ec5c6
311.0,0effe139e5289a9771139221e0c82cf1b33ce34e
1250.0,58717472f74eafa216f499f0c0eb818b220903d6
2537.0,93024c242b8f5717cf281ba98fb324ff8ec9ebc3
1769.0,150d1c370b6d426e3300607ca3635b6d587efcf2
5244.0,62491753174ca77c2d123b09891f3dd1984d34be
4507.0,66ab3347c2fba171d8421271c832c57aa4f7b8b6
327.0,32b6364bcd1a17bfb6199af06ae613adf69e5058
182.0,68c7ef7d9811a0dcc216da60b304cc7e69a253c8
4755.0,a6b67cf4a17f955d76c4924c13267c0cc5c0e059
80.0,a0f41f100c0b7547d7e6fd25b918a596f5ef6644
3731.0,12f1e468e9f071e8f5c00921d0fbada460e41c57
2433.0,d19c4c1f809aae47f12637ea6f465127f728451c
5514.0,407562b38b6ab375ae650c8799bdd511025527f4
