issue_id,commit_id
647.0,b273d1375500a436ba09d80688f50766d51d6b6f
1026.0,30c788917bf083aae6c4331ee102f8785c69432a
1193.0,106c6c7bf889b0db5fe85eba31f3f7f6b52a0895
240.0,637f41d8ed42e3acd908bd6d8cb7297b58f45ccf
1157.0,e9874e2f96c27e24aafbc54436465abd8f152f8a
398.0,203c1e939e40fe2da6dbfde3d0f3e92f750315a7
892.0,93c14f844ee33e4d47ae07688f0e5ca7219df7de
862.0,be246928123ac5c354f4e0ceec067c227451eea6
663.0,91a3a9da6da1a8ca2ad27ac6e53062fa0aa802a9
539.0,eb536a6f64672e54e4dec346c8de602d7de435b9
524.0,7a93f649a7c4e5f3bdba7285a8c47a1854c323af
659.0,6592b73657f0007892d7c348d504cd9be7a551f8
273.0,b245e8e0d378344fa24a4ea94e9098fa842387cc
630.0,77e21b03791cce0a52ca3ac3591f0c797c5e9134
816.0,2c02f56c4123a8a2943ed9f7c868ea235a90f42e
793.0,22223f87486b8f790165c05d816023f83f7c3456
587.0,0559c5119eb686f5fe59cea716381f404c6e0516
706.0,b2a22580a6c25d686efbb46730f429bf6b188ed3
928.0,b8f6974f14e9eb37023e944a943015ca932bff72
861.0,e20d4754fab0b4aac7e797ef4e87327093447161
1051.0,9f2d61bc234cff3d33be9c526d8cc38c9e475063
1006.0,484abb6530b4d271b88d3b38b44f26e7ccd67650
747.0,007f75ef5e006d0b887a0c7b1f536b7852e92783
314.0,863987dcba99e63c1b652fbbbb051d0353f28609
1028.0,a7632361c42b33e4474a4ca5363bddbf57484daa
379.0,7ee8a9035821466640ba2700cf2de019a577cb31
152.0,cfeb299684f910d408acb0257bd823ce84018db0
1062.0,a2ed5e46d17020f75b5d11fdcc22fa4090b2ccdb
277.0,390839b945cfbeaeb4c1c07bf97fc5a99198355f
368.0,4055b726cca8d3c698968a96111050fade53995e
1016.0,7d6523e18b2c752e0a404746018df77cbad5bcdb
531.0,1605bf1cdb7c4f7bd10f3f215451195d3286fedf
1164.0,d9ea18d3a0f93c7990bc5e7df76daf3e608ae3d9
1017.0,d8df2cc03b8b83061786027c1def3a0edd02f05c
785.0,2fe9fe801f6e7cf4f64e6315af10eb7407766f24
497.0,30727196ed68a97b7b14b3bfd457337c4a7103ec
242.0,19cb4076f1c80caeb8e39825011d0651e8bb1f33
978.0,f614cef7ed63fd7f2a9c44600f4d3c84f96c59d2
1007.0,bd0aaefdd277b7328ff5948d8621d34fb8f87dfd
1198.0,223015a1facba4c2bfa1873235998cd845f0715e
525.0,3029ca6f67460a53a0d3ea62c35dbaec10749fa9
1046.0,6d1b653e24278111d82b761c2ea1e66a0621a27d
245.0,e3d34fb35e716546eba77c222dc242ad6cfae268
516.0,f912633d6ded6ed563f8b8ba88525839afa20031
665.0,efe905a2aa924592bec6bf38e5c20269cd0dd771
856.0,9e46fbab324d887934628104e46472c711dad8b3
105.0,c9f651ba39562bc7fa471f75fb859c26400b5dfe
241.0,7156d2d5df5922ed729957f98a8ca26adfa83f44
859.0,6fe2c6a06171e6fdc54dfe71e4d649c53c1f0200
355.0,748fcb76778b618d232b1c829f72d4ef65392441
244.0,f20c498b1bf63cbdc16720cee9b787fd911705a8
839.0,fa248655da620a70e94935541d50cebf440ea946
504.0,d378ddf55951f010092627158d12a3160c752ade
344.0,e4c18532c3d9f9fbe0448d70a1f00559295b9eec
186.0,08decb025788d47ed73092563ac4d78bf0b4d704
549.0,51fe5fafbf5fa8db0757473313419a4eca9642ca
866.0,f81243eb1c86598b020169e01a0738c68a4c74e0
680.0,dc7e73524f7c9c6c9456ec1aa5499da84f8b7386
648.0,54d08ba9cd8f4c0db7931484c28fe8e3d29a586d
638.0,4ad7c0f11b92348fe5b5b8d6a67c62f80e1d05d5
1030.0,ab18b08903a3caa14025c9917923aaf20c0b048d
873.0,8e12ea5e0fd32dc5ef3b757d555c9ce1fa5123bf
777.0,8c8b6816ca9bea1d4611e23ad73a22018605371a
1173.0,bcb0c8bce776a5eba9f5425c57c2ec8385f10e94
1048.0,a700f2b788fa8050abb23598db8282050fd18e24
836.0,a6d07e707a1f50b6e1efc20f968570c8bcc0a77d
172.0,7e61c6ddfcc1680d67113dde6f45977d428ce903
453.0,cd678d9756c88c2bc27ccde09136b76edadd2920
834.0,0feffcb7789df57b44fd1824d648d73689fe7c1c
577.0,a0f1826be39bccb651bee58ccf3f5c95a76aeb6b
858.0,fbf12c3ee3def0a47f040c545f0d3313d9209662
886.0,d403189db7a216093473f9677da7608fc4e8bcb3
1031.0,6763433a687cc651d9ce5c97eeb81d83c4d34f71
177.0,a80eb4ea199de413b9b5fe181647316e837b7eaa
320.0,259f4897a222f57165bc45d6f481b58a8673bf93
719.0,565dc02a16c98042dd9267e92c835dcbfa423cd6
744.0,fd5e0302438ed28d6b676261a4158debfd44058d
694.0,7858cbc4736a9caaa3cfb0274695a29cf04eb319
1126.0,51d4d4a04c1bc50238accb49788039e43b9b84d5
757.0,78365a362449179b2671d80ccc07fd5f6a4092f5
435.0,f74e2f520f79f279807c122075aee3ccb8fcc6cb
656.0,4904a982dd9970f843a0c368d62de55cd6f1c0a4
438.0,a6b8436c50103660ab61cdf73cb5e57b2b1e6699
552.0,c125c0455775564ef42b93156819d4d1d43115dd
871.0,364ee6c33d74ef5b907242cd56f299409e06bcd1
941.0,7889b2838f8890122d0f9c4bc141e03cfc25d003
341.0,53d76659ee08df73baa823cb84603266b97d590e
103.0,39a039fb8eb731495ef5774199502154a08e75ad
1135.0,a5f7d9196c45519aef761692698875ce9d8d4f8c
782.0,e733b0ea914a6744f7ffd96569b75437244aa4de
532.0,17790dc2c426c4cad9b886d4d62c6721373d166c
952.0,fcf0eb022ee81cc8e961c08c4a89742a9714cd63
724.0,837c8051e42d9de458c60a2ac55ab1eeeac33021
1052.0,580639904c07c4b29376a144d15fa00f4cd39b9e
300.0,1f147f5e7adf14daea1f59d2ebc88e7539c7e4a7
923.0,9aae5ee34a38167a5eecc028d5bbf1fffa0596ab
8.0,e9868b7d98de19672b0737bb69287b1f450a5417
848.0,5f23a764326b8a1edec59f60fe3baebdc7e510da
895.0,9d2f11164c6c3a30c882cc418c69b114cdef6f8a
619.0,a9352bdb221b7df0c3bec67167e1a8f73d8a2514
770.0,244043b49d3dc0fcada5aa7a043716de7d19f2d8
423.0,29d47ebf343547f1c0f0c7f4850c4113409e2844
448.0,5f4bded5999b0e93097384be029f0e6912425e8a
644.0,132f2bd7583326f75a8673b9b69b08a7e7c0960f
523.0,71b01cedd00a9a6c9a5b835025f110e567a13c8c
71.0,6a9065df1c40d4b18ed15ca1882d13ae00f5070b
666.0,ffc7f7a64f157526726c1b30311c8ca65fde82db
572.0,6d15d46a310b29f9c0936347693dddc7001d2ebe
3.0,c47c647e7dc8f2582af657736bc87c153f4fb576
654.0,db634a459638f36cd9091677142dbdc476eca778
267.0,71301c695587881d7d34647f32650df3e7329b06
772.0,03b9c9b720e30e51893fc1b85eac41362ff7ceda
118.0,72ab7f6e87deb2e2167ff4d0b69bd0d6537e14a4
960.0,589c2abdfb329d343f5fcc41f674993677f01607
544.0,986fd2d9921ee433436d72b3ff5e8b6c2daae34e
323.0,ad9c99f79028ee6a508ea3dfdad63215424a6fa1
671.0,915dd237450120c6b658c95b4a87b575b8df0cbc
360.0,0f69f8cd232f27edd8795fc8c215ba01c414c109
971.0,25a66ecfb3dee049b4094d5113bbd178dc190bef
494.0,68f8f429390b50ddd33d503aa6bff8dd9cc6eb5d
336.0,f8fa8497f3bd192b97dfdba071b60d47a06dad00
357.0,c9b86b225598e8899e2a0b96c9dd462f40fb8b1a
383.0,8ba1efb9218e96788a7ac692c58292303256f4c3
15.0,3f5d0c0143677e3256401f7eade7d5b4bd4ebcdf
677.0,5a8e5d21b635882375c7c77a9b2c6dd682d6d00d
250.0,6a40c7d1252c80df742f7072834ffafb092d5d97
154.0,d06e9d2c1b010b4c628e97a376dbab698cd65e40
395.0,02987e27ccc411e020156bd8e9cff794f6bbeba9
1145.0,91263c37b94a1a3b45be13d35ff1ea19c7b8e1b7
823.0,8bd7a7a94f4615836de3c431ef5e97da60c77801
492.0,087fb1cb7d7c3c11026528f01859b76e35f2205f
476.0,c3a7284bc8bbd58b68dd885b5339d8c29685bd6d
1064.0,f27ac1c110da6ba117ce93c5631c779bd9683a8a
528.0,7ce6df95ab9a6aeab8e3d0c268568063624849b3
608.0,d997bddc54d4910630ced55eefbd6b2f7051b777
766.0,9d59fa5a8ac85f0699daeb51f8602b7d01d31882
142.0,3ed89e01e495c122283053c3a91d752d0d70abce
258.0,e187105f620891a026ce3739a9f0f568e6f1bc65
92.0,97b36a993d5481c71824088834c66f3164a286ad
210.0,cd1c9eaa7336c18f1229712fc4a1eb223640b83d
215.0,3e4d63d87db43c5e68e7cef458a1909bf2933f73
337.0,72b8e60d189bc2e1418cb7bef2eae7743729fdc5
448.0,37c10e45c8fea5753f1a412f052e840cf53b8833
6.0,181348fd4ef76cc5833539cf1ef432830ef7b85e
204.0,fbe25db9cf1a863b8910a614150463c86a240aba
262.0,cb9905a44e78b2fa257fc5308341a2d010a306c7
1048.0,b401b16d9a4332b3af64a5ce12c8ce6727885917
248.0,71c98101b2c343c91fb39729cdda48bdc2a22f5b
514.0,32029e27668dcdc6204bab8d8d64236962ecf973
477.0,289d960114ae59f8247f160e15871673b7751b3c
461.0,484108c549c845bdcea263b80979a51b09760663
1119.0,257d0f2786106c8061f5b1ca4cd130abebc6ab01
612.0,2f34bcedcec5a5b1a458ecd3eb1adde520b08576
918.0,eefe294cc9f338ccaae63d63b07892653c745d77
880.0,fc41a5e8daf40baad292b4a4d9a0228d83bc2e35
962.0,0f0be9deab501b85f9d77d5233886505ba17abc5
1058.0,10cc4ce2b9e1d745f3be91373f48ef6ea9ca7f88
408.0,f7aef6ecacd0dc4c1343d3aab534c12aa50cd51d
255.0,0941ffc148ce65bd6c916f0ddc28f561cf2eec30
1031.0,7f44748149be47cc42261ff73465a82eb7174eca
40.0,e4e9828640fc9046f65fb3791627a8ca91ad7e55
356.0,6166291c3e0a9eb97303ee5b5f06e2168c858dd6
271.0,63c45121abf9afa230852d6d21d774f324d91963
233.0,486308f8b27782b0f16fbb24b976ff633426b9bc
1165.0,63b87ba3a8003fb6c605fd5f9570b32e5087bb60
304.0,31c9d176e0e013a46e7d45a402a09bdc50d8db4e
692.0,c9ade68443fe0195003ebcb7e62dbda94d35dc84
655.0,83442f8ebf3b855ccc9ea691e6797dc63a5648bc
381.0,4e9fe6ad1c36bffd01aae4722cbf7609d230efe3
710.0,d62f1e5030fc5fca0428144b5b98b6438631b018
508.0,85d0ddb4564b40dc1283428e52c8a51bf0d0990b
762.0,1a2932ec0459325be1a531c280d3f26ec5d6cd7f
559.0,0c226e6e7e1b93b48ba3ba7ad9ade5ff38b06987
505.0,30de80223bb00cc33cf7c97c5afbdac17ab073d5
788.0,3bab2e5cae22390a85af0963b68ffa70d7b2f187
117.0,15a88ea05d5d14f250f17da6a3d87f9bb9000024
755.0,a255c1bde0b01da1510d2f3e65bd400f56bd0c6b
761.0,60f280b5ad6b2cc4c2419b2c7634d4ae253b53d6
699.0,e4d75fcfb6901af25f51261085a3da6ea770553e
1154.0,bc7a5d01001df69f9f0c3dfeb94cca92768ab696
938.0,b92743368bfc357f72a4046e899faef899ee9972
1194.0,77414aa9e75f89cca9d248d4c0f3b9f1959007c8
289.0,9a35e5ef05d5f623f5362f85be9d2f240e6cac19
69.0,5dad6e9b3ae8992ecbe1f90d3d561dc771853abd
703.0,43f072f16f4e21c2a19ec1f7fa7eb73667f102f4
596.0,1b6fee1f6e5ad1686f622758d6cecf2996dd3050
413.0,171da8fd4a99b1919712dd2e6691a4add429cc04
134.0,750206c779060ea8b1cf19e2058a87cd536363e2
299.0,f39eb99eb93b4fea7a4b4f1953bdc86be6994b36
944.0,a93ef6f76963a96d6de099656ea336bfea9b7405
315.0,687a8054818fa6869fb666adc62729eb82069208
1001.0,3eff3bbebd477a95c3a78fa54e876e1ca56805f0
321.0,9ab49a2145c5997e580bd718099e2ca9bca0cf06
364.0,1be884e83e6d9d4a90e8b0c7923df31728f0f628
790.0,64f056c61f512c81b71a8b18a23d7907d9b02549
436.0,e14e97e4cd45445400322b270b631ebb4424e7bb
885.0,d01b4eeb6479c951a8b0ee10e29099af9eaf6e5e
106.0,13f84bf83e0aa35c9fb9ca9fa3214fd470353327
973.0,3b9041fe36798639b4316fb3e413ac7a04c43da3
25.0,9632546c4b52362b21ddf9072c68f0b3411c6d1d
1152.0,0f3d4602efa2eda4cf5056d237cac36b2cc012ea
877.0,d971e49993ef3d0308e9f1f4466c87b0e8463bea
1170.0,936475258d501b7b1fed1c80080eabfae8179970
527.0,9e98896bb3557b9a3cd21b4d8369d5427b66b770
832.0,8138ae8e31ef2139774acf2d16d6a8f7e14f40cb
512.0,92cc469b7b49984026c15778e3045513cb1da202
367.0,9f2fced17bb01ce1f8170aecf4f87a0c3ab229dc
268.0,f7cfbaab1689b50640adb75476fa14800aaf9eae
1048.0,e9b18f9e84a5b26eb4a42633f6cee98597d70ad4
458.0,becd32cc4bf4424dcfaf4b9a495ad0ea97d29886
796.0,7c720a07652d705376af6bf4fcfe6a65e0df3ddc
1181.0,b994c757013a2cfc6cdb9407120e53d94e8906f0
1149.0,b6e2a229e5f122a9efa31666dee7965621eff031
639.0,5d2c084d1b0a12af240a45b7c396af3d18de0e7d
676.0,733a6073802775d2fcf9086ac73ec39fff8fd1e0
129.0,244c356116238de38bc24c21501ffc4103357e84
87.0,e57dee60a5ab6266ed375adce12df18e0a3dda0c
972.0,580ff415c8f611a9651878e1135922b62673535c
104.0,7b47919e3deb59100f4351584741140531068fc8
483.0,9c42a8ab29f0727cf82ecbf4946eba3007f4e21c
688.0,a238f0a891031261dd735e82d7713937155f1384
929.0,1ddeaf012b58c7d764c2d7a9aaf8531c0ac78ee1
878.0,16fb504ab9bbdeeb3fe98d94243f9f02a85de8e7
882.0,996a0863b91c688a7761f2684609c5663fb9f4ac
901.0,d5b0b6527bb7d962de7a7494b8335008e15cf23d
343.0,65998b263bf203f07fe3b0db4917b3d836e5d504
279.0,ae94c1640c833acd0a2d5fd8dc2b037d84e02bce
326.0,cec4e0bd0e2008bac9843b80f1690de4b3a5d45f
1095.0,67799b98ab2d6ced76b8e46c4d857943225beab9
984.0,b3bf7ec188b7f924a7df1b2884440444be7e1e08
740.0,0ea4c177c559ab467848af2af398bd66d46dfe95
673.0,56af64585f4f033c25cd574072185c85c26e52a2
633.0,2a83436f14dd8c9d4dbad4889c530b5398463dfc
1009.0,1c66dece59d4595eee3fb33d2609e2e288a28ff4
916.0,97b7d22599deec4b6ddf4bd11a55aff0f93dc6fd
557.0,28d01e44ae4b7741c461116d660b05bc27b5ab60
670.0,534dbbfce193451a00628167e0f50e36f191fa0b
350.0,fe6752d1f293346e6f1d3c47e12fa6a68503d6c6
1061.0,df4dd005857aba57353d7ff35040712ddc60c5bb
808.0,f6742261719662d71439abe9b83dc1f103a2337a
496.0,ab91b83723901ea6b9a52be329f258901f612c6b
391.0,6bb6e90f83929d26b3412e5859399dcfb72d4a62
956.0,12ad10f6975d9651d0c696a021fc982c2c5de861
126.0,05865f4b39e4af2087ae89382bbc9e4c42f69564
820.0,a3c0d131d7029e3058b4beec8f02fc60a6efc955
269.0,a37713ff0754bafffb6ca7098b99d4fbb4968e8d
1196.0,41dd24e8da9a812cb41e022c33dbe9835361d7b6
606.0,a2f1f6352352a8993b391df10a8740ab3c366585
441.0,a27fe8f0508bd441c1af87015bddf6450ade9168
830.0,885373496002b0400c1d7ade50330b969ec67ffb
1092.0,b2ebe0e95c6b9f28574804d5f1ea8d689ccd5211
62.0,f444e3dbe1fb1afacef12f6545693c580cad73a2
359.0,e08c54dafb6941bea4465f94b46f2cfaff3f9497
903.0,5491d288fc7ea3a512a69c1da0b27d0d77c107e4
165.0,1e3a5a1338b6158ccca97d608898f79ed3c627ed
603.0,d923ab3efdc0c39d517e797e39d1cc19e2e2da28
858.0,a91afadccfea9fc2063f46989fb1b5028d30b6ee
824.0,460d9a418ecf95e06fe800a37a02a186ba8fc0ae
819.0,ee3ea177a8550d43e8dc2020dfb3f86045d3d5a8
818.0,c664738a79f20e2c2919177a667d586e4f802368
763.0,058b9947e4e587c9eb54f4797b1a1596fdb98cb6
190.0,049c51b97100f9f8e149859faad794937ed7dc93
889.0,9a543d05f98a927ea783f2d060c8533d6e7820fe
513.0,52bac9af854f3e0222ee0569b4206acd3bdaa804
259.0,44528026d292737641ce8011b5096ade8f87a9a6
911.0,992deefbba7d71b27467e656e88adf37382c8c62
127.0,6944ef60f83e7e116aa687a972b5402f1a1bbe04
421.0,5dde125d9399296ae91eff7267651af7e70b4063
50.0,835a24252f6c31846349bd84fd2d543cb8046556
541.0,d947031e9968493f59fdc97ab0236cc1d8b6ee06
891.0,9e54a9ef5625161f3b7d6ec49b00eda7672ceb5e
487.0,64c50cfd35016b24d09f1fcf60e8d6fc2d0685b4
598.0,4d149e827d3ffee210a898689ecd48a66c80fbd1
713.0,11959265eef44ec984297aa3a5ee39ca5e8e3ffa
876.0,a7fa9cb29f22d62ec189a059142e600e0a1fa75b
376.0,54acaed24f4600f999d823568f13ca146fc60e1b
387.0,eded7675dd4046ac64a95a1425e86eaa046bc705
400.0,a5cf7d9ba273854d9ad5dfba8a3d3a57ded651fe
452.0,1fc381a84316bbbd9cb938e09bb9290d52a5bc85
83.0,1464a3396f7f9dd8737b97963a33cd1afeef421b
764.0,323fda4b9cad52f5fbfe491f54fbe27b746c5b06
319.0,e3e7b20d0eaa0684a9af71d7a2403afe101a6535
857.0,7ea910236a39fc9aa74e64515c3795951ef5d502
502.0,8d426c2db6391b3e0dea145998aebefee94a5376
14.0,4255e4e654af4d68765204cf6b2929e86306c292
208.0,0b1707bc9de935908a1b2c80d329318e44daeb4f
727.0,ec9873fa85fddc330e55de4ab792bff799fe7c29
613.0,9bde65edda7a917a14c0f649e3f6748017e0db62
51.0,1f850df753cae1b24c5be218c73728abd18ef89c
884.0,644ad1a963ee3de3d5aba02b4afb0e9effd4b42d
574.0,979d07097f3762bedc7259fb1350e89e3c367060
270.0,31b867f632acd87636af9a38d68a5d4cd80acda3
714.0,666aeee79f849d4a8d02d2860b2f33a9bd105e93
881.0,0ad1a9a60c5d4d0881ec12321246b0139fcd57f5
223.0,bcd271743d0dcc6530b784f567f8254b81bb83ab
290.0,791b7710989b58832299b387cbe15bce776dd04d
875.0,5eb0fd5ddcdf0b77ad30d7aaf051e5fd013e2f7d
1054.0,300febccdd9f6ac36dd2124d35bf974cf950a703
482.0,60adc95ef1377f79f9cf7555b0e15762c7dbef70
317.0,e97cc6586d4976eebe30d343f729cf622ad8c558
517.0,6b29ad862ca292cf1482236934c111783bcdc9d5
583.0,ab6efc7457bc2d764610b0bbcc8cc464925b18f0
199.0,c7f173d4ca97819f9db5b1c704a09a82e5106e62
668.0,7e5ae94dba1bdc5358adad3bc7a427f92436d3a2
124.0,c2d539df8aaba9bc15031cb9234f401694e0d5ee
642.0,9cc58b7087eb31eb1ca142a0fe4cab7814b43437
1031.0,629a931aedd290bcf69ddcb6ac1e0fd807b5a448
42.0,f01fea4c4b039364d1afacb8262b7ac5826f3916
1139.0,77a361966a6cbe73ba153710f10f32cc27d167f5
961.0,462443a2d1d34d686eb11dd1b9b490c062e688a4
510.0,a9c209df7a046846a16930124a865432d7caf2a1
456.0,bc21511c5cce21aebae0e432ec52b963be180ab0
982.0,0cae7e20361dbee41fb8f79d7ee9c763d17d51e1
897.0,3fbe8e7cb3ca57fd8656890ea7855da62d2ea03e
831.0,327f15afc3fcbd556b87a5b568b2b6c983519bdd
741.0,3081caa1aafde076a8472d62091d131dd8ee72c8
380.0,c7ac5d248308f1379c0e5fbb03587532457116b2
74.0,e2419c50f6a43f5476aa0e9c0725925e1b0670f6
774.0,3995e37a86cc70b2698fe4ca883aac90201af48d
490.0,c53221c38574711cdbd9e30ab1705967d4e96288
624.0,44c7eb10c6532e45df66dbb552408455480156c6
568.0,db496fb35456a907ff1dc4b460947bd80cb4f37c
