issue_id,commit_id
654.0,ff41d5451e47b1d57d62064ea35a982bf9101886
27.0,1a9845b3e89b6368a524aa4db201ca7605d55ce7
1499.0,a7b86137d03c57cc6a91fd02b56ebb76fa9f4faa
3877.0,377d8a7be7aa9d7eaa16e9ad38cd99e7dc49282c
4558.0,602bb13bdc401d7ed4cca5e9bfb528a3d2eda3c0
530.0,553c70a9dc774c3621a37f612105601bae6537db
2464.0,a8893190a10798b61029d141a52fbb8deeb86d3b
549.0,1c514c5fe91ce77ace9bfb6337c114131fe7797c
5150.0,45c2bd7d9c1d6adf0e051842c422c5d6af1d0a17
19.0,c13e23641bbc66c5d1a760310c6eb97e35c12c11
1469.0,b876755f1cee619d8c421357777d223037d5289c
5271.0,ce96a961e155cb5ac09987e8996224993ccdf87c
5889.0,c7730627a0f99afccca11437b0775757c50ca9e8
166.0,62f5c61a9d70d98bb9a0ed6243524c0ee3e2764e
2921.0,1d9c8f5295f67160dbb8a2acdd1223746d608d23
1159.0,0a5bbbaed3e182d2151b6b34357667901ece353f
523.0,622ffd84d05eaa8d8912476a050d3757a387532b
4822.0,44f0fde9057256dc16f24f22cfebc61626a94450
367.0,f95b164d06d09422fcfaafd214fd0e31ff4ac7dd
4705.0,cd0d3fd48d07ec3c34fa0ae5dff0af97804da947
1995.0,d3ced85ec350e8c195760a8ce975a18ca42f29a0
1162.0,e3aaeb7f060c9460578767b5783fca2fe33382a7
135.0,3d6edc2f405167b35b4e4e4f27f8755dd9fcc081
5739.0,f17d2e711da868c4dbcffc80cb8374175d79c96b
4147.0,49b5251e06bf45373f024898f5b4396a4a2c66b2
466.0,ab01e9e9e45b284de4c6c8a42e4696f28dddfdac
4615.0,8b549392f924ddad9536e55c6120638daf688dfd
103.0,eed34e88cd6339d62766a471465a1cb75b211783
3153.0,6c3970e6722191b642fd99c6c1bfed0d93010cab
1800.0,513ba7a1fba6da2f3612e7910e60e44e0fba8af8
227.0,ff9de424c86d7f5361fd3e2c01f8235323648077
1827.0,cf535fe840efb460787942a878f3551b24aa02e8
5310.0,9828cb3f0bcc084c99692f19e65c2ff61a06b35a
1156.0,526aa07f44ab30e128ffb42d12143e4aac9c899e
174.0,391cc0606382c0c2a5bf430a8b024256212cbaea
676.0,e71b8f266d24d105f83a6895b14ee32fa102fbd3
254.0,2d40705ea00bbc0ce1846dbe675c133cd546d9a7
2503.0,c305c46254e773be374218c95862bb497383aa25
116.0,a338c29287d1b69d3b29ce9a67a5dd22a5008df0
1166.0,e034947b5426f4649516cd287a8148f966116ab6
1598.0,a97f28fbf09d2e6d97b626433630df8ca1931b3b
160.0,483a70cb5b93476d04ae61950dec12f81a24c7aa
1219.0,e521740b3951bacc80d3c9c1db8652ed5e914b89
1350.0,600f27c39bd9d45146d8b4e2dd41be6cd2c788b8
3544.0,b5026b842c8e17ac7f28b28b5fb1c72db2ca8a7f
3884.0,67ee0b097fe15aefa787bce64f6fa085d38e69d8
247.0,b11e11037f94f6fc23c5fd4052108edda6b57d05
816.0,ccde3317d714897ed0d4c05bff7f660df13ba170
177.0,c01f81ab44a025be3e20e76e08fd59458bc2e8e6
4008.0,f80c7776ae093b0887b19b65f29bd442ea161900
4254.0,f3372a3753643fea601564c01fcf65cc25a2db62
4972.0,4bdaa54af4470582845206a9fa21779f80a4b123
4409.0,db9198bc2048f8c6cba9e812b0e5ddfd6a9f16de
1149.0,dd9f777ba725d7a7dbb192302cc52a120005ad64
1496.0,5279da9916c00c7a6679cfc555f9a2b1863b4821
1027.0,c5222b4b8ab05867b343feca337c04fc0f88697f
5288.0,144d1eb8341c427fa1fae109db3e9487f255d3fe
4091.0,229e722a03aced0fb62ec8c631b036c3e13e2188
316.0,4ac0eea55d0ea0388533105c9b559513a60b41c5
49.0,c9f2865c83c6bda427791bd9db6522a383242655
1121.0,fcf97001a577b9edb36188b37ec3bc6f38848070
2255.0,31260cf02fa60efff42aba0af185f4afe5d18557
4568.0,6aab3badfafe88aead15065e743eaf09b24fc346
3696.0,500dae82e2ac5178df1b06f2acab22777e6a6571
4538.0,977ce9f7a8ee2d4b5e32972909f9bde735ef49a6
1049.0,ee179029237304a11198d0d2e784cb80e3014c01
622.0,262e7599f4333035870bdb1a5e63ef77edc3ab52
4818.0,872f68a9892cb085d653217644d079f27afcfb42
4172.0,d69e788fecbb343986ed6323ca1d765e88e6f7bd
101.0,86de5180fcb1be576dcb44ce4ca072e8a719fbdb
1761.0,da36b7d386bb1e1ee2900adb8657bfc15343c36d
330.0,9b821df48224f5d66a3ef66f5df3b01ebdaf685b
4171.0,f1fd7ec318452ae086876a6d4eccfc21e578013d
584.0,3d4fe60e4780467fc682802e0de39e57578993ec
2343.0,93e449f1f6354289142b8f8079c495b4633b576f
4772.0,307e35c6641c0d9cf4b251996ebefd1347c2c1fd
5547.0,49942026d840abd04ccc91154d4671e7729f7a59
5427.0,08557e09db4bcb109eb78e9058622ab5cef77415
3517.0,e766bde3a300ada7c11cb7b716162ec07a44fee3
4045.0,fb3fb17c2877312f5f3e5754fa7ba1d6a0a2d557
3400.0,e45ef7dcd987f00b94e94d71593f6b3664ceb89f
659.0,2c8eceb5b83f4c2fd11ed570e3dfd2841b9ce4de
134.0,2571e1b7aabbddcf617dc3fe7765cb3ca373c32f
149.0,bd16d1cd488eca45eeac079bb4644388fd9d6214
760.0,ef81127b994560e4d60d3292d7a1219b3e228b35
297.0,02ccca01ebd4d407fd39ad1053395346fe669baa
630.0,690081b4a07da0e1109bc767481edf7ef4ecc19c
1541.0,8dc400c66d2001a28cd3b717355e5e09a5da7b18
154.0,2f8c052484c51ba63037fa7256c027e4376fe3bc
3610.0,70a0f1f2e45074315b219cabd3b365f12e6a2479
1137.0,786f62664b41f264bf4213a1ee3805774d82ed69
1154.0,f9208dbcc4d625dee72349e1ca0595fa8273a756
3253.0,f8f5f463e64114b5feb38e61fb3ddcda39be8a7f
241.0,2df010a9725b8ce63ae617b3cddb132a0ed58e0e
2496.0,245287fd5a357655f7d7e7f2e333e2e7c5794262
2159.0,1d80efde89f9035acd5f194926c6a44539e302af
4610.0,e6dcfd3c996b7d3af038b3e2300e7c53ca979fb4
527.0,62a7b6fe73945d9300da34d6ed07ac87dbe07eca
555.0,ec48df7f8d838532254ddccae514c4a01526b330
218.0,acb7bad1ff4037b4a613ac94e2d3357bf92bdb8f
109.0,201ce525e51372e5beb6b0c724d1ab76f33c6cb1
420.0,9ad736d7ce175e6edc2d83e9d40f555fc212dabe
2391.0,802ed30e8e838ab70f9b5f8a7f747d53775d358c
3621.0,a97a9b57bf1f1197cf785c18fd60419361fa8947
2271.0,2e08a9b412327ed18450f9fe9ccbfd417cdbee78
4966.0,30d5779ea94ed1e9343a4590895a3f5e65e444b9
431.0,247b2ad59690a1e1b2e89fb0473ec25944392fb2
5459.0,4af22bf157a5d25703cf5142097ba1c277f0d0d4
2562.0,b2d66dc1f0dab48219e8676f5bc43dab207a93a0
2202.0,063315258ee2702b5d7f1e8feba7b701f8ebf09b
98.0,2909a60e95e1350415358bca8efe526c9a3f0c72
1396.0,71c6bd920ed86624a490c8db87b63d8697827fa4
4056.0,8cb53441b0c86925639df39f8b742dfbc55724ca
3812.0,29bbbaa4dd3a985c594c03110ac0710f57f413d0
2590.0,7b49b9c0f53396ac89cbd74930bc4c6e41d41901
726.0,21df09d809a271de3b1a3e00782ba18e6609a46d
1427.0,68d231129834535f002b5991343b6089d29ed3db
5203.0,bcce0660573cf9309e3decf853488da2ef8bc576
5171.0,9f81de2a50568c3bfefc731d91f326ff14bcfd76
4094.0,25cd7ac7abdd328c0acdf27e800a2b04c5ea2c6d
1017.0,5bcb652410d9e40e68f4feb73d1fde39b1aeece7
1127.0,66aef0488a759b911e9557a855f53b81aac51b25
744.0,a069d366529d8fa9d4dcdfcc8bfc88a90d83e4b0
5790.0,2f12f5c259a261eacdb2f3ad2942e57ffe7739d9
5217.0,4d1ecc31c9bdb42638e8a1f85f7e7f83130f41f3
1102.0,0bf1ec160d53746ad109766640d030cf872c17c9
3768.0,c81d120bde53cc57239750f2f79a0082fe909f47
961.0,1b03b129966279c8b84acdd1654a74ee83ab599a
271.0,6f9f6f1f16a4a9ab4ba8966f6e74465d86f16c15
130.0,69078368abb92102f886464fe8ccaa2edde6d3ab
2612.0,d3f8f3d38a2b2139fc193d39de8ced05993fd2c6
2161.0,27d4cea6a5c1f8fa49e9fb222139c5b922333938
4684.0,e7a58fe1573176415a9ca054428c53c1ca29931a
3429.0,d80f9ed72508e566d50b1779f858d1b5b9716df9
4406.0,f9bf4b8d4dd64a1d65e949927b8ea7ad34e756d3
2509.0,5ad64204ac0c477246331e9db72024fb37b569bc
5224.0,47a281d23143cab1264b6720d39ccf7edb30bd4a
173.0,c1225e0f451fd9261fbaba8b737ed6a9603aa69d
556.0,8ecf0b786d8770d40af002b8a837b2068a5cfcd5
234.0,f293d08e7ad730ade96d1c60d1bcbfe8091132cf
422.0,37b01a229c036abe09a98dddd174f4974aae71f2
1550.0,97b51ea33b6b96241ef87861619e6820ee9e765c
1112.0,0c74821805d7f74a1835e58051069d4016227f6c
1352.0,280eab241680c93a763a3ef3a9ccd0c257259ca0
193.0,3e3a66620b278f7c03e36ebedb3591d0aaa7e8f4
4752.0,067125c303af40deefcc67cad3426d41aad4dcc2
4537.0,0a7581df2322c2a49cab717f5ed7f536bd21e470
3123.0,f8c688e6f4704437085c706ae471c81a6dbaff4d
4178.0,731f2d30851762443cc288a1dfaf25b431b4b680
191.0,35e6c8725bf8cdd35c23d41caaf7c88e31ff3118
4596.0,1d2b692666f9f5265e4845f8a30f04089515f7c5
4873.0,9e265a2c1f6bccb551e8292785e09462594b8402
4545.0,3d58e5e3be9e266b9b0f89b094823b76511a21b1
194.0,8de0dc3647b0e9e317303fe715b3f32b1df741b7
4634.0,5d541731870eaaa3dd658673b82a7d0ca056f689
24.0,0d3e4b4c43711c4b02db6813ebad99933ee8858d
4207.0,034e2c31c7d55333c3de208f80dcee1bf45ef9b9
963.0,4b11501eb5bcf12340851a288e9ab89d47793b0f
5320.0,9ec60e8e4aad9f4ee2405e601ca943beef48a139
633.0,690fbdb93c0277107ead68ba4163476ec31108e1
275.0,bbde1d0e0b2995507e5c19a63916fa0a4617b420
586.0,5846d6154ca3adf87dfee7ba7294ef35949177ab
4324.0,5e9cc3298be4ca1146d68098899365b334706db8
215.0,e9c5b76242ebbca0c4aaa2b1f0fb9213de46dc2d
1731.0,ed1e4d8df33e53de1516cb025dc60cca9615f637
2258.0,5657f6b8ef00bc0c2266810081c41d52ae56e083
3882.0,44eb21aa51cc0212e68dc0709aaa5c10bfe64e7e
4566.0,519f752d6dcd3065e81e9387062003a39f3f0b81
531.0,b377d4c28cf39aa9a43b44c08f45bbedfb081b78
3096.0,fd02fa808c12ee556b29a3c28588259cf507cc87
4816.0,7b1bc9b7fefce60c51f89f7ed47e1d172e43b2a7
329.0,26c7ec7d9fd145c514c361c8dc79d9e989c08989
2034.0,c3109daa729ab9d91dfd9540a876c4a7ada63f9d
2641.0,cfb56400b29316a43208053a8ef6d48eb0eb499e
5497.0,99cddecd2812b142dc9d7fb05870745b6595896b
2327.0,871eec9827de0fd1c62bd722cea4fff9355d17a6
4242.0,e2b5cdeb88bd6bc18019082ce16c3cb09973dc45
525.0,c92f52ce2cc06b33cb3bb8b768f5075bc0c3e4d5
582.0,45c9dab15b5f991bb47f7bcc8a836ce8a73ef0d1
4688.0,61459de476348a2606372a0a626fad6c89c39e31
318.0,88e33ad0ad95d5f9049d8d8b1359819f4fbbf704
3701.0,820adb69c0b5ff0080826a9c7af1151973307b45
62.0,9b849147369eb908cf77d52d3233bf66878a8aae
4703.0,4ee538e44b2650c49054b1f7f4c87ac70350471a
300.0,aebe5d5073bb02c02acc62148a2538ee51e203da
5173.0,8e7d2ef13312bfb4ec5e1800f00108806ddc12e8
171.0,26f1d5cb48997f3177a3f833f9e72211ca70bce8
562.0,66829c962f7521b3a6cc0f9ad10174d1d12f7762
1498.0,fe15f93e533be36e81e0385691fe5571c88b0b31
88.0,3cb12e5dd3bb957848edc18c2599fcc1a657e668
999.0,f3110aaed138cde754d107ffc59ab3ca4fb22e6c
1386.0,dafcfd5be6040f0e2cc019dc01cb7d38a2bd24d2
1724.0,0d368c5d6fd468aed301ed5967f8bfe9d5e86101
3304.0,d05c8677c5079b88db4405fe2bed83dc437c9204
48.0,bda9c97c781bd7197899ce3baa8d60db96a184e5
4186.0,16e0636dcf604b0e002fedd8bcbfbf42371fd5fa
3806.0,a3dab41de87d2154f4ef78bbb10b9869f8e34fb8
2793.0,dd5ab6c5fe54b3d64cdbf89fcfa2b333cd90f22f
5558.0,ebc6f9c4eb51d7898e21b0b09c4a4304237874b3
4543.0,77492cd94511589e14716e726b90c8b3a8c2ba9d
4365.0,49480225d740d3a4618fb49032f5f1cedef16b01
1071.0,baf5c59386ab450a842568ab34b5ff83cef15f8a
44.0,0319373c612cccb86b82a8b2439a87fcd1c83b29
5514.0,407562b38b6ab375ae650c8799bdd511025527f4
1250.0,58717472f74eafa216f499f0c0eb818b220903d6
5691.0,92be5ba2572ec14e2580abe12d276e8aa24247b6
3115.0,68e45d32e0df6ddd89a784641fbfbfee09351b67
1723.0,2246280bb6f71d7d52e24aca5b4ce955b3aa1363
3873.0,cf50561b8696b645940ae33ba9b168ef97580477
791.0,0240ff82879b849571208b7f88ffefdf8e42cf4e
2510.0,f32a229e3de8810078bfa928e4d93cfe355d5fe4
5352.0,b04cfa48328d5d5749dca6f50fa34e0cfc664c89
347.0,9ff82d6695860d57a00b6ecf9c63928788d303fa
4016.0,17c0d72d0488929f4788a2c4a9951842dbde4833
724.0,8a1c67fdaad763ffe74af07cd886956f40a3825f
2530.0,afac3fd2c28ac5b16e7e3c95fca5acd1334f8c58
2630.0,79b0d8605ca073cfdcb52cfb240b815b90af403b
574.0,45417e6b0364118dbc1b52b41bc0647d2d32e549
450.0,2318c56f14cd887a358f80768cf660646d6246d0
4114.0,d2b73b8e214631e78f1f3e50b2886e368f45e46a
3045.0,bdc12f39949731e69aaa32c36490e1b6e56ca98b
4525.0,17c0cf64aee1641e1ad33c5b46a61435c5969f2f
1989.0,79639d0fec426e03840dad6c71f106ada12bbf74
363.0,265910aae6f1b7d56a1fc8d3df4bd84345becb1d
4167.0,a78e58afe0dbe62db0da0ff3705cabaef0ae77d5
5692.0,f4e2a10ed6a44300738bd3701ea62b432c9c1a06
2894.0,65ac0b06dfcef8c0466595931de3e8d37c6174ae
1160.0,e054b3c45fc63169161aafbc7a943454db4297ea
1098.0,39085ae18f337cec0bd074849e4b200ede3caced
269.0,320bdfe39113e5a916146610d5d4b227d589a14d
1165.0,4d0d04a92e95251b0892356d05ed6b89db3e5ca2
1751.0,94b2c47da54fee16246490967110d9597e79e90d
2536.0,094937bc275a25a4d2406db8eba824ed9450a7e8
4507.0,66ab3347c2fba171d8421271c832c57aa4f7b8b6
2270.0,97e82107b190f08f628a626265a9446b9f3361e3
4874.0,91a8451c981fef25b0915fa06a4566dc880b6e16
277.0,b0ea457c7cd9346eb295af9f444fad3a3ada6126
107.0,1e521a3ff30fbe0a7031aea273f92ffce54bb4da
796.0,e95e1fb79c5e6a5d90682d1be14231c10afd9427
1822.0,9f4fe5dc4a2b78d113e9a42acf70cfc64a9d2d11
261.0,6c921896a5bbc64a93b1e027aeacb9cd062165b8
3563.0,3adf09bc4f1468f54a703481d6d7ebfe25b6f232
1218.0,1195f906d635cfca885c58130c950e1b7b786d24
216.0,616ecc5a1a6966c1dd7ff055e993496ebe3d6f18
764.0,eb97d257f0b3c32edbadd974679bd64f0989e372
3377.0,51767655895f7b893be4c91df37a360f8285f056
2190.0,eedb6ce77468adee6817258eebb81ccd93d6a5ea
5678.0,da9a2f8a946d6341be1cdd8cad0616a18bba6dbe
1244.0,29529e5e8e4070462b838f291e9a241bdb242e32
4074.0,c91390558dc0b17cdc78046f38dd97273a38ee59
1642.0,b1e44436bc4629773388d25ad9ab7b8ecf43d15e
1268.0,9d1cf230ed1579dc187cd66e6619494f53475308
4205.0,b18357956447936fde373a00ebb72ce52cbfc6cb
3308.0,64f48efa269c60c76af4ff381b8bb14dda19b3d1
5073.0,8c5a3a5189022f2f6ed60f5cdd2f711dda7a7eb7
5827.0,874a87976830ed519ee49742c5b427618fa362e8
3476.0,f6ce716372d9027a55345027989242e0a4dfebf0
4912.0,212163e199d5977095dfcd612181762e359ab8b4
5891.0,d47c732ae9ebda84c689563048919923ddb17383
4272.0,957681bcfa2996f76a8de0c9054c03cf04bcdcff
4831.0,45c06cfd80f93b09e295fabe838f2e1dc83b38a8
5002.0,f95ebd8f7cca64ca868fa064ca74b74add2763ed
4500.0,209ab0531599b3b446b686c654051d9335306132
4015.0,1364e92007308924cec2ac15cb9a3ec79eb9dc23
4707.0,336f19f5cc6edd0392c77f38b857d3e40bf565da
1544.0,eb4daa34a298923dbb492a5d8b20e27fb1c0030c
5328.0,3659a8c8d9043a9fccffd2979176ae32fad83113
4259.0,ce618fb6f234a854ae3b2a14a8a4e488539999bb
718.0,65f69e16095799e05de79a3f8f449f7b9edb27aa
3495.0,886513c3751b92e42dcc8cb180d4c15a5a11ccaf
977.0,e04b0aff74632702d78f7729b855c0737d50dfcf
5436.0,35b44f3b98a31f88b123d769a8a7134358cdc868
3405.0,0007cd032dd74ad1c4cffc7f9a1781609786e547
2713.0,3dee913d44e28887f73adc66917e347aba070683
4902.0,d0e23486b4e16353a3902e2492cbd4d4f3dd963e
297.0,2a1a4477d3199f569a91cbef496aaa0db8592e28
1243.0,5beb9d251c21260d4de9930b31e5f29646b6e4c5
5739.0,5433015a25fb7733c4108a58724c98340326a797
1563.0,9548691fdd47077a53f85daace091ef4af599cb9
148.0,173e94386b6afe715cefeb9724da0f1e8c152770
87.0,900bf08fb652183ac9ea33d87735f3a0b4343b21
4756.0,0ccaf89a6f67e3e4de35907fd305f85c7973eb2f
779.0,a653bf38be0ff64daf0f8ef9f5fa531f9710c40f
81.0,f4e7ee5dac82eb50c3c647438cba2b9c4370c782
4146.0,7b4637d083d44dc8d3afe0f7817c66c9efea4dcd
3961.0,5f407cf6579898f5aedffa579ad6db493d04dfa4
1681.0,7d24df37380cd5a5b7394cd2534e240bd2eff0ca
1644.0,57f99fc34ebc7cb8a2a84371b89552e6623c9e9d
2272.0,45e95b79ce17eef0b3b4d324daa8b0d220fdb2fc
2537.0,93024c242b8f5717cf281ba98fb324ff8ec9ebc3
125.0,a2854e39481ffb79cdca71e28ab03fec2288a25b
478.0,f0851e41ec7559401c3b6e2a5d42b6a5304f8375
147.0,f7283ad18e7599ddb9094e40be12a7c9464fe194
1980.0,bd3e71a1eaa2d780c821c6c1625571e1161c1385
3684.0,fa6a0d799b256b0829968f79831e1dfa5ba8f89c
797.0,2cddc2a379e0564d2e7f7a0cf3c6ced65497af0c
4208.0,74627033c4a1701f3e197216f9f2801d497f5535
327.0,32b6364bcd1a17bfb6199af06ae613adf69e5058
379.0,2be3f7132a8e82fa00b5bd74b05ce727f9dbd36f
1177.0,06e1ca9ef2233226b6a407cbed6296deb37e11ed
1550.0,a41c64bfb97a7bba8ec138345d48b94d8734d27e
1302.0,8b3ca4f250b4d831403c7fcfa72efe7ecdfa5247
1848.0,ebef6d7c6dd8922210db8a4a44f48fe27ee0cd16
5799.0,068af85722a41a1361e170f104e64fccfff662b7
2547.0,4a93be4ad8a3f6531bf39cb0a9a7d068e521f5ae
2437.0,0c27d252d16f02c764da29a535fc5d68928274a3
4480.0,885b0ad2d4cbcbcf882e4ca506116d5da163fef2
804.0,e748ca50ca3e83ac703e02538a27236fedd53a7d
151.0,a40090a6a73a053dfe6d4d910b44f042a4f4db76
311.0,0effe139e5289a9771139221e0c82cf1b33ce34e
5027.0,308a58aa275aa514397351caa263e08de2f89adc
799.0,321a76569d2130a38b2379816c9d00ef6e139058
1735.0,a8a6f050e71fbb7881076a8d6e2867e868d26016
1767.0,44bc4c06ffe2e3ea29250015036a066be7a7b5f1
3127.0,426da0ed07637e7efbcfb0fe49546e187d5d7f67
1962.0,064f05349ff0760521332e17d4c66b621d8bb965
4288.0,47b9de93a9c7a514f4007439335facd8ea82a12d
4139.0,d267e183b40031b42cb702977553f885ff50d578
19.0,9cbce9105b1c8fdc2dcdb1d9c8058507a5cfb8d4
4209.0,702333478d072c3c043c64ec7ad3997befb87943
1693.0,da83f2dca70020b991bafd296f6c7b9161e418b4
5656.0,2d1c0552f5910482ded6be4dc7fcfe3690b0db79
4778.0,f173af6b9d214814b1d2a182039052b45648503c
629.0,acff13d2b9af08476aae6be3865218edd719f235
637.0,61b81b1c9fd1d468dd85f6addf7479b1bc50aeed
4742.0,195f738bbaa7c090df795161390056c3c6c7f1f7
2278.0,3ac3ac4d925ee7ef1eb8be8dc6519606c0fbf9b0
1380.0,9d9d4238aa8c0b6009aca689b8c23cb8bdab8fa7
613.0,0bc2cbaf09b35a8db08f50782245413441b8ae9d
4623.0,a8e08d51cd50e8f0b58a60992d310e56d4f71641
1060.0,fbb1078f58604f02c7fd84d35e3d46e6e4e1935f
1351.0,6ac971ebacc1a9a0ca727068182dcf8a8c677bcb
5109.0,3e59b0805e8f7a9bd89179203a1307f5cb7fc02a
221.0,30d94b5bf577857649aa6c2469957705e476d2b2
2165.0,fa78849e335994a1617ed63221a70940c21cca20
111.0,2904dc2dc0c5241e1ab403ea9d27de348df5e8b8
4785.0,6e8d20a07a8c1a1f3ad7b3c3d74b7d37f2b47327
879.0,68954fa503cab30e307783773fbcddeef91fd99b
1769.0,150d1c370b6d426e3300607ca3635b6d587efcf2
4052.0,1650812060a66abb46f427b3d5c0790b7b08bba7
4123.0,93385e647a2354b5ad25d6b66aca215b402d1ab4
4635.0,89e900e0130d42509f952b24f8630dd02cc569ed
1168.0,5eb098a939a4658760bb9891fd4af53759e71a00
1319.0,148fb14040e69ada4cf653265d0eb4c7db0282a8
4735.0,64e0ea4ee566bc956453b0b6bb9d3673d9c50ecf
597.0,ad14cf058b8a6b52f12512e87cbbe1af0cfa1070
4817.0,797a6690c07ae90f7a2d703832e2fe44466d656f
2284.0,d8672689761f0bb6c0550a841f35534265e87fee
5632.0,14b156528503effa69ea72ac0dd48c43546c10b9
2302.0,a5f4450313a154e654be00a27cb2501a9da26518
4900.0,440e45d172ed23f5af54184acc7a388212346e46
2252.0,a975a50558cd78a1573bee2e957afcb419fd1bd6
4743.0,f1250177dc1c486517b9ca8ed136162533014da7
3367.0,c8f3d07e86dd41074971b5423fb932c2eda6db1e
3999.0,31c631f9ee9220c3494646a4d26690537f4ebea4
2609.0,b170e9fb96dc763b9b78916e1557021e5e004d59
1851.0,3ba5671fbca1005cc1616093a3ca54f2a3deb23f
4039.0,cd17c829cf0d7a006ab5594d56fe182a0ffc71d6
1228.0,5e5e44e91e67ee177cf305b01eaa875a3ceb9a21
1610.0,34e7dadf38ba1796094c0c76e92ea8d9837681cc
3579.0,016c7e92d1d2893e7a8ce61c7f2e76818e71d019
259.0,b48ec1dce4c02c36ad6037dc34355f0c7705c807
3038.0,86c322c3a819405020cd884f128246ae55b6eaeb
135.0,180c091fb2a281ab1f79f9897b32687a877582e6
5601.0,e411ea94eb853eedeee111469c6442d275864a09
1495.0,692975acb40c6394424dfb728b1ffa46b3b3c55d
179.0,1e1cc76fb74afa90d2f0be00e3a9db12f4f7e1e5
48.0,eef01a9fdd9bb820e5edf1780f4b950d439e5085
1359.0,7d187735ffecb0f49cffce1a9058961146212f59
4637.0,4bee73cfa7b276e85731944af1f73e41303abd43
4410.0,2eb990a25232ba69faaf07440f3b749d6d175e4b
1725.0,85f0596c43781103f30eaff13b567942ff967e00
2306.0,7e8453cf1ec992e5df5cebfeda08552c58e7c9bc
3390.0,bafd174a9f174e31bd76493761264f4c81649e4a
4673.0,b6f8693db90d55bb506e40cceb27ff27841a0a17
2690.0,8753b458fbef80a6962ae2dfa5082969ba6b7923
4290.0,c3b690a5b56eeb7cb14e68783d50b4a6189a1644
5758.0,604ddf82fcd488965639a3e67d9b72bd72aa8a29
4431.0,e5711127b162ce78e6c1b60ef209792cd6eef4e6
3762.0,137a3d814641bc4c2eaa713d4b56680863f54765
5451.0,de0e2ccd7b2e7fdc32071e91e9dcdb4e10f190e1
3465.0,553b3a1c12a07e69cd42c6524f8c9504bf24cda2
289.0,7c712eeda1d9ebc51dba403a017b54428ae3e9a0
335.0,3191a0856003e8298d9d4b74aec56ffb5ed38432
514.0,21a8a9456c90182ecc412a54f6267f0ce92ec86c
445.0,b78e76108f6a23493f87fc7dca5d908dac8a5a68
4303.0,afbaf9d4306294c9fef1413646f7045db8337e13
195.0,43d47e5d9bdc3af1be56f5195a137755b61efcc9
5316.0,28eba610e22c0d2a42e830b4e64746edf44598f9
4069.0,6674f47dbf0a0018f42c8f312ca87b400538963d
3935.0,3a7b949d6d8058cdc342dba683bc054d95ed6ccd
3189.0,da1256a9c8452703213c96ebc32fae1524034442
5152.0,b22a0043988a4f3c54709988de99f489db44f78d
4283.0,3263441fbcec8f46d363926d9106572cb0ecac5e
3512.0,094dde6fdb1b03351888e437828af5da03f46352
2982.0,108f8c4fd20a47bb94e010e9c6296f7ed9fdb2bd
4347.0,c4ee4b6075fbb616272788b14b70f0af63dc2877
273.0,002abf204f297b493f3fe01335c136bead5bbf02
4199.0,d1cdfb47013330b0391a8db3b6b812697ee64b6a
1533.0,0117c811c954fd3f25ed5c6dc05185c3ef3e18a1
761.0,2ad8db6ae6320c32a448f432ec13665240ccfcb4
458.0,c74903f9da8d85909c7225c6a107a109f98056d7
2225.0,552368727a7f89778a8c99726c68669a6f700e73
679.0,96ef4c603c53174fd3bc13862551cf73b1159d13
249.0,318f7f4c58f6031485ba8966aff55676b77b7e62
1750.0,e328a9b9dfa4fbc79c59ed4f45f757e998301c31
1665.0,6ddd8147382348f4796ac905f0357925dfa81da1
1101.0,ad36de4e6278cf635509a1ade30cca9a506da682
192.0,c7d9f6e2700a572924bc1880f2f902a714fc0fe7
111.0,63e4355fba1ec90bec9cf751b8b6fc3483062377
1467.0,3c596dcf4606315e4eb88608e3ecde430fe18c29
5429.0,50c8becbe02e6e71a6e7a57af0b28bcf38d9a3c4
4574.0,5cef927944152f11d296566767c1d794b34b38e4
1307.0,ec56ed58702820b543f6c1f6c52691d6732f07dc
5724.0,b9c8db13c2dd5f1e0973c021fa10c208162b090c
904.0,0c23b1342b17c420c7aabaafe01d34f3ace98b60
2400.0,7bf375098e7ba55626288607b2808bfd96498e06
1912.0,3735eb8e5f62a52c5630ede765b443cb1313ff96
488.0,e31fb49320a5a2af0232b98ed509623db8a9b4c0
206.0,12475fccbed1227cbd9467b5443b6699f3609c7a
4174.0,e96ca89a1dd7fff11faa3d00e4dca8f47f2111bb
416.0,2bd5002fb4a3b31b42b050a5765db889f98bc9ab
189.0,52c1e137e56d65b4bcc7a590ad6ae3c95db0f646
1447.0,489c76b83ef8bccd04f113964a346951f3cff1f4
2197.0,1e95bf59efd5ea98ef6181793be3b2969327cfc5
2485.0,c275ceb17ce10968f96ab9e97f0dda85f7aead8e
629.0,27ff010a4130d65629bd8adbe7d849392ee90103
2091.0,1737c15826b4ff1698eb9e9f5aacf659695ecfab
2721.0,73668ce4076b87d2d2493f2c9b445c643da9055a
2551.0,5ee595d69544f71168d3aef9666615bf2b431cf7
270.0,22283854d49de2a4b01fd114880b486f45c5e3f0
4982.0,de82ca85476094aa257ee4cfc0ddea4f379fa2e9
226.0,951a9f3f4c4b2852c35ddc5ce1d4f1f5228bfd40
3810.0,8a022ac6ea10ed6909af253e72f5ea7e804bbfc2
4764.0,7e6476ff0a4d924e738a9117bf6c1bd8c9c986ab
2958.0,98fb03e8bde18d35e8fe5bb150dfa4f0ad611fd2
73.0,45f55c0df0bc1aec7068b9f6e39d1aa5eee0b046
61.0,2b14251510cfc802e6493fc477602e9a9266a00f
228.0,71d7df9273dae5da8765ca4dd7e7ed4dacad5309
4133.0,1718e450ef9549a4fc71b01dba1e6faf7a63238a
5322.0,c316ca45a5b1b19622c96049c9378d8c45adba60
821.0,b461c6f16f769444a8ba73841e7bb22cff3966b4
1151.0,d706310d8b37a2bbc7bcbaee58ba267f3a336537
1887.0,cce631abec4397b10b30f21878f093326b17e223
5194.0,15dfc8a76f1e806533069c5098759492c1cfba72
5210.0,b406affd5bc258dc4f0b7b39f78ed4bf256282c7
5731.0,04a1a4b7303632268ece2b749e3326790d0c9f8c
147.0,a59bfb539d5fb08a1a27a4bd63a753b571eaf40e
541.0,3c1e22618bc2503c0aab1a1be22e28fdd5785e7d
4112.0,15c55d0c1d4a4384fd9725d47c305f52918e3831
2292.0,60559369b539a90bdc624c7b263c42b4eddce335
2160.0,2a0a96aef098208dde158f30ecdad55c5600fa85
3940.0,c33fd47a80a36f779e3422dcf3fb05c2ac037035
29.0,bf0050c321b23c09a2aa2b8234913d5d74a1e08a
3224.0,c4f096d3a55def4c986174d50ff8b84c8f00503d
777.0,36d99a0739059668b9cb3c84ad527d29a18687ca
4755.0,a6b67cf4a17f955d76c4924c13267c0cc5c0e059
5389.0,9be878fc09cf71bb2cb98695f5042cb344bd2e25
2678.0,2d66c58e01ddc0d76aeb1cac640e54c323ce0ad9
1220.0,65aa9ccc704cfde74dd1169ef0f963ade16a4d5e
4307.0,58ca8bbf6d1589bd0c8cc1ebda52299346f55e8a
1353.0,cbfb24dbeb82c791e82f1d9249685aa4d75fed3e
4430.0,dfbe1d95071acfbba159cea051530749b1684460
1654.0,6827eab2c59e93d8ec46ef308bc751c6c00f32fd
3672.0,dda12b653798fe639575db6d55332da744b56032
5190.0,43ea21e8306bc66e8f07abc84cce680726abc7dc
925.0,5de6a11fda8fb51b23e25df835e39f0e2b4872b4
752.0,9d57ecfc3598c7de524645352586b6cdfa6aabc1
3988.0,534de7395da3a53b5a2c89960db9ec5d8fdab60c
170.0,9148321765e8ddaaab23a36c8adc6af5340c3238
251.0,5d4e0655d089cf0738846d219a573ae4ab1cf405
1566.0,b6375d3701b72ca1ce28c32fd90741b0864db05f
3280.0,f1d87ee09a01094702e400053cf2a464bf035b9b
2354.0,bd4f156d165f67b44fbdec100cb8442a682aea48
4803.0,75f35f558f5a9e0851c05dda85763b679d713ac1
1601.0,48539af1639ff024e56d499d4ce777d235c32c0f
2497.0,f7abef4b39a1deb5a76052de7075df86b699572a
4761.0,c1cc3f2f42dbd19b6a80150126322580d063a963
2572.0,fab168bbfbb84059759820ba5134d8406971095e
58.0,bf87fb8455072883747bb935d6d275864a172829
1657.0,c9e046d11dc63fbdc40effce4e6d15bcecd44593
