issue_id,commit_id
647.0,b273d1375500a436ba09d80688f50766d51d6b6f
1026.0,30c788917bf083aae6c4331ee102f8785c69432a
1193.0,106c6c7bf889b0db5fe85eba31f3f7f6b52a0895
240.0,637f41d8ed42e3acd908bd6d8cb7297b58f45ccf
1157.0,e9874e2f96c27e24aafbc54436465abd8f152f8a
398.0,203c1e939e40fe2da6dbfde3d0f3e92f750315a7
892.0,93c14f844ee33e4d47ae07688f0e5ca7219df7de
862.0,be246928123ac5c354f4e0ceec067c227451eea6
663.0,91a3a9da6da1a8ca2ad27ac6e53062fa0aa802a9
539.0,eb536a6f64672e54e4dec346c8de602d7de435b9
524.0,7a93f649a7c4e5f3bdba7285a8c47a1854c323af
659.0,6592b73657f0007892d7c348d504cd9be7a551f8
273.0,b245e8e0d378344fa24a4ea94e9098fa842387cc
630.0,77e21b03791cce0a52ca3ac3591f0c797c5e9134
816.0,2c02f56c4123a8a2943ed9f7c868ea235a90f42e
793.0,22223f87486b8f790165c05d816023f83f7c3456
587.0,0559c5119eb686f5fe59cea716381f404c6e0516
706.0,b2a22580a6c25d686efbb46730f429bf6b188ed3
928.0,b8f6974f14e9eb37023e944a943015ca932bff72
861.0,e20d4754fab0b4aac7e797ef4e87327093447161
1051.0,9f2d61bc234cff3d33be9c526d8cc38c9e475063
1006.0,484abb6530b4d271b88d3b38b44f26e7ccd67650
747.0,007f75ef5e006d0b887a0c7b1f536b7852e92783
314.0,863987dcba99e63c1b652fbbbb051d0353f28609
1028.0,a7632361c42b33e4474a4ca5363bddbf57484daa
379.0,7ee8a9035821466640ba2700cf2de019a577cb31
152.0,cfeb299684f910d408acb0257bd823ce84018db0
1062.0,a2ed5e46d17020f75b5d11fdcc22fa4090b2ccdb
277.0,390839b945cfbeaeb4c1c07bf97fc5a99198355f
368.0,4055b726cca8d3c698968a96111050fade53995e
1016.0,7d6523e18b2c752e0a404746018df77cbad5bcdb
531.0,1605bf1cdb7c4f7bd10f3f215451195d3286fedf
1164.0,d9ea18d3a0f93c7990bc5e7df76daf3e608ae3d9
1017.0,d8df2cc03b8b83061786027c1def3a0edd02f05c
785.0,2fe9fe801f6e7cf4f64e6315af10eb7407766f24
497.0,30727196ed68a97b7b14b3bfd457337c4a7103ec
242.0,19cb4076f1c80caeb8e39825011d0651e8bb1f33
978.0,f614cef7ed63fd7f2a9c44600f4d3c84f96c59d2
1007.0,bd0aaefdd277b7328ff5948d8621d34fb8f87dfd
1198.0,223015a1facba4c2bfa1873235998cd845f0715e
525.0,3029ca6f67460a53a0d3ea62c35dbaec10749fa9
1046.0,6d1b653e24278111d82b761c2ea1e66a0621a27d
245.0,e3d34fb35e716546eba77c222dc242ad6cfae268
516.0,f912633d6ded6ed563f8b8ba88525839afa20031
665.0,efe905a2aa924592bec6bf38e5c20269cd0dd771
856.0,9e46fbab324d887934628104e46472c711dad8b3
105.0,c9f651ba39562bc7fa471f75fb859c26400b5dfe
241.0,7156d2d5df5922ed729957f98a8ca26adfa83f44
859.0,6fe2c6a06171e6fdc54dfe71e4d649c53c1f0200
355.0,748fcb76778b618d232b1c829f72d4ef65392441
244.0,f20c498b1bf63cbdc16720cee9b787fd911705a8
839.0,fa248655da620a70e94935541d50cebf440ea946
504.0,d378ddf55951f010092627158d12a3160c752ade
344.0,e4c18532c3d9f9fbe0448d70a1f00559295b9eec
186.0,08decb025788d47ed73092563ac4d78bf0b4d704
549.0,51fe5fafbf5fa8db0757473313419a4eca9642ca
866.0,f81243eb1c86598b020169e01a0738c68a4c74e0
680.0,dc7e73524f7c9c6c9456ec1aa5499da84f8b7386
648.0,54d08ba9cd8f4c0db7931484c28fe8e3d29a586d
638.0,4ad7c0f11b92348fe5b5b8d6a67c62f80e1d05d5
1030.0,ab18b08903a3caa14025c9917923aaf20c0b048d
873.0,8e12ea5e0fd32dc5ef3b757d555c9ce1fa5123bf
777.0,8c8b6816ca9bea1d4611e23ad73a22018605371a
1173.0,bcb0c8bce776a5eba9f5425c57c2ec8385f10e94
1048.0,a700f2b788fa8050abb23598db8282050fd18e24
836.0,a6d07e707a1f50b6e1efc20f968570c8bcc0a77d
172.0,7e61c6ddfcc1680d67113dde6f45977d428ce903
453.0,cd678d9756c88c2bc27ccde09136b76edadd2920
