issue_id,commit_id
13048.0,f06524c44e5f6926968cb2bb3ddd1e523f5474c5
10259.0,25a8973dfce5251c0bd527ffa16ce17174b94218
13073.0,3bda5520b787f84f687bb116c460f3aedada039b
9384.0,173a1a545954bae38e40f4fb0bde228765a9b059
9599.0,839d3dd0b598ecf6f2e93b9f9068c2e21fa1c97b
9520.0,500401bac7dfbb922408de79a1e217856cc7c627
10061.0,19ce1ca783a995bbd0765dfd9d89f2866fccbc09
12533.0,adaed1f84a0d980a660eb7d5ff271408374e5bef
11722.0,994c4bb338ce440a27df5db48b8f5044a3e8f611
11550.0,97bff7df815de472039d366728df8f610528d631
11160.0,ef0c95aca2fd19666711422c14a6b16f8025ed84
9429.0,ba204bc43847a62de8eb8a7941da24f1fe6ac2a6
12242.0,58399c111a4639526f8d13d4bfa62fc3d0695b02
10846.0,63e204693b782b5f068240568853cdd637c29030
10927.0,c8e3b601cd8bf3062d416a5ef74c4a97be611923
11352.0,d7b04e6fc6ad57c58323f16687c366e19bdd0fd0
12540.0,78e1f57c484da15466a34ed543a1cc4709617a2f
10737.0,749413a5d5b94f4335fe5704a107d8b2dd84c7f1
9558.0,16fba547a15958225077303635b816c68263e73d
10794.0,ee02d256611b17d11e37b86bd4f618d7f2a37d84
12539.0,8202e627c7d7897728d824c84a6d479ca84a9098
10858.0,9aed521e6650384533f69d7b46c0210b45ae9391
12226.0,8bc53bef4fd373d0f4276d00793b9a35fb1a4ef9
10092.0,c8728e4e47569a2eb918600fe75f36a6dae4e623
9386.0,5a7906ba6156f57025520fadbff52331eec4a12d
11636.0,a9cd4bfc8fcc7ed43e092c84415c261d30e9c79f
11182.0,f130fa1bca288cb566b083620ba70cb89e2e5fdd
10163.0,cbadaf00e28f7fe42762b55f52294e3a7bb90515
12086.0,4aba316b7973e246af94ab5ace18fd5d5ffe4f81
13246.0,544625545afe2e9c2b358e356c11bb8be53ceb51
11147.0,40a9ecc684d2c5e7fdfc09f46d0912940b74ab63
12675.0,f69e046eef93af5a28de5330bfe15ee348520b2d
10462.0,df03bb5b1cc9fd297b0f19e08d916a4faedea267
11162.0,fed304bcedfed737fa540fc0b6ce0bf27187d4b9
11518.0,aa0f12ce9eacd70932466d248fde746e0b0dfa0d
