issue_id,commit_id
268.0,f7cfbaab1689b50640adb75476fa14800aaf9eae
619.0,a9352bdb221b7df0c3bec67167e1a8f73d8a2514
1044.0,eef0e0d65c01159c1754e72a060a557cacdecfdb
1052.0,580639904c07c4b29376a144d15fa00f4cd39b9e
864.0,85d087b51eaa1706671b28add8aa86dfc7766a01
721.0,6a58bd08d98bbf4f812dc347537c8d4ab3663cc7
910.0,b536c100e84dd27e4e6208dc42737810ed015d44
437.0,cb65d2ca4a70ad9b387b1402e8f87909332abf9d
400.0,a5cf7d9ba273854d9ad5dfba8a3d3a57ded651fe
501.0,5844690138de221c80be35a6b96382c666878a9c
69.0,5dad6e9b3ae8992ecbe1f90d3d561dc771853abd
892.0,93c14f844ee33e4d47ae07688f0e5ca7219df7de
1040.0,9a53fe859acbbf833c05f14e673d5cc76e5fe135
250.0,6a40c7d1252c80df742f7072834ffafb092d5d97
441.0,a27fe8f0508bd441c1af87015bddf6450ade9168
823.0,8bd7a7a94f4615836de3c431ef5e97da60c77801
