issue_id,commit_id
1187.0,4a98b37877050d0ff8cf475dc2fb8b3a93c7da89
777.0,8c8b6816ca9bea1d4611e23ad73a22018605371a
889.0,9a543d05f98a927ea783f2d060c8533d6e7820fe
510.0,a9c209df7a046846a16930124a865432d7caf2a1
304.0,31c9d176e0e013a46e7d45a402a09bdc50d8db4e
239.0,7440386f83fc2f51ec9e7abb4c5379f6a1fe31ed
715.0,bc6883a308055bd76f6ec82d5d2afdd3d911d528
325.0,0a02e774ff42d791326109549900eec13a0a88af
1048.0,b401b16d9a4332b3af64a5ce12c8ce6727885917
199.0,c7f173d4ca97819f9db5b1c704a09a82e5106e62
741.0,3081caa1aafde076a8472d62091d131dd8ee72c8
956.0,a88c693c49feb9c9b9fe253e1e35adb10af2efa5
659.0,6592b73657f0007892d7c348d504cd9be7a551f8
315.0,687a8054818fa6869fb666adc62729eb82069208
678.0,1b50f04a89dd7af7931c53ec41385f3c16135322
866.0,f81243eb1c86598b020169e01a0738c68a4c74e0
686.0,bad238f9964b31ceb3f1801d7a5e47c1b2549383
268.0,f7cfbaab1689b50640adb75476fa14800aaf9eae
619.0,a9352bdb221b7df0c3bec67167e1a8f73d8a2514
1044.0,eef0e0d65c01159c1754e72a060a557cacdecfdb
1052.0,580639904c07c4b29376a144d15fa00f4cd39b9e
864.0,85d087b51eaa1706671b28add8aa86dfc7766a01
721.0,6a58bd08d98bbf4f812dc347537c8d4ab3663cc7
910.0,b536c100e84dd27e4e6208dc42737810ed015d44
437.0,cb65d2ca4a70ad9b387b1402e8f87909332abf9d
400.0,a5cf7d9ba273854d9ad5dfba8a3d3a57ded651fe
501.0,5844690138de221c80be35a6b96382c666878a9c
69.0,5dad6e9b3ae8992ecbe1f90d3d561dc771853abd
892.0,93c14f844ee33e4d47ae07688f0e5ca7219df7de
1040.0,9a53fe859acbbf833c05f14e673d5cc76e5fe135
250.0,6a40c7d1252c80df742f7072834ffafb092d5d97
441.0,a27fe8f0508bd441c1af87015bddf6450ade9168
823.0,8bd7a7a94f4615836de3c431ef5e97da60c77801
