issue_id,commit_id
24.0,9248a7baca5bc616a60f9b63b525e872fbfddef2
3124.0,754b72957854e0b955fe973d169daa27a2f98ef1
1090.0,b0f594efc9c6ae692b9b4732d40006b1d3c69d23
2470.0,f071562ec007b629d5cdc1374f8df45b74acbb7c
3142.0,8609b7d840b2430ade985465d87cd9e2f09d477a
977.0,02eb9c99fdaa0c3cb3179ca5a1538e87ba6f13f1
1821.0,c73cf0f82ef011ac4dbaf00ce4e8318fb9fb53dc
817.0,08931401e8fefa31af2432d27b2346a96ffe8e2c
246.0,4cb6eea8f1e1edc707874f72cbca43a0f698ec7d
3740.0,fe55f92cdc575d00204a134b2d556c1053e1ed4e
1225.0,84efebd6be3809388160e8654d0fccc9ce0b2395
535.0,8339cb35082fc93d3a9c98616aed7fe0c1c642dc
1795.0,e8bd2c92029455abfcbbd3e10b161f9da0d269be
1235.0,70a33ed49bdc47cdb8e3af923ae315d63f406f0c
3118.0,4091013ee1e0c126b803a2d76a085609675dc60b
3662.0,3349c4914d8556ced05ba85a89868f2ffb78fd46
3705.0,fc0aa7ac978b56e83dccde94214b1900a2ee1c3f
886.0,cab514e9f17e68d66c61739325808dc5ed494e90
44.0,cc8332e9d99c08b77614e5acd7bd0e6d08dc29b6
433.0,f4a31db9f6a9b8bdfeb023f247eb6e8a42af3162
1062.0,16a7dd06aade99d478eb183e89ede87d4b55a3f7
12.0,88f671aaaef334caf3231095b119cac094ff5ffb
2278.0,9dd0a0a29f3e384043369a4e902d2a55e311795f
617.0,17fc38c397aeea01165275f6811e34989f2ff00d
601.0,b5bb49d080475e4fb90f6a47dacab60b53470e9d
2080.0,4eca29f68bba819494e91270ef27f9c2f4b57bb2
1875.0,62aaee02f754c74e0a051097c869cdabb0f0a09d
1661.0,c1c205bcd39ee417ed028c967819a45d08d604fc
2430.0,85fa8aabf5a7bd0adf204f0c2dacbba1fa6683de
384.0,09370c3f1c808e9251292bc228b6bef4b1223e93
87.0,70dc2b66a0d02a23546ad8d48b7fca1c21997ae6
2536.0,a43a439c7a839edc8c5ac7062acb694eceb99e55
1343.0,f0b4b99930595f164c42f53ad9968071ad99c220
70.0,3ab318a7ddca819e13d6d161b008b62b6583453e
1161.0,96d7cc933ae19133ac3cab535b0ea83c6dfecce4
1291.0,aed464b92bbd9bddba2684304c141b9d65b7d01e
3435.0,d49cfb35d4bb45e94d8c7c1920e7be99e4e10dde
2570.0,2433522d2967b8a5e46f16de587a8fac5088a47c
2344.0,57974165444d551d281ae25171d4ec5e571c5ca7
1806.0,88500f5cc709e2e931e6547ed9b58033a50215a8
2363.0,45946028e77ed68d64869f565b688aff0914638c
2261.0,c590e820aadb9134a7fb19fe32c8ddae37199ec3
968.0,e7c587789ae22a626196cea26340253dd9b70bf1
1861.0,808d2cf75e7127618340149c5b0f1a9b608b617e
2792.0,027aeecf26716bff4efcaa7b007e61f2c577a81a
2593.0,c3a997864efc0dfa725f21248ba0fc21a9682faa
19.0,a9284afde97c30d136e8ec675794c7cdcf4ca277
2636.0,4a7db6647407de076daf31f1dd766388128f9a3d
257.0,c5340b1ec471ee8535916eeb042fb2710df64276
800.0,afa33e37ecf1214dbf7d619181791af70e600ef5
29.0,a921aef6c47cecbacef5173f03c07c52e6bc8fea
600.0,f8b6033a3b86691470a36db57eba17d996c7d5e8
326.0,c6316132b173f96a6f5a90ff3b62f706f8a62560
2004.0,ccd02bfe8c90ee8dbf30cc2be61a7d483ff24cab
1883.0,bbd6c8c791ffa0f9f30f31d17e47e8fe8e587526
1280.0,b7dfa6c363aec171bdca04ce0f49ac5f2a0ac35c
294.0,7155f11a723695352323d484610b9a1c6798eb69
1869.0,f034d2e271403c7b3b8a1c2728b2320ed157a037
2637.0,b0c1da1e7ee66084b429a413541e179299de31a2
2324.0,c62b614d9cbe813d7803c8ecfea2b7bf5a6eaab9
2006.0,c4ec6954e57b1ab3cb5a0d178e6030f8bab6c149
702.0,ef62e8440e050bb8791505f66cf48f1b756571b1
433.0,146088d58066f16ef4bc8172f8120402517c34d3
1728.0,2bf477cfeafd87c69b88e1ec58b5eb67abf756e2
2934.0,38a391815b4936e9357834bb4924e09fc4384e9a
782.0,fd9bf8f37609f220f4829050eed94df208543c56
3349.0,12666af6b5474998907310b2f940aebdc3b5a362
1262.0,eca53063862fd487dbce6e36fc42fae80f1494c3
2217.0,19d7e6532f9187ba8a81b2d2ad9afe03e5e5500a
609.0,fedc96c0b9a1c48d11819f03fc82065336af89a4
148.0,4b65c7ed5a31d56e194817231eb88e1083ba285d
3270.0,31d3c7e71941c3a1800f5e31064c9862da473d86
3137.0,eadb99eb93aa21cae3ce907006e62818319fbff7
2398.0,641fdeaf989c31125289390fe62601b879d1fae1
747.0,915d7180fcd0defd23384e30b630e2cb31a39222
2343.0,90389140cc192113a0c08c54a2de22a41a397702
310.0,6dccf775468ea0a849d3c1c3965e3a1db6a36a3f
1019.0,01e831f08279d69f29984abf74c0eeaa12579915
1341.0,eb2a4521ff838ceb291f6f30f41ea70e3f552032
2581.0,40745bb338c45498ca19010175f341332ab2eefb
1630.0,b3b5a98fd09f4c02828765a5968825ab4f11556a
582.0,18413ed1bf08261acf6d40f8ba65a98ae586bb29
1051.0,367a168d867d9b1b36485c98d9c6e5ade1d85686
2173.0,95db82f8f7df0acce7051a8dedf29b88e436f5ab
1338.0,6e6a3e8cfb5c8c6b6bcddeb0a045a8441a35ad0a
2284.0,f0a6dcfbb8cc526f19aa4e672d3b106c65cb18ca
1573.0,c0087204e5b83ad4e3983d07b66d17acdde0b9de
2606.0,8ff0cef6b9ecee2c0bc31774b33cb88632dc79db
3129.0,bbedd6454094bc26edbcc95bab1ed3d05b4085ea
1349.0,4082fe65f3ea553ef954b1cab0202259809e27e0
657.0,3b393f89f66733f7824a50b33b93eae9999812ad
879.0,280d8659601a5e3b8dab77231d9f9fc16f5cd1ce
3168.0,e2f4b53396f4676978f86492dae5d3952446df89
2986.0,ded7cbe4294dde22e553d6a8035f414f0ce72f50
1898.0,74b3f7e04cf51df313aac47175b752663ab0ed44
3427.0,25a5d3031167566cef0fcf38b54afc6b7dcf6e86
2341.0,4f689c41d9d5aa1161b185de9bd7fb6d85b6cc25
2071.0,6478d7bb99ef7dcdda19ce3e58c00500ff72e60b
1510.0,595fb7e1fac3eea207816a700565f6a549e160d3
1431.0,aaebe9fe252454a319de1f0e583d0e5a8635e399
3680.0,a12a34100ac0ab85c29f87117ac0b75100b52d3c
2017.0,f4a1ca8fc87bd28ad75502a78005226899e08a2a
2662.0,8c0d8c1c147a2534c8ed60f7dc62080371126c18
1418.0,dac45f6c5d2dc69a59561dc70579cc16a980bd21
2554.0,27a7171d42c878d5d9094c0117466e862ff91000
1942.0,17685da8c069a1698b893cb6f5e41957f77894d2
799.0,ab1be65c88b01f3318e42afd089006d24e083274
3241.0,48d0e86313b479f97cec1a9869bdaf468c248666
1181.0,4f5d3eab067f8821b2a69bfaa9be5ab1b04669b7
104.0,fda14678c07d036ef3a1984a4e346e793cc5a63c
307.0,780297e2bb6939ea9ed6a40846f3dc3fb7dcddc9
3376.0,e0079490176f080a9a4e52d4edc67e370992d943
2374.0,d625d411047f335bb8586be3064c7c735ccb0cda
1854.0,fa327fd4fadcca746b466dfd8dbd166a50d8efad
2350.0,c7f433c49bcd752a057020ba58672b6e441eec21
3236.0,91e53da054c8e923ad6bf45cfb4c12de029de1b2
1917.0,d8c39f4b3753c0ebc93177661c43bfe35d7c019c
2685.0,16d83d6bb413bec09a656a659b98d897e7abcc81
2624.0,4309c7c6ea51e5797604c43ba858e5ebe1fb1674
2396.0,1172728a683e0241400d991df672818ed9b2eb0c
2848.0,0bb25eb3673904179e772f4b7376ecc7fbe4822f
2910.0,d493e3e083f7565f9b158b12445a994abe9a39cf
1338.0,5fa76f6800fb81a621b63c42725c5502e2520302
2038.0,a6a36ec72a1f65514e137b0f21708e8c61dbe4ba
1138.0,1d55b8983efdc840b83ae6ccc4e496165010c8d1
614.0,f06c80a21508d827a6db1223ad4de253fde013a3
2710.0,0ff3f722c1c22399d3c755090901fe0250ca9b50
1813.0,b13e83a2f228625b66c04003a1df7f8e7fb4176d
1376.0,ec5811d0a15dc5ca2c5f231ac6aa79f9a107776e
2991.0,339419117fff06fa89124d04b1921b61b8865d80
3237.0,cd4023d9d2ab630ce4f95856f065072ef8badb2b
427.0,1d1db80e062bb576cd542a7a3ca990360c5b57ba
2707.0,e102e5cb3328e6a13aa8c1a1a492c54c4f6d7aba
2013.0,9e41eca7f839db16cdf064f827fada0cabf6f54f
3574.0,d091bb00c0358e9f30006a064f3dbb671b99aeae
73.0,d0357b44b02324b85af42052487eab13d0b75f81
2875.0,7474a9cb8b715ef96a37eedbbf143d39139bf382
1196.0,d76ca43a583cddec91e8cdd32a8210e6bfb1bd05
1455.0,3fe68c221a41e8b86107281d869eac435e2a4154
2720.0,062745b23f7abaafb144e3d94b6fbdf8ccc456b9
2565.0,c2bac6de8c51b4ad687f04d5794ce9c6afdf38d8
2592.0,2949306b7bc44e3f74e42e8277dfe13475b350eb
2789.0,401d7f9bb2514eb45ff98b2ac7c04952f5eaa678
3113.0,5cb4b731671491941bd5d877f222bf5cee71869c
3260.0,f7f1d9de3daa84ba968fd53553dc8fdb277219a3
661.0,6ab569b0e3791cf04db7c333bbf5b78d33255dad
1679.0,7b1ebfbc4d517c2b9de2e4e4ddabffaead1190df
2204.0,1add1f8a02976e070660d9ae0b877bc3f8a36e86
299.0,505cd663cd75b5593a1c9db0eded5298bd67139a
369.0,f64098c784f93db9a60d7576cd4fefab8000dc97
3674.0,3fe5eecc2b57406bc9f14dbcc4fb1a76ba4ebab1
1920.0,b7a0cc61c54dbfebf8c3b21634ec9e37596b1e9a
2358.0,63129e8426ba0ab71a3500172ca04fb41ca67daa
1714.0,2995366dde63b8acd1f246bcd5a4cf7d61f0c1fa
816.0,2e17ad7fd42d8575f308af9c17496d38ceb72b5e
3247.0,d4b688bd035b9704b3168b28fed39c8fcfe3b997
2416.0,851eaa4db7cef513dae35286d816867d68a72049
39.0,c6e6792cd52022add8455fc792b2ca73c62d3d65
2213.0,5b83f11398c8d0f8f4158af05d187fc03508f01a
1135.0,0cf5881312a2256607cebe36938405a6fe5a820e
830.0,21f3ad267183f1e8347812c3b00e806cac562347
683.0,aa83d9132fde44d4fda5b34bea1f0872780746aa
2303.0,c8e56d58077d29e2c9478f133b3c69ba73deead5
2541.0,54f3d2131d2abd633288b4810eb95ba40b0a7956
2353.0,49f3e96844b5dfb6459412aa68e3f25ab3a65514
2077.0,7bd54e9bd61dc6d02237fd5d473fa92030a1ff33
80.0,f8f8463f3a0e260604b066de56b0a8c7d3a86db4
693.0,ac9d8b09a5f8d3d4580cd432ab05eab2cf2529c7
2676.0,c3e2ff2afa223dbe9a780345af06a57b37bbb28f
1884.0,9121e109bdcd8b2a50bf53cac73b470232d126df
3175.0,819368a52dc9eb0ba4e20195783f2807872dabad
56.0,707b30749daf407c07b5b265bd892564576ad80a
2254.0,8d515a644f4d1a508e5de85d1ab991194fc6394a
938.0,c9bf9070370fb1cfeefab8a34f40351d6bd1bc26
79.0,da514b398429653dbd368c6da48c9863d3c2632f
1950.0,0f1cf50f97a617114078be3dbae3152339ff13ad
3562.0,e69b49bd3d2df261316c1c5dbdd53b96d93d2f56
47.0,1264c458ae808d306aa03c51f70103e52dca107b
2964.0,0f56c0cb04c4f63a1ed439cbb3fc49d8c83f8f65
2990.0,3bf80912cf959fe860528f75031fe9e4612e3848
2693.0,d8bf589d4835ab03daee3101a91c80ee648e72b6
737.0,97815b999e831205b90018e81569b55ef8fd0043
2918.0,1e616696c00c72f01958b761173c8f29f09acc60
1264.0,86525d9b374efd00a97a9c3e9586425a356a6bcc
1509.0,37474871dc66ddd94f970740f773d9ffb6c0f4e2
885.0,9c434ebc679087ece3d7464e39878e29dabf1951
2556.0,b786585b8f5302d707a66fd306f0c79946b408f0
2804.0,99c56eaafa05a34857623d5318c5bccbd634adff
1441.0,e99fec26ab1e8b11d93a84ed0b74c3406b01494d
2347.0,fb90c310b9c9099118c06a95183e38157727fa92
262.0,eb6549d95a8e9c28f9e4b89c28e370124e7452b9
2311.0,a037762781929a9a658250f3247bfd131d634b0e
