issue_id,commit_id
1137.0,786f62664b41f264bf4213a1ee3805774d82ed69
530.0,553c70a9dc774c3621a37f612105601bae6537db
73.0,45f55c0df0bc1aec7068b9f6e39d1aa5eee0b046
2391.0,802ed30e8e838ab70f9b5f8a7f747d53775d358c
4157.0,550d8046fdb84894b8e22ec31b15455914f380a7
4079.0,7b1e69dec4cb1f1c66e9df6f754cdd280cff7e71
1544.0,eb4daa34a298923dbb492a5d8b20e27fb1c0030c
4195.0,b5c4c2cae89714479d6fbb5a497fe43d48d886bc
62.0,9b849147369eb908cf77d52d3233bf66878a8aae
4283.0,3263441fbcec8f46d363926d9106572cb0ecac5e
174.0,391cc0606382c0c2a5bf430a8b024256212cbaea
5358.0,bafe874ecca8f2ab86611739202806ca0cdba844
116.0,a338c29287d1b69d3b29ce9a67a5dd22a5008df0
4290.0,c3b690a5b56eeb7cb14e68783d50b4a6189a1644
5632.0,14b156528503effa69ea72ac0dd48c43546c10b9
2343.0,93e449f1f6354289142b8f8079c495b4633b576f
2678.0,2d66c58e01ddc0d76aeb1cac640e54c323ce0ad9
420.0,9ad736d7ce175e6edc2d83e9d40f555fc212dabe
4199.0,d1cdfb47013330b0391a8db3b6b812697ee64b6a
5244.0,62491753174ca77c2d123b09891f3dd1984d34be
1244.0,29529e5e8e4070462b838f291e9a241bdb242e32
111.0,e4d22cb16a1e312ac6fbb1325a55d98cd97156ea
3877.0,377d8a7be7aa9d7eaa16e9ad38cd99e7dc49282c
199.0,cc69b3aa4c88c60ca41a792a60f7e80d75f1b7f3
1550.0,a41c64bfb97a7bba8ec138345d48b94d8734d27e
4803.0,75f35f558f5a9e0851c05dda85763b679d713ac1
1156.0,526aa07f44ab30e128ffb42d12143e4aac9c899e
1127.0,66aef0488a759b911e9557a855f53b81aac51b25
269.0,320bdfe39113e5a916146610d5d4b227d589a14d
4450.0,bfeb2c8c13de0c45af21228f69395a1131913da5
5057.0,ec5a7918ec2d8888ba356f9e3295dcd1ee935884
1522.0,91cbf974150309e8b0401e7d0f5b0c4757bf260f
5806.0,da15d93d3992c15026ae02e2eada613e1ff7a5ec
4069.0,6674f47dbf0a0018f42c8f312ca87b400538963d
2982.0,108f8c4fd20a47bb94e010e9c6296f7ed9fdb2bd
3701.0,820adb69c0b5ff0080826a9c7af1151973307b45
3873.0,cf50561b8696b645940ae33ba9b168ef97580477
1566.0,b6375d3701b72ca1ce28c32fd90741b0864db05f
166.0,62f5c61a9d70d98bb9a0ed6243524c0ee3e2764e
1470.0,3919ad64c5873d360aa1a412bee5270aad121760
2255.0,31260cf02fa60efff42aba0af185f4afe5d18557
4637.0,4bee73cfa7b276e85731944af1f73e41303abd43
3910.0,3040f77468d7dd997afd2f8a35590cafaff454af
1060.0,fbb1078f58604f02c7fd84d35e3d46e6e4e1935f
4152.0,a541c329a9748c3c8a8f9f9acfce9f8a0468491b
961.0,1b03b129966279c8b84acdd1654a74ee83ab599a
128.0,43028876b51edc2bdfaa2e453e12626c1aa66a21
2271.0,2e08a9b412327ed18450f9fe9ccbfd417cdbee78
1723.0,2246280bb6f71d7d52e24aca5b4ce955b3aa1363
1132.0,fb85bd4b10aaed442e3605c9fae9869eb58416bb
4808.0,015c82b974841897a637dcd3ddbd40ab48a70ecf
332.0,6533115bbb47faebe3b084f3ebf322ca5cb73af0
613.0,0bc2cbaf09b35a8db08f50782245413441b8ae9d
2369.0,9755ef933a9ec12e2fc659323a258fe09bb3405a
1112.0,0c74821805d7f74a1835e58051069d4016227f6c
5731.0,04a1a4b7303632268ece2b749e3326790d0c9f8c
26.0,e95a28ef3d055384a1ce1b14029820143c1bfad2
4365.0,49480225d740d3a4618fb49032f5f1cedef16b01
425.0,339861367e11353082ecedfb92355b76e2f088b7
130.0,69078368abb92102f886464fe8ccaa2edde6d3ab
5739.0,b1dd893fbb4d2efed3342e6c98a6bbf4b393d48e
5074.0,e876d8e38780a88e4c1fc060e3ead779222be83a
107.0,1c5294bee1eb85dd1d0b752d5c5d588803c0b6d9
3920.0,b01d012b5a9ee032487930c324cdba56c9837e51
4307.0,58ca8bbf6d1589bd0c8cc1ebda52299346f55e8a
4385.0,ff8e826dd66f81cd61daa1edbf58339edf8a9014
3377.0,51767655895f7b893be4c91df37a360f8285f056
4718.0,5ac135f036baf13883852b726d8d4fa92158897d
4814.0,39bc9a4d288f3b8e6816ebdc0b68b4001b531159
5457.0,8c3e5a2421f639f36e9b907d69d4d48b86447e68
450.0,2318c56f14cd887a358f80768cf660646d6246d0
4982.0,de82ca85476094aa257ee4cfc0ddea4f379fa2e9
259.0,f5b188b17990ac5bce43da0aa05494c1fc8937dd
4123.0,93385e647a2354b5ad25d6b66aca215b402d1ab4
3928.0,fc98aa6b671cf55b62efd93377b8cb27603ae24f
779.0,a653bf38be0ff64daf0f8ef9f5fa531f9710c40f
5634.0,07b079defde98faa09db244b58dcb3904f2887f8
4742.0,195f738bbaa7c090df795161390056c3c6c7f1f7
5761.0,034dc8f10bee380af469e1af8bff32f5d085127d
1962.0,064f05349ff0760521332e17d4c66b621d8bb965
61.0,2b14251510cfc802e6493fc477602e9a9266a00f
251.0,5d4e0655d089cf0738846d219a573ae4ab1cf405
1049.0,ee179029237304a11198d0d2e784cb80e3014c01
3961.0,5f407cf6579898f5aedffa579ad6db493d04dfa4
4623.0,a8e08d51cd50e8f0b58a60992d310e56d4f71641
4267.0,9a28eb0bad1acf986d997905a410058f77911b7c
330.0,3eb5d5e931baab64ca2c2c5be9ffac1748aec32a
3405.0,0007cd032dd74ad1c4cffc7f9a1781609786e547
233.0,9f01e3e79e5e733d4809821f6f87e170841795fe
2094.0,2dd1a9e3bcbd14e56ecb569ff2b10eb68c48bb80
3308.0,64f48efa269c60c76af4ff381b8bb14dda19b3d1
341.0,891fa980d2e44c87c42e4858482c1b4308abc795
2190.0,eedb6ce77468adee6817258eebb81ccd93d6a5ea
134.0,2571e1b7aabbddcf617dc3fe7765cb3ca373c32f
3400.0,e45ef7dcd987f00b94e94d71593f6b3664ceb89f
2989.0,b8870ee8a10360aaa74298324d97c823b88ec5c6
3367.0,c8f3d07e86dd41074971b5423fb932c2eda6db1e
5203.0,bcce0660573cf9309e3decf853488da2ef8bc576
4684.0,e7a58fe1573176415a9ca054428c53c1ca29931a
4543.0,77492cd94511589e14716e726b90c8b3a8c2ba9d
347.0,9ff82d6695860d57a00b6ecf9c63928788d303fa
4016.0,17c0d72d0488929f4788a2c4a9951842dbde4833
1829.0,8aa2e4f9976d31bbe3a0014b4f1f96ace1b87043
2.0,faa12d1fbed92f886f490cc3b04f13bcdb3a16a7
1147.0,e85679fa6be2792ef910a7caf8cccc1cff6b73f8
5801.0,88eec7a417c55668ebd0b8242e59bc99721d2816
3563.0,3adf09bc4f1468f54a703481d6d7ebfe25b6f232
4347.0,c4ee4b6075fbb616272788b14b70f0af63dc2877
285.0,5c18f02adee5afdca286976c25a9353c77785545
5173.0,8e7d2ef13312bfb4ec5e1800f00108806ddc12e8
4205.0,b18357956447936fde373a00ebb72ce52cbfc6cb
4056.0,8cb53441b0c86925639df39f8b742dfbc55724ca
334.0,6f0e492390ec6c59d3b0d39ff5bd2ba3bfc51bc9
4874.0,91a8451c981fef25b0915fa06a4566dc880b6e16
1359.0,7d187735ffecb0f49cffce1a9058961146212f59
5807.0,30c0dc7ac552ec73f25836562ac2dbb913ef34a6
2625.0,d7b26edf6b419e379a7a0a425093f02cac2fcf33
4188.0,f558df2558966f028f773307cd5ae39a2d59e57a
2243.0,41cd9f401f9dd9e7eca1a46a4ab2c38fadf2effd
232.0,1d5a7df125fedb6268cb9042f60ba49364a02e30
51.0,61df6b46917ddd3483997277b350fdf1183f0b7a
1101.0,ad36de4e6278cf635509a1ade30cca9a506da682
1725.0,85f0596c43781103f30eaff13b567942ff967e00
5508.0,517cbc8d717d5f10c8e54114fa32dca6f54588a9
87.0,900bf08fb652183ac9ea33d87735f3a0b4343b21
1380.0,9d9d4238aa8c0b6009aca689b8c23cb8bdab8fa7
218.0,acb7bad1ff4037b4a613ac94e2d3357bf92bdb8f
2762.0,d847e65aaef68009b1ba4c12e45f34a7783dcc5b
777.0,36d99a0739059668b9cb3c84ad527d29a18687ca
2292.0,60559369b539a90bdc624c7b263c42b4eddce335
1386.0,dafcfd5be6040f0e2cc019dc01cb7d38a2bd24d2
5881.0,d91183738920a8336babc64d514fd28de13feab3
193.0,54434095fc03d5ad12694779f9e476ded28764ed
472.0,71ada5476e5b81d9f42e607d5bc0b7e2baa8ef93
1396.0,71c6bd920ed86624a490c8db87b63d8697827fa4
1318.0,b4e382c867fb36c1cc9883a84abbab26678eae01
2485.0,c275ceb17ce10968f96ab9e97f0dda85f7aead8e
3517.0,e766bde3a300ada7c11cb7b716162ec07a44fee3
687.0,21bff7b3b366ac3fb81a225c5c5bdf7d24dbfa33
154.0,2f8c052484c51ba63037fa7256c027e4376fe3bc
1243.0,5beb9d251c21260d4de9930b31e5f29646b6e4c5
1740.0,4c9a6ef3ce1e7361206ab33ce8db9b1436032ecd
228.0,71d7df9273dae5da8765ca4dd7e7ed4dacad5309
3115.0,68e45d32e0df6ddd89a784641fbfbfee09351b67
