issue_id,commit_id
5739.0,5433015a25fb7733c4108a58724c98340326a797
1353.0,cbfb24dbeb82c791e82f1d9249685aa4d75fed3e
5451.0,de0e2ccd7b2e7fdc32071e91e9dcdb4e10f190e1
5271.0,ce96a961e155cb5ac09987e8996224993ccdf87c
5224.0,47a281d23143cab1264b6720d39ccf7edb30bd4a
679.0,96ef4c603c53174fd3bc13862551cf73b1159d13
3308.0,64f48efa269c60c76af4ff381b8bb14dda19b3d1
1761.0,da36b7d386bb1e1ee2900adb8657bfc15343c36d
4365.0,49480225d740d3a4618fb49032f5f1cedef16b01
4016.0,17c0d72d0488929f4788a2c4a9951842dbde4833
130.0,69078368abb92102f886464fe8ccaa2edde6d3ab
3672.0,dda12b653798fe639575db6d55332da744b56032
4039.0,cd17c829cf0d7a006ab5594d56fe182a0ffc71d6
1319.0,148fb14040e69ada4cf653265d0eb4c7db0282a8
3189.0,da1256a9c8452703213c96ebc32fae1524034442
4545.0,3d58e5e3be9e266b9b0f89b094823b76511a21b1
3882.0,44eb21aa51cc0212e68dc0709aaa5c10bfe64e7e
1723.0,2246280bb6f71d7d52e24aca5b4ce955b3aa1363
726.0,21df09d809a271de3b1a3e00782ba18e6609a46d
1121.0,fcf97001a577b9edb36188b37ec3bc6f38848070
1657.0,c9e046d11dc63fbdc40effce4e6d15bcecd44593
531.0,b377d4c28cf39aa9a43b44c08f45bbedfb081b78
1350.0,600f27c39bd9d45146d8b4e2dd41be6cd2c788b8
3812.0,29bbbaa4dd3a985c594c03110ac0710f57f413d0
4764.0,7e6476ff0a4d924e738a9117bf6c1bd8c9c986ab
4056.0,8cb53441b0c86925639df39f8b742dfbc55724ca
2536.0,094937bc275a25a4d2406db8eba824ed9450a7e8
466.0,ab01e9e9e45b284de4c6c8a42e4696f28dddfdac
2272.0,45e95b79ce17eef0b3b4d324daa8b0d220fdb2fc
613.0,0bc2cbaf09b35a8db08f50782245413441b8ae9d
5601.0,e411ea94eb853eedeee111469c6442d275864a09
1243.0,5beb9d251c21260d4de9930b31e5f29646b6e4c5
170.0,9148321765e8ddaaab23a36c8adc6af5340c3238
2159.0,1d80efde89f9035acd5f194926c6a44539e302af
4902.0,d0e23486b4e16353a3902e2492cbd4d4f3dd963e
3806.0,a3dab41de87d2154f4ef78bbb10b9869f8e34fb8
779.0,a653bf38be0ff64daf0f8ef9f5fa531f9710c40f
3224.0,c4f096d3a55def4c986174d50ff8b84c8f00503d
659.0,2c8eceb5b83f4c2fd11ed570e3dfd2841b9ce4de
525.0,c92f52ce2cc06b33cb3bb8b768f5075bc0c3e4d5
226.0,951a9f3f4c4b2852c35ddc5ce1d4f1f5228bfd40
254.0,2d40705ea00bbc0ce1846dbe675c133cd546d9a7
249.0,318f7f4c58f6031485ba8966aff55676b77b7e62
367.0,f95b164d06d09422fcfaafd214fd0e31ff4ac7dd
134.0,2571e1b7aabbddcf617dc3fe7765cb3ca373c32f
154.0,2f8c052484c51ba63037fa7256c027e4376fe3bc
961.0,1b03b129966279c8b84acdd1654a74ee83ab599a
3123.0,f8c688e6f4704437085c706ae471c81a6dbaff4d
3621.0,a97a9b57bf1f1197cf785c18fd60419361fa8947
44.0,0319373c612cccb86b82a8b2439a87fcd1c83b29
1724.0,0d368c5d6fd468aed301ed5967f8bfe9d5e86101
61.0,2b14251510cfc802e6493fc477602e9a9266a00f
3390.0,bafd174a9f174e31bd76493761264f4c81649e4a
2485.0,c275ceb17ce10968f96ab9e97f0dda85f7aead8e
4147.0,49b5251e06bf45373f024898f5b4396a4a2c66b2
629.0,acff13d2b9af08476aae6be3865218edd719f235
1244.0,29529e5e8e4070462b838f291e9a241bdb242e32
4756.0,0ccaf89a6f67e3e4de35907fd305f85c7973eb2f
2252.0,a975a50558cd78a1573bee2e957afcb419fd1bd6
270.0,22283854d49de2a4b01fd114880b486f45c5e3f0
1654.0,6827eab2c59e93d8ec46ef308bc751c6c00f32fd
4205.0,b18357956447936fde373a00ebb72ce52cbfc6cb
416.0,2bd5002fb4a3b31b42b050a5765db889f98bc9ab
1550.0,97b51ea33b6b96241ef87861619e6820ee9e765c
1162.0,e3aaeb7f060c9460578767b5783fca2fe33382a7
2641.0,cfb56400b29316a43208053a8ef6d48eb0eb499e
1681.0,7d24df37380cd5a5b7394cd2534e240bd2eff0ca
1127.0,66aef0488a759b911e9557a855f53b81aac51b25
5691.0,92be5ba2572ec14e2580abe12d276e8aa24247b6
216.0,616ecc5a1a6966c1dd7ff055e993496ebe3d6f18
149.0,bd16d1cd488eca45eeac079bb4644388fd9d6214
1112.0,0c74821805d7f74a1835e58051069d4016227f6c
1731.0,ed1e4d8df33e53de1516cb025dc60cca9615f637
5217.0,4d1ecc31c9bdb42638e8a1f85f7e7f83130f41f3
4596.0,1d2b692666f9f5265e4845f8a30f04089515f7c5
4966.0,30d5779ea94ed1e9343a4590895a3f5e65e444b9
4912.0,212163e199d5977095dfcd612181762e359ab8b4
1644.0,57f99fc34ebc7cb8a2a84371b89552e6623c9e9d
1665.0,6ddd8147382348f4796ac905f0357925dfa81da1
5190.0,43ea21e8306bc66e8f07abc84cce680726abc7dc
5558.0,ebc6f9c4eb51d7898e21b0b09c4a4304237874b3
363.0,265910aae6f1b7d56a1fc8d3df4bd84345becb1d
1154.0,f9208dbcc4d625dee72349e1ca0595fa8273a756
1693.0,da83f2dca70020b991bafd296f6c7b9161e418b4
3935.0,3a7b949d6d8058cdc342dba683bc054d95ed6ccd
4133.0,1718e450ef9549a4fc71b01dba1e6faf7a63238a
1980.0,bd3e71a1eaa2d780c821c6c1625571e1161c1385
173.0,c1225e0f451fd9261fbaba8b737ed6a9603aa69d
1550.0,a41c64bfb97a7bba8ec138345d48b94d8734d27e
4803.0,75f35f558f5a9e0851c05dda85763b679d713ac1
1642.0,b1e44436bc4629773388d25ad9ab7b8ecf43d15e
586.0,5846d6154ca3adf87dfee7ba7294ef35949177ab
2197.0,1e95bf59efd5ea98ef6181793be3b2969327cfc5
5724.0,b9c8db13c2dd5f1e0973c021fa10c208162b090c
555.0,ec48df7f8d838532254ddccae514c4a01526b330
3429.0,d80f9ed72508e566d50b1779f858d1b5b9716df9
