issue_id,commit_id
1060.0,8c597751fdbc5a7082ec6f3053c1b066bbac5b3e
142.0,3ed89e01e495c122283053c3a91d752d0d70abce
1122.0,901812a7bf1667117668e24211a99ab7b867b98d
857.0,7ea910236a39fc9aa74e64515c3795951ef5d502
507.0,f1b60c2a411c4ae4dcb7377f088f64a99d43be99
761.0,60f280b5ad6b2cc4c2419b2c7634d4ae253b53d6
699.0,e4d75fcfb6901af25f51261085a3da6ea770553e
487.0,64c50cfd35016b24d09f1fcf60e8d6fc2d0685b4
671.0,915dd237450120c6b658c95b4a87b575b8df0cbc
620.0,062d9dcc2e262d8ceb4cdbca3241a1fb9875e5dd
