issue_id,commit_id
3563.0,0d04b40d130a49cef0609ac95be48013528e97d9
725.0,3d9055b3b73b1d09f933bfd070f704e9e8bdff2a
1480.0,5ebf1e824da1a35c8f45a8c39591a6ddd3f70b36
3064.0,1096e226ccbae8135085322fb006a01836a19dcb
164.0,0bf777ed81d5296fb722931d35e5db4333e3de39
1661.0,c1c205bcd39ee417ed028c967819a45d08d604fc
3199.0,ded0f68c16d6eeb95abfca925e29bff70b026e10
44.0,cc8332e9d99c08b77614e5acd7bd0e6d08dc29b6
2842.0,81c2a1e47565708f7af359503ff61f16558007ad
2394.0,4c564779d159acadacc078988f7a40a3e5794eed
104.0,fda14678c07d036ef3a1984a4e346e793cc5a63c
617.0,17fc38c397aeea01165275f6811e34989f2ff00d
1208.0,fa610a24ec326bbca01d6453548a1129178273ae
1811.0,bdbca923ef26424f605b4c744131512a5edb0f1e
2321.0,89aaac7fe00f1d8fb2f326310bf813430fe0d3bb
2957.0,4f32c6d4e37cda7a5053aa4f1527b6c340433778
784.0,d56d96c8c253a86b5abe20d92584a50017470a06
3056.0,10d0ed68a342880ea355ba62e8d24efa664142cd
2993.0,877da63462d9a7e270c295d898d689aacf155779
1865.0,024fbe5a6076d0f3f793cd4a66d0b50decdb2a1a
24.0,9248a7baca5bc616a60f9b63b525e872fbfddef2
2581.0,40745bb338c45498ca19010175f341332ab2eefb
19.0,a9284afde97c30d136e8ec675794c7cdcf4ca277
2395.0,bce8ec75ebde8a7f49fbc3a9825e667d7327c64d
497.0,a9e753f7064e38e40819b49a51491e681dd0f42c
87.0,70dc2b66a0d02a23546ad8d48b7fca1c21997ae6
438.0,d626787a3461edcebd38025269f74a5428f64edb
81.0,ed16ae2183ad44a7ba89aedd331a180455ed0836
1669.0,f267191cd81d67de3633b2d5bd4d9bfe4f44e0dd
2072.0,de1652467b0584fe9ee4060bc42101e8255838a3
2119.0,7f288371674b420ac2df8ff2313e3b469662ee41
2298.0,e706b5e5448b837f34d11107e9f9295f0e5a9780
2837.0,827536e20ad2079f3f50db11aac03e037e98503e
2372.0,d75d83defdbcc2e498f816b5cd20dcc24a1b7138
3705.0,fc0aa7ac978b56e83dccde94214b1900a2ee1c3f
30.0,f6da77e894a939b838e02fb744fa3031abfc96ec
2322.0,cb94f4c5d3d4e1797207fd03d20d06c7bc0d05b4
2315.0,898c8621b175ade4c623ec61d04f24e02c05e0e6
897.0,ba36d57729c413ba41aa0b9504f3300c43bcd483
1054.0,807067001f58272429fd67396ba2c2c5b2e85861
2117.0,5b9b180191016044b95896924c7df55cbff7db93
2017.0,f4a1ca8fc87bd28ad75502a78005226899e08a2a
3498.0,a3e4395a42574386a15ef6ca1afa83ff9787608f
3174.0,8ef56c8c6d0be4d4a9e844c723e70810a0be2fbc
2209.0,6efea346dd54fa9adb65fc044d72e5ec8bdf4018
2754.0,8c9df3f4eb593cd4755b882d8f412a13ad97429a
2603.0,83b5625f0c1842a7837bc3326319a64b02a45e44
2212.0,889c0ed1964f48557e532f95f9003c5ee6e2b727
559.0,9d9f240df8da4b433c914e76b6ea2c7e82f3e320
859.0,6347e75deea2eda444c60080fda3885c1fb7705d
517.0,24e01318d31c6a541a44636d3a97310ff814d0c1
746.0,77753e9b73a8ed8f908e2877455f629ea6e7a6a4
968.0,e7c587789ae22a626196cea26340253dd9b70bf1
1781.0,de25e98f917ae441d186e8a722a0f40a6c7458f2
1872.0,fe5f714026b68b1416c3d3985bce5063901c320f
2706.0,8f5168cb31a34c54c9a751cb386b8615e03fb148
885.0,9c434ebc679087ece3d7464e39878e29dabf1951
3282.0,6665c91e6fad7df5997c8f3ae2136049062c1b7f
1912.0,c80ea941d06b0899b8ecdce6179e5b5259e1c5ac
2031.0,7186a5aaf571e1d08a617138867998cbea518522
1172.0,773ad9b92d447102b92492f64d7ba0e708746f83
2256.0,970a8009f1842d6be8c04f3adea3c2ec97d7eff5
3011.0,80f14e30a204a76520154a613998a926f920c0a4
981.0,9f2b3d815ec39279bfb838221580a36378a0de20
1192.0,60fcc05c4705ccafa80fb997dd4e908e56894030
1057.0,da1c1f0d7f8e2df19eb320b176021511b7d05b76
1050.0,32d32249d51f37ec53779372ad23616efbf4d74b
625.0,3fdcefbcda47c1ad7fd3432d0643d127cd2918d4
262.0,eb6549d95a8e9c28f9e4b89c28e370124e7452b9
102.0,38107c752cf959ad69cf4f35886946bc947f2bd3
2324.0,c62b614d9cbe813d7803c8ecfea2b7bf5a6eaab9
3284.0,6d0e79b33afe47525958dc23c1ebb2eea70f25fe
3376.0,e0079490176f080a9a4e52d4edc67e370992d943
3480.0,c12d9f8b490c56fcba7ad793249ab14441c544d6
2003.0,92ce20eeacf5de24803abaf70a3658806fa4d74f
2249.0,9569e8c9562fd6695d5ec83a5e33fa608d5d7166
609.0,fedc96c0b9a1c48d11819f03fc82065336af89a4
2635.0,f808c20139649b747f604492bc33b61a7dd3e13a
3616.0,5b1d47f7e45ca6304009156882fcb6e4ebe55fbc
2442.0,7d4703e98ab64fa29f6ca50b72ca5a4548121bb8
2204.0,1add1f8a02976e070660d9ae0b877bc3f8a36e86
655.0,ab3d9d12c6f16712895735903cfbb136f22aeeec
225.0,8e928a2fcbac6edca918e9d4efccc4fedb418292
1112.0,c048aed65abdbf51955367b95242a53f0219853b
2624.0,4309c7c6ea51e5797604c43ba858e5ebe1fb1674
392.0,7ba5196ba6230feede5afc24d7eff4fd15742397
1882.0,f19d3bd67e0d8213013cf06f47d951c8735515c8
39.0,c6e6792cd52022add8455fc792b2ca73c62d3d65
1869.0,f034d2e271403c7b3b8a1c2728b2320ed157a037
647.0,813149677d2627a9ca462dbb2fae985369b54384
2080.0,4eca29f68bba819494e91270ef27f9c2f4b57bb2
2693.0,d8bf589d4835ab03daee3101a91c80ee648e72b6
3382.0,941bc9ff6019117c9aa341f809bef7e0e54d0ebf
2962.0,70b45094ab3d62b919a84f8fb8376e6614a98dd3
3247.0,d4b688bd035b9704b3168b28fed39c8fcfe3b997
2252.0,9b892e2225bb88ab24f839719ba50575e1ce4de0
2077.0,7bd54e9bd61dc6d02237fd5d473fa92030a1ff33
