issue_id,commit_id
799.0,321a76569d2130a38b2379816c9d00ef6e139058
4412.0,3b0820d747e11a1a7722f0777baf923607fc0485
2496.0,245287fd5a357655f7d7e7f2e333e2e7c5794262
113.0,aeab5370cbefe235c2000a80edefbcfe5d20fc20
409.0,0c63c9539dea0dcaf1c9df389b4b5c42ffa36c57
145.0,c5cd8b9d3d160251e5c352a1aee44ee295f9a8bc
2264.0,9c9690c76cf95df53c1eb2d3ad0360209eb2a50a
1447.0,489c76b83ef8bccd04f113964a346951f3cff1f4
1598.0,a97f28fbf09d2e6d97b626433630df8ca1931b3b
3476.0,f6ce716372d9027a55345027989242e0a4dfebf0
4705.0,cd0d3fd48d07ec3c34fa0ae5dff0af97804da947
3048.0,9f9edeadfc9d8d3422d4ca15b2b13d5b502ca70e
4785.0,6e8d20a07a8c1a1f3ad7b3c3d74b7d37f2b47327
1102.0,0bf1ec160d53746ad109766640d030cf872c17c9
4707.0,336f19f5cc6edd0392c77f38b857d3e40bf565da
2509.0,5ad64204ac0c477246331e9db72024fb37b569bc
4869.0,c292957cb19085137146bde72fe82639591c5e1c
478.0,f0851e41ec7559401c3b6e2a5d42b6a5304f8375
4596.0,1d2b692666f9f5265e4845f8a30f04089515f7c5
2777.0,4e84424f2642baa01b2cd9e4eabafc4b68ad17d7
2034.0,c3109daa729ab9d91dfd9540a876c4a7ada63f9d
1250.0,58717472f74eafa216f499f0c0eb818b220903d6
5656.0,2d1c0552f5910482ded6be4dc7fcfe3690b0db79
5095.0,15edb3f6569827653e87212fce45ad20754ec0f4
5113.0,c5b1ee810167266fcd259f263dbfc0fe0204761a
171.0,26f1d5cb48997f3177a3f833f9e72211ca70bce8
360.0,6994959181941529aecd8dd57369b99212555f30
1044.0,7a745b105c628193018a1229afa7a90de2ec5051
5279.0,afa5881ada816a2fc5555f6272dbfe87f7973222
4972.0,4bdaa54af4470582845206a9fa21779f80a4b123
215.0,e9c5b76242ebbca0c4aaa2b1f0fb9213de46dc2d
144.0,27689009f177b9207b55a3443e2ab459243341df
4036.0,7731814cc25c57fe31db9ba749450cd5a27eed39
3390.0,bafd174a9f174e31bd76493761264f4c81649e4a
4613.0,22bd01237b26defa5dd94a83df460740220c959c
4604.0,092f6fdea1583a9fa31002506a9de22637ef52af
5235.0,8284de5e7613c47e69d40d4f6a2a1dc846b50dd6
1795.0,2969e34e8202a0c3e5fcc1f7750f055872fdebb9
3935.0,3a7b949d6d8058cdc342dba683bc054d95ed6ccd
192.0,cba3967667a62bf6ba777344e3ccd10b5be896da
624.0,ff64584876293620dc097b6115ab6e1c42963a6d
2609.0,b170e9fb96dc763b9b78916e1557021e5e004d59
5688.0,b33244e2f0d877b8911f949308222db0b076d665
318.0,8ea041528f598a222ae070e4c0594c89aa521cf9
1086.0,55a23d102f9432ac2c3b182a16298f79eac60ca5
5100.0,06f3d12c1208c380f9f1a16cb36ba2dfa3c244c5
3253.0,f8f5f463e64114b5feb38e61fb3ddcda39be8a7f
2793.0,dd5ab6c5fe54b3d64cdbf89fcfa2b333cd90f22f
2314.0,7e20725eb78cb34db60944cd1f155522fcf3b9f5
3768.0,c81d120bde53cc57239750f2f79a0082fe909f47
1994.0,ed4b9afbc3027df73078d9719c4c2210f037a87a
93.0,e0de5f3eaba87a6d4d287819720b9a6c724f61cc
5072.0,9a91586f6fe90660bb4eafeb82b2b2b5e155976f
1822.0,9f4fe5dc4a2b78d113e9a42acf70cfc64a9d2d11
1751.0,94b2c47da54fee16246490967110d9597e79e90d
1610.0,34e7dadf38ba1796094c0c76e92ea8d9837681cc
4112.0,15c55d0c1d4a4384fd9725d47c305f52918e3831
5451.0,de0e2ccd7b2e7fdc32071e91e9dcdb4e10f190e1
148.0,173e94386b6afe715cefeb9724da0f1e8c152770
170.0,9148321765e8ddaaab23a36c8adc6af5340c3238
1742.0,505e87258c1033388cbd1793989fa62dfc842bf4
4404.0,1d862e0d353286a94eb52fde91aae2d045124512
4772.0,307e35c6641c0d9cf4b251996ebefd1347c2c1fd
319.0,7643f14c88d51294e1eee99797dff9f68cc63a30
189.0,9fccc113631fee4a3148fe688164d7b750ace45f
275.0,bbde1d0e0b2995507e5c19a63916fa0a4617b420
5014.0,e0a2d2b3c99e6f28c2fe62ce4105d8d4ae63ca0d
1692.0,e0074d7f4d3a7fcff3f3f00b4db7175b7fdf2fba
3096.0,fd02fa808c12ee556b29a3c28588259cf507cc87
1541.0,8dc400c66d2001a28cd3b717355e5e09a5da7b18
879.0,68954fa503cab30e307783773fbcddeef91fd99b
3123.0,f8c688e6f4704437085c706ae471c81a6dbaff4d
2393.0,6320b743cff305132861ce2d7701701471891167
4560.0,97532a9144cc011e5a6ede84fa7d317c3af60131
1644.0,57f99fc34ebc7cb8a2a84371b89552e6623c9e9d
125.0,a2854e39481ffb79cdca71e28ab03fec2288a25b
2536.0,094937bc275a25a4d2406db8eba824ed9450a7e8
5758.0,604ddf82fcd488965639a3e67d9b72bd72aa8a29
1098.0,39085ae18f337cec0bd074849e4b200ede3caced
5525.0,54bfb9649bdec565f9798cc41643ed1bae25bd67
5178.0,4ddc9d6b55fa708becfd70812ea44eb0c6837638
1701.0,b8497513e7a99674be7b37d35b5207738a3d0c60
4500.0,209ab0531599b3b446b686c654051d9335306132
4673.0,b6f8693db90d55bb506e40cceb27ff27841a0a17
330.0,db5cae7c03b803dfe35b1fc4b93788a5ab6dfeba
1498.0,fe15f93e533be36e81e0385691fe5571c88b0b31
1750.0,e328a9b9dfa4fbc79c59ed4f45f757e998301c31
1220.0,65aa9ccc704cfde74dd1169ef0f963ade16a4d5e
5073.0,8c5a3a5189022f2f6ed60f5cdd2f711dda7a7eb7
1268.0,9d1cf230ed1579dc187cd66e6619494f53475308
416.0,2bd5002fb4a3b31b42b050a5765db889f98bc9ab
5889.0,c7730627a0f99afccca11437b0775757c50ca9e8
2767.0,57d04aa9601bc237da4b08777327df241483b389
1800.0,513ba7a1fba6da2f3612e7910e60e44e0fba8af8
2225.0,552368727a7f89778a8c99726c68669a6f700e73
466.0,ab01e9e9e45b284de4c6c8a42e4696f28dddfdac
2641.0,cfb56400b29316a43208053a8ef6d48eb0eb499e
2197.0,1e95bf59efd5ea98ef6181793be3b2969327cfc5
5263.0,214525c2c16cb527a00e31ce47d274266cb5d418
537.0,e2a5310f92b19bba1de1b6f06be6b205d8135693
4703.0,4ee538e44b2650c49054b1f7f4c87ac70350471a
659.0,2c8eceb5b83f4c2fd11ed570e3dfd2841b9ce4de
1415.0,1b9b21119286194a3afefffadb6ea3bf19b4356e
514.0,21a8a9456c90182ecc412a54f6267f0ce92ec86c
2249.0,de1a6ac677354089e57d05ccb2c9982a4bab45ac
3038.0,86c322c3a819405020cd884f128246ae55b6eaeb
1302.0,8b3ca4f250b4d831403c7fcfa72efe7ecdfa5247
3548.0,76433feb4f7f818cfcb4ef70a3f4df26f720ac42
92.0,3286ce4f42c7a663f24adee2a6c57ebba9c68ba0
248.0,3a6b80259d246b52472fddc1b4fb80155317ce78
247.0,b11e11037f94f6fc23c5fd4052108edda6b57d05
3712.0,68d898d49379f5bfb2e88095b96c9c596883e045
999.0,f3110aaed138cde754d107ffc59ab3ca4fb22e6c
4835.0,ded9a5a085350237c2ab49b515140c39e6710635
904.0,0c23b1342b17c420c7aabaafe01d34f3ace98b60
3045.0,bdc12f39949731e69aaa32c36490e1b6e56ca98b
2091.0,1737c15826b4ff1698eb9e9f5aacf659695ecfab
3607.0,4196d4869b8c5c14c9db19290d875fdd9958265d
2646.0,1c0da1749d5250bbd82c2eb76fe26e49be13fb74
582.0,45c9dab15b5f991bb47f7bcc8a836ce8a73ef0d1
173.0,c1225e0f451fd9261fbaba8b737ed6a9603aa69d
2921.0,1d9c8f5295f67160dbb8a2acdd1223746d608d23
726.0,21df09d809a271de3b1a3e00782ba18e6609a46d
4480.0,885b0ad2d4cbcbcf882e4ca506116d5da163fef2
5558.0,ebc6f9c4eb51d7898e21b0b09c4a4304237874b3
160.0,483a70cb5b93476d04ae61950dec12f81a24c7aa
3649.0,54d106033f2d185c8a33a323d19f627c5cd96cca
1533.0,0117c811c954fd3f25ed5c6dc05185c3ef3e18a1
2530.0,afac3fd2c28ac5b16e7e3c95fca5acd1334f8c58
4688.0,61459de476348a2606372a0a626fad6c89c39e31
4074.0,c91390558dc0b17cdc78046f38dd97273a38ee59
5209.0,abe0b37d307d40897ca6d7e61aa5c137c8e6a4c1
629.0,aef14cbf1b626db557e871f8f0d9b3d5f8e43e29
575.0,b74e7dd30aa2e11c0499d22452618c0100b2a728
5692.0,f4e2a10ed6a44300738bd3701ea62b432c9c1a06
253.0,0bf9e4627cfcc477f23fb81edabbad85c24911bd
835.0,ee21eaa6f3ea79b4469e502a308d66c770b404ac
5406.0,f449ee53778b038f9ecb1feccb2fa9baa40e1f56
3153.0,6c3970e6722191b642fd99c6c1bfed0d93010cab
5310.0,9828cb3f0bcc084c99692f19e65c2ff61a06b35a
5719.0,d5b6c236a90aac37b7942793e4943347ebaa65b8
147.0,a59bfb539d5fb08a1a27a4bd63a753b571eaf40e
804.0,e748ca50ca3e83ac703e02538a27236fedd53a7d
264.0,b11a1326b998344a489bea06e0f18cf1b549ce2c
3860.0,488156b15f4958aceaef235885751adee777859a
432.0,e8ee449a2a9c98a193be9194d1bed3be334e6484
3884.0,67ee0b097fe15aefa787bce64f6fa085d38e69d8
4778.0,f173af6b9d214814b1d2a182039052b45648503c
2572.0,fab168bbfbb84059759820ba5134d8406971095e
1980.0,bd3e71a1eaa2d780c821c6c1625571e1161c1385
2464.0,a8893190a10798b61029d141a52fbb8deeb86d3b
2082.0,ff3e299eb0c6fe486ecdaafaae340bb55a0c226e
135.0,180c091fb2a281ab1f79f9897b32687a877582e6
5210.0,b406affd5bc258dc4f0b7b39f78ed4bf256282c7
177.0,c01f81ab44a025be3e20e76e08fd59458bc2e8e6
1495.0,692975acb40c6394424dfb728b1ffa46b3b3c55d
4331.0,88179027de03dd983e69259111ce27111a7916dc
273.0,002abf204f297b493f3fe01335c136bead5bbf02
1678.0,b4fb9d35342bc41a0149b74ecca38c056beaa220
1530.0,451318ef7a4e8ee7837b83e73b158da98f579980
828.0,7183a87c35390a08f5644bb9a2a6c620150b4362
191.0,35e6c8725bf8cdd35c23d41caaf7c88e31ff3118
5328.0,3659a8c8d9043a9fccffd2979176ae32fad83113
3544.0,b5026b842c8e17ac7f28b28b5fb1c72db2ca8a7f
2159.0,1d80efde89f9035acd5f194926c6a44539e302af
531.0,b377d4c28cf39aa9a43b44c08f45bbedfb081b78
289.0,7c712eeda1d9ebc51dba403a017b54428ae3e9a0
4759.0,42e4dbb23de238e1252eb50b059666494418588f
103.0,eed34e88cd6339d62766a471465a1cb75b211783
2452.0,21d794d35ae1347918e6bf5b2ffe13515ea28795
1912.0,3735eb8e5f62a52c5630ede765b443cb1313ff96
3954.0,13735bcf34b0caf60a52e95a907ef390324fdddc
254.0,2d40705ea00bbc0ce1846dbe675c133cd546d9a7
2433.0,d19c4c1f809aae47f12637ea6f465127f728451c
2617.0,2c5fa0c13051c6e963bc1f73ab4c52743efed50d
367.0,f95b164d06d09422fcfaafd214fd0e31ff4ac7dd
5194.0,15dfc8a76f1e806533069c5098759492c1cfba72
1642.0,b1e44436bc4629773388d25ad9ab7b8ecf43d15e
744.0,a069d366529d8fa9d4dcdfcc8bfc88a90d83e4b0
1121.0,fcf97001a577b9edb36188b37ec3bc6f38848070
1622.0,21f638b1396ae1a14288cad87f65c79aea0f4ae5
1236.0,3a4d57b3f52633d77291e51f31353fd317034d8c
764.0,eb97d257f0b3c32edbadd974679bd64f0989e372
4242.0,e2b5cdeb88bd6bc18019082ce16c3cb09973dc45
3668.0,c3b67556710e0dd046767ff3364692afe9509ff7
2958.0,98fb03e8bde18d35e8fe5bb150dfa4f0ad611fd2
271.0,6f9f6f1f16a4a9ab4ba8966f6e74465d86f16c15
488.0,e31fb49320a5a2af0232b98ed509623db8a9b4c0
633.0,690fbdb93c0277107ead68ba4163476ec31108e1
1353.0,cbfb24dbeb82c791e82f1d9249685aa4d75fed3e
2590.0,7b49b9c0f53396ac89cbd74930bc4c6e41d41901
1693.0,da83f2dca70020b991bafd296f6c7b9161e418b4
