issue_id,commit_id
9891.0,ce13af5785bbb7a2be7d42699cfe25117177ddc7
10461.0,e6cc185af4dd0b5f56fd4a3f30c0933bbca6e284
11722.0,994c4bb338ce440a27df5db48b8f5044a3e8f611
9478.0,5e797436c3defd2d863ac1ffab11c48dbd42588e
11124.0,f60313e29657b2afb6a02f28dba5936bc0dd09e6
12313.0,304b3958cf0787b16f4d23e7e45b26c6603c7fc3
11085.0,a9d9595101f7e38780f197dfde643fcfcc0814d3
12721.0,2f31fae720b25c60d15e1f30d17dca8e320dd92d
11153.0,adfec1e8440b3af64b642ea75bdb21bbee70cc80
9733.0,f7afc73780ffe89abd8dd08ebd815cbcf56720ee
12541.0,ce67a90decbe2f26f9ac9597d518f07b01d0c293
12533.0,adaed1f84a0d980a660eb7d5ff271408374e5bef
11114.0,c913b6da92f6ab9a3f4c897caa4085e782a14680
10887.0,aa8d7f76a047b24a97614524d29fb5070cf549c7
10158.0,528542176f70f9a889e84e4494032f42a53bec67
11254.0,4dea0f867aa29c4e6bda2a66cdf1254adfa20400
10749.0,1c4bb1ed8286b723d99b419a6a5e63286353b149
11263.0,ae6474df5ee2072cc056e02803c3b58efde1f5d0
12253.0,faf0e02621df87abde519466aacc130157e29c6a
10921.0,0151028441d30525a0a553eb7fab4b08269e8266
9834.0,b13326498e7cf7338a397f93a75248509256adc3
11975.0,88cf9707530f9bb3246779aee0138e49efecc500
11820.0,0cfa5c2709906a7a76f552f71a562f899e408695
10422.0,4f90f95fa5fb087445acb40c110770ebb3817b28
9390.0,8c2944e00121b6182ca7e0ee7d9e6537eb3e56e5
10236.0,2eed2a5d688e8720740f30d281a18fb2c13a15fd
10916.0,e6817ea2cacff41f2b11b5c148a8f220288fcf82
11391.0,8fc8a1681332cc4c8b05260b20ee54fa1589e3d2
11668.0,cd44c6e0aaff4bb52a060d778025b32dbde09b44
11076.0,23c20f756be07a9e92d9513181eca850fcf2af62
11115.0,cb9d79efa87043f76989ed530de2bdb4b1fe8d19
10946.0,6746bda3dcda273580fef2d911c6cc333c8a626c
10034.0,49b9682b3570211c7d8f619f8538c08fd5d8bdad
11504.0,b7fad0752779177e0968f93832d8a5b302236a7d
10212.0,a07d9f3f3665ed79401f37f0c5759f271268a34f
11513.0,2898da6cfcc893aafc0b9016f934ef08c196b9d4
11437.0,b9a74813081303399e8fce0f9f5f37f6a8343b03
10797.0,4db04d8701a64ee249dfe6ce09ebd89063bfb99c
11140.0,5b6243485acc20cc36f2db4f258512c332d691ec
10688.0,75114feeac5ee6aa7679802ce7e5172c63565e2c
12540.0,78e1f57c484da15466a34ed543a1cc4709617a2f
12228.0,3e6db0e99ef56b23b3977b5969413d0b636a6fad
9642.0,c08ef613af27da896cee168daeee5c6fad1980b6
10552.0,5a7a789ee9766b6a594bd4be8b9edb34e71d6500
13322.0,cf9595ae20be49917f2a19b24467e822ac878269
9639.0,068a680480ebf27ecbe57f1406d60157b7d2df38
11914.0,c1c4afe60b1355a6c0e83577791a0423f37a3324
9789.0,1ee31ee45cc3386cb94bc1f5014f2687da1f63f6
13289.0,63c0369b2466cdf6002b821351b3ea0ab42cd132
10860.0,672a873ffb344dfa030103cad69bdbc948184e8e
10952.0,6d30ab70a4f116554aa610ec1c00a6bc5f1247f3
11588.0,d78c982b326adeed6ac25200dc6892ff8f518ca6
12669.0,6b8a3bcd79beb264794ea72fd7a86c64c3f27736
9921.0,0bcd9061856d699d9054f9475b5e59c51348319e
10967.0,d88f2006af35179b986479ac6ad5a20dac8ac9d1
9570.0,62c395e7b6c7eb405614969035407560c82f5096
10845.0,f6fad22671db9506acee34b9fd33361de78ab148
11629.0,29e740e0965be5f460f67692a284a9a2deb6bb04
12568.0,7c7e51ea5ab47b67cd68374400051dd022bdc662
10931.0,bca4cc4df563a1d72b91460bc29cb18e91d14057
10647.0,da5a6ac579dfc80cbb220bf092cd151eca7ffb2d
12858.0,0a0ac3fa5462cf4a72636ca4498a0a82ac91fc32
10912.0,b2f75b7a3d1da174a4859b1c26e2faab99041d29
10698.0,2526c85ae17d83cdcd826ceeceb7643ae5cbcb2b
10357.0,bbf4283457e38859d6dff5a2f0990f8347799e6c
12146.0,55e7875354416c04719eb60c7db2bac78f271df4
10468.0,a2d11d4724d3cf4a0b18a7fe8448723d92e1c716
12056.0,e4e342f70dec046fdb1a092e5a12c565f37b9ddc
12029.0,34bce5bac9f434dc501f4cbff37b44680271a337
10174.0,44fd649069bac653accd0a47550619d69015a91b
10130.0,08c873669f39b37743014db99fcd2d308f8ea5ea
11289.0,5a24ebbb432dee986d6bf1c3442da5955a9bfb73
9816.0,2c8d1d03599cc03243bce8f07ed9c4a3d5f384f9
9696.0,aedad3986200b825d94f847d52bd6b81f0419a06
10046.0,3b440235e237ef59ec5763c413e7f4292dab5d79
10012.0,b076e227da6beaf87d6c84eff1a92285e4662acf
13196.0,a39f10acf3eac5e6ef69d084616982a4d4ebd8bb
11499.0,5a8f346e64cb432a445002230246ee042dbc278b
11636.0,a9cd4bfc8fcc7ed43e092c84415c261d30e9c79f
13265.0,969db5ad69b3efed0ad6bd293812c1c08d71feb0
11491.0,6272e662ae0c99ce7cad912992d4c55e22c8a369
11497.0,267ccbb4a76913680f4db6b400e05dea7aa84db7
10743.0,aab55e649c34f8a24f00ee63922d049d3417c979
11551.0,08a6dd04f9143a04ee77af1128eaedb3218c6147
10972.0,1a2290ae91a944416ef8eb517e97b21733c9681e
12007.0,0505393746d56ddacc34bb1c016dba79429c9ac9
10959.0,d8796e04f8f8a814eb8ae3206624b5c4b47362f3
11049.0,6f53d0ab98e0fe0b7d51eb5a14eaa5b04dd91925
10410.0,a40f33556caef1ab0a3f75758f194728c804dcd3
11202.0,630a3a877c3c96ce39be7b0611570466c8c9f447
11036.0,3b7b071bb7b4537576306f00703c5c409bedbb43
12323.0,d48e97079914d897e82ddcb1a45261ce4415b8ea
12632.0,261bcb2515a82ba4c96c03e4960c03195218ddb4
12287.0,cf6ca32e7ccf05bdfb35aed80726265b61256ea1
10523.0,d1b40b169f3d70afe4db539d140d6ed374dab21e
13073.0,3bda5520b787f84f687bb116c460f3aedada039b
12498.0,f0a24a009a392f71d9dcf4fcffe2ecc9e9f36c86
10812.0,4ba641806b4afcf95bece96c3b15e646fc092161
9656.0,5216360a3c70b0f4d685966ef449645fa131ade8
10373.0,67e242d926b577f440217d9d10b890f54bb875c3
10006.0,b26fa3b63870b6160340bfeeb384b8d812dbbd15
10035.0,a1d544f4a156373b1c9e72d3af0bf87e4d81d90c
12477.0,029461c7d1fe7a6927a6f9d0fa13dbf49543b413
10189.0,a6afe7c8149c61372b2aae6ae331d1584eb8a19e
11768.0,7bee9a18d83899ce6dfd50c4883afc678139f4ad
11147.0,40a9ecc684d2c5e7fdfc09f46d0912940b74ab63
11378.0,02c1f8865684a055416a93bdc8a7bd07c988a09b
10153.0,978efb61b9cea47ddc2b5226cefee2a890693557
10209.0,14ff5175181e680d75b8d4ad6fe0d7d4dd35beff
11199.0,98465b85d020f1326bcef7632f1261a9a7a84e92
11002.0,8e8f989b850d37a4cbec7a0409343262bd963d0d
11294.0,2b963e5ab64166ecde96c2828b937414fa9bf4e5
11373.0,6dff721a3a8755356b2e89d02ef63ad8ab38ec95
13037.0,ee3997f2e6dafa5e1fa93b71dcf428a29f8066f6
11187.0,6c92fa425e980f2a2a83bee8bfa5b5e4113066e4
10020.0,918c5991faa21cbb48de07566124c57cf16c0cf0
13467.0,afff7b4326f380a54c73400d1e2ae03890162bdf
12546.0,ad578c4c19444af9d1f0e0d51a8283eb0db1a264
11412.0,37c0c1e1975e23bc96d31ed2c990412d0239a406
10194.0,8532744ad3de309e807ade1b9b6eff9603305b1a
12193.0,7a4c2fcdadf8ddaab1cd7fb461fae58bfa36a6ea
9384.0,173a1a545954bae38e40f4fb0bde228765a9b059
12336.0,c24d16af155e20976bdf61e468ba760408e676ff
11166.0,6773d96ee495e205552551b49b08f2d927d36ebe
12459.0,91765e700b1d5e465fcb56bd2c2f56384bc2772d
10077.0,a637960fab61b66848a36e6a5caf0204c155af01
9996.0,ba8b3fca6e9e4e863bb80d134946be1b60463718
12628.0,30fe4ff1f12ff0c45bac8738b4d2690eadd056b2
9398.0,4eab0556d29f11ff41758d80c15d6457263f6a93
11222.0,32fee92df5fa21e3d1ff6375f7a5a923636c311b
10957.0,79a48bd9ac947dd6bfde19f24c4bf88b0002a5a5
11394.0,c2244d2a4cb5f86968fb117f75469283a19b8a24
10713.0,f86bc57d621fb0325e928271b246d197611b0e65
12904.0,b2f989889cf7f68f8573eed70875e283dbdaf2a8
11021.0,66f8cc7ac4942f7f9fe0164a2a854a6264b87735
11901.0,8f41e41eda6e8ea96403cae5798a5a89c8bb5605
10997.0,f06c7e4dcd9d3044580dff155cdeb4978e622188
12226.0,8bc53bef4fd373d0f4276d00793b9a35fb1a4ef9
9601.0,853774ada4aa191ec8ad2f5a3484fae46920bf7c
11392.0,e15533e6c725dca8c37a861aacb13ef149789433
13477.0,ecac367b2372b5f2326fcd3ddd11718323427f4e
10794.0,ee02d256611b17d11e37b86bd4f618d7f2a37d84
10802.0,20384818e1c95ce8b575c32a6800d3adf7f25a92
10968.0,96c3c195ca805758e094780b59077bea9db99f41
11305.0,3e772defb7781955be8c5490744532ccdfc1dd3f
13255.0,2bb96b6fa782abdc57c4ebe07b28cdfb98c49e50
10913.0,695a928224bb8d5efc6483fce1c40dae65dc7bbd
11244.0,3c899337c0d4c895308239a04cead2761822bee2
11395.0,f2b261bc2555773bd88cbbeda976f98e244d02c1
12288.0,bb8e377ca10432d95c142651a355ce440be80557
10087.0,24e7ac0756aeba06ce1cf7f7e72219a11b14b101
11974.0,425e99a9e3d00c7d505d585e00e85ee716e3c350
12221.0,c55ce21fdd4f55709269140e068cc840a7c7ec48
10416.0,52f608cbe7cf685bd9f92fcedc3ef02ba4292dc6
9865.0,af804d0a5db9a8f20fbb083b48655b2687ce89d9
10724.0,d2803c0fb7d0ba9361dcba8eb9bcebbf2f774958
10427.0,2d183db0372e5ac2a686608cb9da0a9bd4319764
13144.0,efe72ef433852b1d7d54f283efff53085ec4f756
10871.0,812c9fa61a7cf5a85cc360ad2d85b0a7a47d33d6
11521.0,ca802e1b6b9fb47194fe62c2fd0df03de1002c84
12211.0,3fb9df96e03e4916e9db1c2594070bc6afa47f35
9442.0,06eaeebecfb73c23bfd531013ca172ee3bf5069c
11986.0,6096ded90df902e1f8a21f666748a03100d140c0
11196.0,02bc5010a04bb11c8e91835cc9775c8149dec754
11181.0,9a9abbac2ab66ec2fb6dfffea3249b32fdbbc894
9578.0,1c9a49781da2101507db23e2014e4e5d16bd2e52
12536.0,618edbe595abcdca96f508b14d9198d68ac767a2
12466.0,c8b0e33c3edf7e1f70b2fbf60a250909c917d55e
12322.0,979e880c53f44d502cfc3648740bcc1300d6c4f0
10908.0,cf7d3d259f93b1ddbc601208280a460ee3379591
11398.0,f199d00ea5bb2230230a34193fbce7ecb5a4d4d2
11960.0,2e0de19d629e2eb5be4f614049e5f0d32887d155
10801.0,93cd2400ef005cca2048e1c78a84f24cb429e0f5
9817.0,ef13db05731bfd53fa0a877637c99c1734be933b
11572.0,314c4495a3a091867186c62b77b33877c238b0e1
10038.0,97d5fa920e4f8248128f7c1b460fd9bb20d3478f
11466.0,df8186833fe47a6fd4b7dbc52fe12f9df73609fb
11051.0,545acc4b66b5fb0ed5457ef7288d836f022c118d
11529.0,e47a003ed160d829300f6782a2e3ec014c739144
11278.0,6e004306dfe70ab499afc04c31808fdac594ae08
12009.0,5c934bd646b0781eaf03e5b533ad2b6bfda401d5
13355.0,9ad5a18fdfe7c3cb7ff828bc1d6b42b75660db6c
9599.0,839d3dd0b598ecf6f2e93b9f9068c2e21fa1c97b
11203.0,88af7d0c97497b5c3a198ee9416b2accfbc72c36
11564.0,140605ee0f08b7996d69a61610782f48766776ad
11563.0,1d10fe2d739c48f00404008fe5754d2807bb0fd6
11154.0,3184efd620840fb6032526df32a09185b7ae18e2
12254.0,2944988be3ce0398c1ebbcce3f2b57a6d8be05df
12775.0,93b0f1ca916a693c98e32c23a94a2893574cd58c
11234.0,a9e77534c889e378eda67e6aba10632a9d30d629
10339.0,c9cb6087394656247b13dbcb447135dfcb91685c
10134.0,84e168b5fa55933e02e767ff7c86fcc0232aecc6
12292.0,ca5a4e3d6954eecc2910145111dd91f37d3ccf32
10342.0,52e3f9835c1a25a8b895773f64524e27a5ae10c0
11561.0,6207edd1477696f4a8a1761993544d72d766bd8e
11061.0,1915f106fe94a65cab3887c5842cf520f8adedf3
9892.0,e73199d413395d7ede0dd86c06f7a9ad2d1fee17
11011.0,785d6e396ce81575bb155bede412a6182d5f22ed
11389.0,885ba629acba8128fd40b0af92c960b99ac5b827
12000.0,3821c77da30e420fb78231d306b18dbfa1131fb7
13280.0,088bda5902fe6f663a49461e41bbb57630cad681
9563.0,830c3633176bd7a22955a0264b79242c41f862b5
12903.0,ab3ef6f3f0b859e5b501aa696f388f277cb31de2
10679.0,d18c564548104c862892a1f73423e333f11f7ce2
9910.0,a053416a310868971a5ec743e714961e28d78c79
10930.0,907e8035656b0597a7a2f3cc1bf237a8cbf48821
11393.0,874f6db89d70b3c0221034943b2a427d88b63e81
11622.0,1c221934aaeab20ed5b6fa245b33b00a8b557533
11559.0,58432f2c78cd5bc1d9893c63b3cb8977dab31670
11384.0,dc9e510192d0a8a6f6943cd46e9554364d4dcdd2
12751.0,58cebe948addc7c4cb8762b2e67c8ce656a9d957
