issue_id,commit_id
495.0,d90f0afe39724040d0be92df054e2b1438886134
3541.0,f991a898100359684111be1ddef7bb60ab6f0f9a
1860.0,047efac537abad9e3880f545d8b767f6e6be3786
1138.0,1d55b8983efdc840b83ae6ccc4e496165010c8d1
3082.0,0b5b4a66ef99c8b91569dd9b9b34911834689d3f
427.0,1d1db80e062bb576cd542a7a3ca990360c5b57ba
2555.0,05e3840cc2a3ac6233edacc75fb38ff866d6bcbd
294.0,7155f11a723695352323d484610b9a1c6798eb69
891.0,544118bef94e647258a997ac3b1ae04625164ed7
981.0,9f2b3d815ec39279bfb838221580a36378a0de20
3142.0,8609b7d840b2430ade985465d87cd9e2f09d477a
2296.0,88b0213357d5ced865d5bfc4d54e9b14f2bbe146
743.0,3c5d7bab26cf63b677b23ad9f4620e3bb6bfc706
2282.0,ff361d32a9154531e1796c2e000e23f9d66ddcca
2668.0,47a00864c35f3266fa098744c65496bec601977b
1532.0,671c1ee0022ebc561a86e7c18ba97b2b81c24ead
18.0,8d49440d8b881b2df2c10085a58d3a4e4085147e
1010.0,8fd1825551b28ee967246ce9638fcad763bf616d
3391.0,4bceeccfffd09cd6d02489988444e25b07f32ae0
1050.0,32d32249d51f37ec53779372ad23616efbf4d74b
571.0,9a0f6519aaa14aa8f6d0a076e269e8ca8b1668aa
1222.0,a1b273658da6b8ec1d8106d30dfc05e1c9542406
1911.0,b8aca21a392c367522eedb93f248f68005c84908
297.0,a950f936875fcf7acd64e66273485f770b09c626
2934.0,38a391815b4936e9357834bb4924e09fc4384e9a
2414.0,77b98a2762b358b1e90c350a33971a91f8a9375d
2149.0,6c9ff85c3f3c98ea85da5f789c092ad7926af0b5
1621.0,c72e7c7c70f1553295022c70d5058ed11932c16a
594.0,ee76129812419d473eb62434051e81d5855255b6
2222.0,c935eaceafebaf167f6422fdbd0de3b6bbb96bdf
856.0,5207c69064898f513c0b08110514f3fd39e5a4a5
3246.0,3db469795996523cf834c07684b0eff540227aba
1996.0,78a71a48dcb71cb930d747d9facef0dfa5a8f022
3376.0,e0079490176f080a9a4e52d4edc67e370992d943
2436.0,c74f46979a8b8358437bd7f76e478d04248a9c72
1264.0,86525d9b374efd00a97a9c3e9586425a356a6bcc
997.0,ff3ef8511ed7c507ade5ebdebced7177665a3414
19.0,a9284afde97c30d136e8ec675794c7cdcf4ca277
1144.0,60260eb0f0954ceddad559161445848214a50ec5
332.0,f034d8d3451f590fca1badeac5da0230bed9b148
1342.0,1dcad60051d5f8ce833b7ab6a37529c6c4a96d96
1942.0,17685da8c069a1698b893cb6f5e41957f77894d2
859.0,2aa26fff04a98f2435e8e3015e92ef6108d3b485
779.0,05dbf52fa586ccd86a7d774e918faa5e9ae414a5
3174.0,8ef56c8c6d0be4d4a9e844c723e70810a0be2fbc
102.0,38107c752cf959ad69cf4f35886946bc947f2bd3
2354.0,3b678b7927e38af1f50cfaa60e1c2fdeaf391325
739.0,d395d3684a6b9243ffd9091ea9b28275d90aeb91
2238.0,78cb96fde0ffb9d6ce67b8f5c850c7a60cab86b3
