issue_id,commit_id
2622.0,f9c6f389ac71b1354a07925785ea4738bf5ba496
2990.0,3bf80912cf959fe860528f75031fe9e4612e3848
921.0,76e2f9cd0396c71eedf7e3b1dabf60f36585722e
2305.0,54a18a5e94116342b2f16a8d558cce366b644a64
1138.0,1d55b8983efdc840b83ae6ccc4e496165010c8d1
2957.0,4f32c6d4e37cda7a5053aa4f1527b6c340433778
946.0,4d9916e1a6e26e33ce2360f1d7ee41d95b79d995
174.0,04e70bd5c7bd80696eabaea11afd9080d874f859
2442.0,7d4703e98ab64fa29f6ca50b72ca5a4548121bb8
42.0,9d98ad5e079b88fd9da87e47d55a11e465ab6bb0
1801.0,8011e1de28c82e5ab5c9727d10bcba997e8254ce
228.0,e3d577cc2a87cee4e45f9939df1d6d5d99f4d943
3059.0,4d37acad21b3877f4881daa55b808b809a391e84
2343.0,90389140cc192113a0c08c54a2de22a41a397702
3199.0,ded0f68c16d6eeb95abfca925e29bff70b026e10
102.0,38107c752cf959ad69cf4f35886946bc947f2bd3
1679.0,7b1ebfbc4d517c2b9de2e4e4ddabffaead1190df
3113.0,5cb4b731671491941bd5d877f222bf5cee71869c
669.0,6fa449de00ae89bb1d1ae5e6f793b60d32c1ba76
1594.0,3f6e8c6ad586caf6a60bc73ebd52838a73074ef1
1341.0,eb2a4521ff838ceb291f6f30f41ea70e3f552032
2774.0,03036533f021c83205be4ba5c826a33322dc4d78
2359.0,f29fa0d56b1e971ed9ac303806d7da153f6d6fa9
1846.0,390cd5e4eec8340d74e8b72b2d51a5a3eeef3842
1325.0,7ae1c5a8b928f29477796c24bf62e737cd577bcc
2530.0,03a2996bb89a0f35f82beb389788539ceb58ba46
3206.0,3dc84ec4609de0c08fd159ebe991453309952fa8
2175.0,9e2807da76d756ca84b55213e799a124beb6a3fe
2316.0,ce813ae5214acc91b1686e09559bb3fdc28a74e9
3282.0,6665c91e6fad7df5997c8f3ae2136049062c1b7f
41.0,854e0e26d16408760072308c44b9160a9fb39abd
1573.0,c0087204e5b83ad4e3983d07b66d17acdde0b9de
660.0,94a9b9665b6a0a5b1aac46c4212da519205a22ad
862.0,4c0253f9fdd4812b979532f1e24b7f0ebbd1626d
1000.0,872094c55612976bdd3de9094f7f8d13a38fee48
3244.0,b61cbf8ab437574d4b041e49a214240b650eb1be
2350.0,c7f433c49bcd752a057020ba58672b6e441eec21
3684.0,2fa8eb3cfebd7d797f8d27bfd05ea5f63985665f
81.0,ed16ae2183ad44a7ba89aedd331a180455ed0836
702.0,ef62e8440e050bb8791505f66cf48f1b756571b1
2691.0,465b48ed4e4af52493df1febe4687f53032a5e0a
3616.0,5b1d47f7e45ca6304009156882fcb6e4ebe55fbc
2271.0,255375d72ce4f0eebb2ccdb7d10591c9abbf6d09
3315.0,b7f6fae9b34341b9be7742b86f6caffe07fc6f25
1456.0,e7d548595e8f2f03fb58c827bef8abae2f84aa59
2699.0,746b91dfced525651c9b71a3bd075a78d2b9262f
1079.0,7cfe833a50524e629542a82c8cd35b84cb1f9e9c
1062.0,16a7dd06aade99d478eb183e89ede87d4b55a3f7
2752.0,ad09134c8e124d8e53171b2cf6bd75b8f2819188
1010.0,8fd1825551b28ee967246ce9638fcad763bf616d
63.0,fe35105bec80bbb7cbba1b1d6414612fe85873cd
388.0,92dbe3153a9e0c007ecd1987ccd5f3d796c901af
3031.0,aef4159588be8bc245243c80e5032ccc79092f42
582.0,18413ed1bf08261acf6d40f8ba65a98ae586bb29
2075.0,ec9717502f36126b8a371b73a5730b2092948ca2
3369.0,200ce9bd39c70a7782ef8ace0338ad71dbdb175d
1338.0,5fa76f6800fb81a621b63c42725c5502e2520302
625.0,3fdcefbcda47c1ad7fd3432d0643d127cd2918d4
3157.0,2c68f86336dc8729f58e8e19af0f49c269c1cfaa
2307.0,cd593bf117b7747c5c5b5aec8476315f9b2fbbdb
1823.0,e83d608d7d34c7fe8b98d468eb5d2c579ca3b7bf
1631.0,0030f637c5efe5ebfba35b95f1ce592641d0f969
3129.0,bbedd6454094bc26edbcc95bab1ed3d05b4085ea
591.0,39329bfc0788e1475038f9c65cb350daa45b39de
2286.0,378a11f99275a6b80d365a5d51d469844bf9ca17
2261.0,c590e820aadb9134a7fb19fe32c8ddae37199ec3
3579.0,cf5b1d028342a2f7c929a23d53367addf106064e
2686.0,abba4b2a74634bc33a85cf5d512de473f0a3bfaf
3498.0,a3e4395a42574386a15ef6ca1afa83ff9787608f
414.0,8d7ca29a3554d20324ed9c75d9c095dfa8a8c439
1869.0,f034d2e271403c7b3b8a1c2728b2320ed157a037
1886.0,f0c714a01bbba070dc0c7e034a2d174b2e904d16
1135.0,9d64ff420fdde3c6eaa6d573d41da3b2f587422c
489.0,2a6c80a37d8a13516499be791100312576cf34d0
2222.0,c935eaceafebaf167f6422fdbd0de3b6bbb96bdf
3044.0,446cea9221e4f6d368a02a90cd105db0f8c9c7c9
1902.0,17d4cb3828b9520be6c4e64e6b7548a561aa6e7a
3178.0,5e378b4f28af344702a65fcce85a7d8574674860
452.0,2262ce4915aec0dfffa8e71244ebe10f72d11111
2759.0,a3272941ce76a212e9d8d55722a0b230b963411d
3691.0,f32f19162c936d94fb88f28f17f43dd9f195792b
2249.0,9569e8c9562fd6695d5ec83a5e33fa608d5d7166
1714.0,2995366dde63b8acd1f246bcd5a4cf7d61f0c1fa
2331.0,471c7f3220f45f60a56515f9c1dc55c794b6ff36
683.0,aa83d9132fde44d4fda5b34bea1f0872780746aa
3711.0,6638432457320fd2db9c74b9135afef370ed96f0
3068.0,d7a1b0157aae0e60983c51c6f255772be11d43f3
2394.0,4c564779d159acadacc078988f7a40a3e5794eed
2593.0,c3a997864efc0dfa725f21248ba0fc21a9682faa
815.0,af5a0853bfe36d547af93b904729a43fcf8cc55d
1872.0,fe5f714026b68b1416c3d3985bce5063901c320f
2252.0,9b892e2225bb88ab24f839719ba50575e1ce4de0
380.0,1f20a11284e3e9bcfc08939c48e3ab590da7c7a4
2668.0,47a00864c35f3266fa098744c65496bec601977b
2854.0,914a033586becc94a4001a448107f02d547d81d7
3142.0,8609b7d840b2430ade985465d87cd9e2f09d477a
