issue_id,commit_id
1723.0,2246280bb6f71d7d52e24aca5b4ce955b3aa1363
1132.0,fb85bd4b10aaed442e3605c9fae9869eb58416bb
4808.0,015c82b974841897a637dcd3ddbd40ab48a70ecf
332.0,6533115bbb47faebe3b084f3ebf322ca5cb73af0
613.0,0bc2cbaf09b35a8db08f50782245413441b8ae9d
2369.0,9755ef933a9ec12e2fc659323a258fe09bb3405a
1112.0,0c74821805d7f74a1835e58051069d4016227f6c
5731.0,04a1a4b7303632268ece2b749e3326790d0c9f8c
26.0,e95a28ef3d055384a1ce1b14029820143c1bfad2
4365.0,49480225d740d3a4618fb49032f5f1cedef16b01
425.0,339861367e11353082ecedfb92355b76e2f088b7
130.0,69078368abb92102f886464fe8ccaa2edde6d3ab
5739.0,b1dd893fbb4d2efed3342e6c98a6bbf4b393d48e
5074.0,e876d8e38780a88e4c1fc060e3ead779222be83a
107.0,1c5294bee1eb85dd1d0b752d5c5d588803c0b6d9
3920.0,b01d012b5a9ee032487930c324cdba56c9837e51
4307.0,58ca8bbf6d1589bd0c8cc1ebda52299346f55e8a
4385.0,ff8e826dd66f81cd61daa1edbf58339edf8a9014
3377.0,51767655895f7b893be4c91df37a360f8285f056
4718.0,5ac135f036baf13883852b726d8d4fa92158897d
4814.0,39bc9a4d288f3b8e6816ebdc0b68b4001b531159
5457.0,8c3e5a2421f639f36e9b907d69d4d48b86447e68
450.0,2318c56f14cd887a358f80768cf660646d6246d0
4982.0,de82ca85476094aa257ee4cfc0ddea4f379fa2e9
259.0,f5b188b17990ac5bce43da0aa05494c1fc8937dd
4123.0,93385e647a2354b5ad25d6b66aca215b402d1ab4
3928.0,fc98aa6b671cf55b62efd93377b8cb27603ae24f
779.0,a653bf38be0ff64daf0f8ef9f5fa531f9710c40f
5634.0,07b079defde98faa09db244b58dcb3904f2887f8
4742.0,195f738bbaa7c090df795161390056c3c6c7f1f7
5761.0,034dc8f10bee380af469e1af8bff32f5d085127d
1962.0,064f05349ff0760521332e17d4c66b621d8bb965
61.0,2b14251510cfc802e6493fc477602e9a9266a00f
251.0,5d4e0655d089cf0738846d219a573ae4ab1cf405
1049.0,ee179029237304a11198d0d2e784cb80e3014c01
3961.0,5f407cf6579898f5aedffa579ad6db493d04dfa4
4623.0,a8e08d51cd50e8f0b58a60992d310e56d4f71641
4267.0,9a28eb0bad1acf986d997905a410058f77911b7c
330.0,3eb5d5e931baab64ca2c2c5be9ffac1748aec32a
3405.0,0007cd032dd74ad1c4cffc7f9a1781609786e547
233.0,9f01e3e79e5e733d4809821f6f87e170841795fe
2094.0,2dd1a9e3bcbd14e56ecb569ff2b10eb68c48bb80
3308.0,64f48efa269c60c76af4ff381b8bb14dda19b3d1
341.0,891fa980d2e44c87c42e4858482c1b4308abc795
2190.0,eedb6ce77468adee6817258eebb81ccd93d6a5ea
134.0,2571e1b7aabbddcf617dc3fe7765cb3ca373c32f
3400.0,e45ef7dcd987f00b94e94d71593f6b3664ceb89f
2989.0,b8870ee8a10360aaa74298324d97c823b88ec5c6
3367.0,c8f3d07e86dd41074971b5423fb932c2eda6db1e
5203.0,bcce0660573cf9309e3decf853488da2ef8bc576
4684.0,e7a58fe1573176415a9ca054428c53c1ca29931a
4543.0,77492cd94511589e14716e726b90c8b3a8c2ba9d
347.0,9ff82d6695860d57a00b6ecf9c63928788d303fa
4016.0,17c0d72d0488929f4788a2c4a9951842dbde4833
1829.0,8aa2e4f9976d31bbe3a0014b4f1f96ace1b87043
2.0,faa12d1fbed92f886f490cc3b04f13bcdb3a16a7
1147.0,e85679fa6be2792ef910a7caf8cccc1cff6b73f8
5801.0,88eec7a417c55668ebd0b8242e59bc99721d2816
3563.0,3adf09bc4f1468f54a703481d6d7ebfe25b6f232
4347.0,c4ee4b6075fbb616272788b14b70f0af63dc2877
285.0,5c18f02adee5afdca286976c25a9353c77785545
5173.0,8e7d2ef13312bfb4ec5e1800f00108806ddc12e8
4205.0,b18357956447936fde373a00ebb72ce52cbfc6cb
4056.0,8cb53441b0c86925639df39f8b742dfbc55724ca
334.0,6f0e492390ec6c59d3b0d39ff5bd2ba3bfc51bc9
4874.0,91a8451c981fef25b0915fa06a4566dc880b6e16
1359.0,7d187735ffecb0f49cffce1a9058961146212f59
5807.0,30c0dc7ac552ec73f25836562ac2dbb913ef34a6
2625.0,d7b26edf6b419e379a7a0a425093f02cac2fcf33
4188.0,f558df2558966f028f773307cd5ae39a2d59e57a
2243.0,41cd9f401f9dd9e7eca1a46a4ab2c38fadf2effd
232.0,1d5a7df125fedb6268cb9042f60ba49364a02e30
51.0,61df6b46917ddd3483997277b350fdf1183f0b7a
1101.0,ad36de4e6278cf635509a1ade30cca9a506da682
1725.0,85f0596c43781103f30eaff13b567942ff967e00
5508.0,517cbc8d717d5f10c8e54114fa32dca6f54588a9
87.0,900bf08fb652183ac9ea33d87735f3a0b4343b21
1380.0,9d9d4238aa8c0b6009aca689b8c23cb8bdab8fa7
218.0,acb7bad1ff4037b4a613ac94e2d3357bf92bdb8f
2762.0,d847e65aaef68009b1ba4c12e45f34a7783dcc5b
777.0,36d99a0739059668b9cb3c84ad527d29a18687ca
2292.0,60559369b539a90bdc624c7b263c42b4eddce335
1386.0,dafcfd5be6040f0e2cc019dc01cb7d38a2bd24d2
5881.0,d91183738920a8336babc64d514fd28de13feab3
193.0,54434095fc03d5ad12694779f9e476ded28764ed
472.0,71ada5476e5b81d9f42e607d5bc0b7e2baa8ef93
1396.0,71c6bd920ed86624a490c8db87b63d8697827fa4
1318.0,b4e382c867fb36c1cc9883a84abbab26678eae01
2485.0,c275ceb17ce10968f96ab9e97f0dda85f7aead8e
3517.0,e766bde3a300ada7c11cb7b716162ec07a44fee3
687.0,21bff7b3b366ac3fb81a225c5c5bdf7d24dbfa33
154.0,2f8c052484c51ba63037fa7256c027e4376fe3bc
1243.0,5beb9d251c21260d4de9930b31e5f29646b6e4c5
1740.0,4c9a6ef3ce1e7361206ab33ce8db9b1436032ecd
228.0,71d7df9273dae5da8765ca4dd7e7ed4dacad5309
3115.0,68e45d32e0df6ddd89a784641fbfbfee09351b67
