issue_id,commit_id
2622.0,f9c6f389ac71b1354a07925785ea4738bf5ba496
2990.0,3bf80912cf959fe860528f75031fe9e4612e3848
921.0,76e2f9cd0396c71eedf7e3b1dabf60f36585722e
2305.0,54a18a5e94116342b2f16a8d558cce366b644a64
1138.0,1d55b8983efdc840b83ae6ccc4e496165010c8d1
2957.0,4f32c6d4e37cda7a5053aa4f1527b6c340433778
946.0,4d9916e1a6e26e33ce2360f1d7ee41d95b79d995
174.0,04e70bd5c7bd80696eabaea11afd9080d874f859
2442.0,7d4703e98ab64fa29f6ca50b72ca5a4548121bb8
42.0,9d98ad5e079b88fd9da87e47d55a11e465ab6bb0
1801.0,8011e1de28c82e5ab5c9727d10bcba997e8254ce
228.0,e3d577cc2a87cee4e45f9939df1d6d5d99f4d943
3059.0,4d37acad21b3877f4881daa55b808b809a391e84
2343.0,90389140cc192113a0c08c54a2de22a41a397702
3199.0,ded0f68c16d6eeb95abfca925e29bff70b026e10
102.0,38107c752cf959ad69cf4f35886946bc947f2bd3
1679.0,7b1ebfbc4d517c2b9de2e4e4ddabffaead1190df
3113.0,5cb4b731671491941bd5d877f222bf5cee71869c
669.0,6fa449de00ae89bb1d1ae5e6f793b60d32c1ba76
1594.0,3f6e8c6ad586caf6a60bc73ebd52838a73074ef1
1341.0,eb2a4521ff838ceb291f6f30f41ea70e3f552032
2774.0,03036533f021c83205be4ba5c826a33322dc4d78
2359.0,f29fa0d56b1e971ed9ac303806d7da153f6d6fa9
1846.0,390cd5e4eec8340d74e8b72b2d51a5a3eeef3842
1325.0,7ae1c5a8b928f29477796c24bf62e737cd577bcc
2530.0,03a2996bb89a0f35f82beb389788539ceb58ba46
3206.0,3dc84ec4609de0c08fd159ebe991453309952fa8
2175.0,9e2807da76d756ca84b55213e799a124beb6a3fe
2316.0,ce813ae5214acc91b1686e09559bb3fdc28a74e9
3282.0,6665c91e6fad7df5997c8f3ae2136049062c1b7f
41.0,854e0e26d16408760072308c44b9160a9fb39abd
1573.0,c0087204e5b83ad4e3983d07b66d17acdde0b9de
660.0,94a9b9665b6a0a5b1aac46c4212da519205a22ad
862.0,4c0253f9fdd4812b979532f1e24b7f0ebbd1626d
1000.0,872094c55612976bdd3de9094f7f8d13a38fee48
3244.0,b61cbf8ab437574d4b041e49a214240b650eb1be
2350.0,c7f433c49bcd752a057020ba58672b6e441eec21
3684.0,2fa8eb3cfebd7d797f8d27bfd05ea5f63985665f
81.0,ed16ae2183ad44a7ba89aedd331a180455ed0836
702.0,ef62e8440e050bb8791505f66cf48f1b756571b1
2691.0,465b48ed4e4af52493df1febe4687f53032a5e0a
3616.0,5b1d47f7e45ca6304009156882fcb6e4ebe55fbc
2271.0,255375d72ce4f0eebb2ccdb7d10591c9abbf6d09
3315.0,b7f6fae9b34341b9be7742b86f6caffe07fc6f25
1456.0,e7d548595e8f2f03fb58c827bef8abae2f84aa59
2699.0,746b91dfced525651c9b71a3bd075a78d2b9262f
1079.0,7cfe833a50524e629542a82c8cd35b84cb1f9e9c
1062.0,16a7dd06aade99d478eb183e89ede87d4b55a3f7
2752.0,ad09134c8e124d8e53171b2cf6bd75b8f2819188
1010.0,8fd1825551b28ee967246ce9638fcad763bf616d
63.0,fe35105bec80bbb7cbba1b1d6414612fe85873cd
388.0,92dbe3153a9e0c007ecd1987ccd5f3d796c901af
3031.0,aef4159588be8bc245243c80e5032ccc79092f42
582.0,18413ed1bf08261acf6d40f8ba65a98ae586bb29
2075.0,ec9717502f36126b8a371b73a5730b2092948ca2
3369.0,200ce9bd39c70a7782ef8ace0338ad71dbdb175d
1338.0,5fa76f6800fb81a621b63c42725c5502e2520302
625.0,3fdcefbcda47c1ad7fd3432d0643d127cd2918d4
3157.0,2c68f86336dc8729f58e8e19af0f49c269c1cfaa
2307.0,cd593bf117b7747c5c5b5aec8476315f9b2fbbdb
1823.0,e83d608d7d34c7fe8b98d468eb5d2c579ca3b7bf
1631.0,0030f637c5efe5ebfba35b95f1ce592641d0f969
3129.0,bbedd6454094bc26edbcc95bab1ed3d05b4085ea
591.0,39329bfc0788e1475038f9c65cb350daa45b39de
2286.0,378a11f99275a6b80d365a5d51d469844bf9ca17
2261.0,c590e820aadb9134a7fb19fe32c8ddae37199ec3
3579.0,cf5b1d028342a2f7c929a23d53367addf106064e
2686.0,abba4b2a74634bc33a85cf5d512de473f0a3bfaf
3498.0,a3e4395a42574386a15ef6ca1afa83ff9787608f
414.0,8d7ca29a3554d20324ed9c75d9c095dfa8a8c439
1869.0,f034d2e271403c7b3b8a1c2728b2320ed157a037
1886.0,f0c714a01bbba070dc0c7e034a2d174b2e904d16
1135.0,9d64ff420fdde3c6eaa6d573d41da3b2f587422c
489.0,2a6c80a37d8a13516499be791100312576cf34d0
2222.0,c935eaceafebaf167f6422fdbd0de3b6bbb96bdf
3044.0,446cea9221e4f6d368a02a90cd105db0f8c9c7c9
1902.0,17d4cb3828b9520be6c4e64e6b7548a561aa6e7a
3178.0,5e378b4f28af344702a65fcce85a7d8574674860
452.0,2262ce4915aec0dfffa8e71244ebe10f72d11111
2759.0,a3272941ce76a212e9d8d55722a0b230b963411d
3691.0,f32f19162c936d94fb88f28f17f43dd9f195792b
2249.0,9569e8c9562fd6695d5ec83a5e33fa608d5d7166
1714.0,2995366dde63b8acd1f246bcd5a4cf7d61f0c1fa
2331.0,471c7f3220f45f60a56515f9c1dc55c794b6ff36
683.0,aa83d9132fde44d4fda5b34bea1f0872780746aa
3711.0,6638432457320fd2db9c74b9135afef370ed96f0
3068.0,d7a1b0157aae0e60983c51c6f255772be11d43f3
2394.0,4c564779d159acadacc078988f7a40a3e5794eed
2593.0,c3a997864efc0dfa725f21248ba0fc21a9682faa
815.0,af5a0853bfe36d547af93b904729a43fcf8cc55d
1872.0,fe5f714026b68b1416c3d3985bce5063901c320f
2252.0,9b892e2225bb88ab24f839719ba50575e1ce4de0
380.0,1f20a11284e3e9bcfc08939c48e3ab590da7c7a4
2668.0,47a00864c35f3266fa098744c65496bec601977b
2854.0,914a033586becc94a4001a448107f02d547d81d7
3142.0,8609b7d840b2430ade985465d87cd9e2f09d477a
258.0,ea7a1720779ab4680304d2bc9dffcb6f5c7f2798
1988.0,71e10be28665eee6a919045f9e5d8773508dc756
2208.0,5b7fd9ad889e54d4d694d310b559c921d7df75cf
1730.0,9f9e1fde8fc91b64a0cf99bf0debaae5806a2644
3051.0,c9245609f4a2c23103bcb5cbfbc58ed78b76892e
2897.0,2308cba407884996047790bfb77f90ae17bdb2bc
2366.0,094b116c7fafd7716de2a4b729b756868f4db3ab
284.0,34c4709d0674607afb32d3ef48738cd0c8003769
962.0,ccc2de19971c6c88202e9068431e562230f84b62
1872.0,2bde2065e646a67665cb4eaac3219e78524e29ad
262.0,eb6549d95a8e9c28f9e4b89c28e370124e7452b9
221.0,63b5dab0fc889f490b9fee803ae67efa3df28a09
859.0,2aa26fff04a98f2435e8e3015e92ef6108d3b485
693.0,ac9d8b09a5f8d3d4580cd432ab05eab2cf2529c7
938.0,c9bf9070370fb1cfeefab8a34f40351d6bd1bc26
1539.0,7f3867491570746a4c14bdaa5bd59ec1b64cbfea
74.0,bc662a546ed9028d93482f79314e64beae19a1d6
446.0,8740fff90781b3fd0fd9ec51a0b6a15a45f96489
3104.0,2fa30f6a9e67e4515c85c6fe776783b058097498
707.0,9427e16567943cb5dc2a6b034db97f34e39bfe9f
3063.0,15c079f500967543c033ddeb113febc1d84abc87
2013.0,9e41eca7f839db16cdf064f827fada0cabf6f54f
1132.0,8d3ee017c58ded9e994a7d97c58bcc5d6a2a6e68
387.0,fbbe14791f2d417bfa57618eecaa503b69f459ac
2745.0,6b2127b1e0ef474aed91a25492e18a361ad7f364
519.0,1f82d02b33dad8ac7a4aa49e690767027690fe1a
3062.0,afb7e4ee5f6e9cb8a1a937458cb39ee312e172ae
2019.0,a40489e0ce89acef2a49b70a571143ef479ca235
2341.0,4f689c41d9d5aa1161b185de9bd7fb6d85b6cc25
2348.0,9049755e3fac192d5c0cca5092a74a67e562cdc6
897.0,ba36d57729c413ba41aa0b9504f3300c43bcd483
70.0,3ab318a7ddca819e13d6d161b008b62b6583453e
2364.0,9d829934226a34c866ef56e6dacc15c423dd02cd
3183.0,1dda032b00cb4f7a783e018a7c370ee88f15e797
338.0,51e4a58a85bc1500d1400ba7d633d570f6296745
3437.0,28d09ae0fc518f2b3e9138f0fdfc2566459a52e3
2238.0,78cb96fde0ffb9d6ce67b8f5c850c7a60cab86b3
1242.0,e9160473093ce7b2a4e867de414a90a9094943fc
2991.0,339419117fff06fa89124d04b1921b61b8865d80
1728.0,2bf477cfeafd87c69b88e1ec58b5eb67abf756e2
2603.0,83b5625f0c1842a7837bc3326319a64b02a45e44
1876.0,e048aa4e19d689104733783a19560a6a485a473c
2875.0,7474a9cb8b715ef96a37eedbbf143d39139bf382
1558.0,751fe451df7d0e03754a02a52e4b59152b37891a
1240.0,6fcc2ae3f4536e4d2651c1a00abe2306212a5bfd
2217.0,19d7e6532f9187ba8a81b2d2ad9afe03e5e5500a
257.0,c5340b1ec471ee8535916eeb042fb2710df64276
2811.0,b6a8f75c70a0aa72d907a37840213b84f3595f6c
2330.0,50c6df709800ac7504b71209564c8ce5b746d2b8
2347.0,fb90c310b9c9099118c06a95183e38157727fa92
2324.0,c62b614d9cbe813d7803c8ecfea2b7bf5a6eaab9
2558.0,eebc0edfddba9687f82f4868f85714c0c7bb3d84
525.0,9034461e5bc3a3e75c64b603c89a28acc7bd2144
3101.0,c795adf684718142d52975264aa059af23316e0d
701.0,6309987dca72ebe62539ce7b851a072f4e4e9173
290.0,63876614b6734e6404f17c9d3d22b71b3f43d158
3237.0,cd4023d9d2ab630ce4f95856f065072ef8badb2b
3065.0,a656025c3bbedb1d8092e553cc799bcde375db3a
143.0,2ac1b7d4388209d8e1309ed5b43ebe8d023eaa53
1843.0,9c236d3b84332aef0c834266a0e3d2171fe5a7bd
88.0,a3a72e2d8d8df53164689fd84a5db2c6cd04f28a
731.0,c87735ff1bc30ed8c9e80d385ddb69ad5f4f4a12
440.0,a5d1cf415e142c2926845601257d3d6c05cb3ded
1431.0,aaebe9fe252454a319de1f0e583d0e5a8635e399
1315.0,dfeabb7089e989040d0169df4c7df6892e45422d
594.0,ee76129812419d473eb62434051e81d5855255b6
2320.0,701faf0724d8aa18d7ed2907b63c143725dd3e7d
2196.0,c43560777a3efeaeaf0eb47568171f04103dc363
1264.0,86525d9b374efd00a97a9c3e9586425a356a6bcc
1951.0,c54d67adee6f99113f525b376da4af27c3001321
2694.0,aab4c8c7452ba198c6096face53ac2b7cc6460b8
3376.0,e0079490176f080a9a4e52d4edc67e370992d943
1883.0,bbd6c8c791ffa0f9f30f31d17e47e8fe8e587526
2284.0,f0a6dcfbb8cc526f19aa4e672d3b106c65cb18ca
1743.0,d45445ed00f5d1839f19f66207ca276ebdc034c6
58.0,f5fb4576577cbedcedba9eb16d9fdace18c9292c
811.0,da49f7398d80cdd34e7f0bce28ea119a19d8c81d
56.0,707b30749daf407c07b5b265bd892564576ad80a
438.0,d626787a3461edcebd38025269f74a5428f64edb
1716.0,d5308bb80c47a645dfcc06588bf173b5c3a3887f
531.0,7bc6eead47061d1135e420ec1a54eeaf702ed470
1280.0,b7dfa6c363aec171bdca04ce0f49ac5f2a0ac35c
297.0,a950f936875fcf7acd64e66273485f770b09c626
3019.0,7e65f1c5f13f7f721c64f551d0022f6907a35b40
1861.0,808d2cf75e7127618340149c5b0f1a9b608b617e
2964.0,0f56c0cb04c4f63a1ed439cbb3fc49d8c83f8f65
1389.0,ecb8f81760db351957bd413181a86b375ec347b6
2676.0,c3e2ff2afa223dbe9a780345af06a57b37bbb28f
446.0,df772df24f22f7f0681a8d5b211dad764ce9c8a6
2877.0,21b0aa6dd8b471a72af942a84d58336e2dd68fcb
3118.0,4091013ee1e0c126b803a2d76a085609675dc60b
253.0,ccd5ced70e48515e222b84dccc8f21d32c864dcd
3208.0,4fe81d7c62a4ecffd238a74783c054c4e5235fae
2430.0,85fa8aabf5a7bd0adf204f0c2dacbba1fa6683de
309.0,7b899c85103996d861360a7ce42ab9a21bae3f48
2685.0,16d83d6bb413bec09a656a659b98d897e7abcc81
2093.0,0e79aba40d2497218736448ced708fcf4f8943b3
2541.0,54f3d2131d2abd633288b4810eb95ba40b0a7956
3349.0,12666af6b5474998907310b2f940aebdc3b5a362
830.0,21f3ad267183f1e8347812c3b00e806cac562347
515.0,9f055104ad1a8bfa29c8cccf830dea196b5a9344
2898.0,2616d97f326504b494304fe744cdd5adfc9c6d91
800.0,afa33e37ecf1214dbf7d619181791af70e600ef5
2969.0,7e714bd28b6e96d82b2848b48cf8ff48b517b09b
1848.0,19b134002cdd6be9f3543a7b6d18b4c05fa44fe9
709.0,6a8acc115e312e1e23e70b66d493b4cdc00d1133
2299.0,a693f22a5af210a752ab4b2b73b6568c9706a824
2916.0,393bd46085fbf308e8b4e182c43f3871df4ec191
1032.0,ea73571a5464d254979d827f849a2d69b655adcc
614.0,f06c80a21508d827a6db1223ad4de253fde013a3
2057.0,d25c801a3b95551fd03eae82f916f92460cc2b34
2611.0,8c2c802f19cf220d6e177414d315dcc6be6ac759
433.0,146088d58066f16ef4bc8172f8120402517c34d3
2630.0,79f34f1769477d9909e4fe0830c48b04208c50fc
2346.0,b7eca826aa94d87b85a998916f1ccc0d3b4591c6
571.0,9a0f6519aaa14aa8f6d0a076e269e8ca8b1668aa
345.0,8ae6ced82db441d0696ebfbf2e33e720be1008fd
246.0,4cb6eea8f1e1edc707874f72cbca43a0f698ec7d
2416.0,851eaa4db7cef513dae35286d816867d68a72049
968.0,e7c587789ae22a626196cea26340253dd9b70bf1
2254.0,8d515a644f4d1a508e5de85d1ab991194fc6394a
2067.0,77af942b982a3b07669362cc6bc223026bf039cd
2296.0,88b0213357d5ced865d5bfc4d54e9b14f2bbe146
3284.0,6d0e79b33afe47525958dc23c1ebb2eea70f25fe
3480.0,c12d9f8b490c56fcba7ad793249ab14441c544d6
392.0,7ba5196ba6230feede5afc24d7eff4fd15742397
1887.0,63ddf2d47997299002cda290821909c02ca80675
3069.0,05102f63b8dc5341d2d650da3aaa51b0b355f65d
930.0,2506c0b9a96d48f14624acfa552fc88e38a542ae
2445.0,330792e10b6d05788700f269f7da339bec1bfda9
3272.0,6ed68f015a50ab35b84a8ea71b0f846ca6a75281
3170.0,12ab9f9c0d8445d5bf2e79707f9ede194a6c6d03
313.0,434c19933eb445907d73b9bb9e4973d546f5ee52
3159.0,00ca5b7328fbc5b11594ad448343ba371142c43a
3473.0,8973b58955df185c6502389a6e91b7b262a735d4
2629.0,b16592aba0e9c60c9b3329c884bd9236a35168c0
1502.0,cb9f64508148453dcfa4deaeb4ea95518f58cee0
739.0,d395d3684a6b9243ffd9091ea9b28275d90aeb91
59.0,33e7f2b990e3889d6aa9cffef4a4c9d7d0923698
3574.0,d091bb00c0358e9f30006a064f3dbb671b99aeae
307.0,780297e2bb6939ea9ed6a40846f3dc3fb7dcddc9
1349.0,4082fe65f3ea553ef954b1cab0202259809e27e0
430.0,f7bb2b5f19146cbaed375f29520f57c3c385762f
1918.0,663d786f6888bbd308528284b6a26d433ef314ee
2055.0,88120e9e9db38b6ccf851348542d5cd88e249881
2306.0,5b0b9717da958fd6325c675d92be4f6667796112
3236.0,91e53da054c8e923ad6bf45cfb4c12de029de1b2
1661.0,c1c205bcd39ee417ed028c967819a45d08d604fc
3674.0,3fe5eecc2b57406bc9f14dbcc4fb1a76ba4ebab1
3529.0,3d61fc44280e5e77ced09e0eba9634ae5e5f4727
1882.0,f19d3bd67e0d8213013cf06f47d951c8735515c8
2467.0,0a1090890f8425a69e5b004aceb04fd7527b8e35
3281.0,5a04590e9c1f2aba03c2bd70a8b5fe1a18eecb56
2256.0,970a8009f1842d6be8c04f3adea3c2ec97d7eff5
3680.0,a12a34100ac0ab85c29f87117ac0b75100b52d3c
2695.0,b178e89e4456e777b1a7ac6d7199052d0dfdbbbe
657.0,3b393f89f66733f7824a50b33b93eae9999812ad
2358.0,63129e8426ba0ab71a3500172ca04fb41ca67daa
2396.0,1172728a683e0241400d991df672818ed9b2eb0c
299.0,505cd663cd75b5593a1c9db0eded5298bd67139a
1532.0,671c1ee0022ebc561a86e7c18ba97b2b81c24ead
1898.0,74b3f7e04cf51df313aac47175b752663ab0ed44
1364.0,8c4842cf1fc82bc68ff65a2bdd506b46fb4c0fcf
370.0,065afe53a6f72e42428c4373ed10d082868f25d6
535.0,8339cb35082fc93d3a9c98616aed7fe0c1c642dc
104.0,fda14678c07d036ef3a1984a4e346e793cc5a63c
2784.0,b83760675ded7124f8a7c2cc49fa8d7eea438233
655.0,ab3d9d12c6f16712895735903cfbb136f22aeeec
1911.0,b8aca21a392c367522eedb93f248f68005c84908
2338.0,a4869eb4d2bcb25e6cc5c2e285601abfddea7f4c
3235.0,52f9aa7ed6ceee6b416eab39a4f785d958245937
2210.0,d2a0b2911b9a32fb845d2ed174b677bd5833f917
3410.0,42942ec2910420ff6107b9da839c93d9c422109c
3564.0,2062d984abd3364557a6dcbd3300cfe3e4ecf156
725.0,3d9055b3b73b1d09f933bfd070f704e9e8bdff2a
1980.0,59104db2f2f0a507aea2625230e446361e2fc174
2374.0,d625d411047f335bb8586be3064c7c735ccb0cda
2315.0,898c8621b175ade4c623ec61d04f24e02c05e0e6
2748.0,a6a6810d563949303bb820cdb83c63714bf98bcd
1112.0,c048aed65abdbf51955367b95242a53f0219853b
1920.0,b7a0cc61c54dbfebf8c3b21634ec9e37596b1e9a
745.0,4baeac07d97b73c1c7ca14c9d5ca7ff35d583165
2729.0,32e813f728ca5d8ac662231d8fb1aceafcd85412
2173.0,95db82f8f7df0acce7051a8dedf29b88e436f5ab
1291.0,aed464b92bbd9bddba2684304c141b9d65b7d01e
1855.0,d80fabd9f633fc0ef2955a127cc980ac9b0cc8fd
3168.0,e2f4b53396f4676978f86492dae5d3952446df89
433.0,d94efc6db63516b7f72e58c34ae33700f3d9c4fb
164.0,0bf777ed81d5296fb722931d35e5db4333e3de39
108.0,2a73bbc436041875f81aeffd5b8f13c6da8fcf19
1917.0,146cba53e7be1d433ecae9999ae662b48921e520
3633.0,88c9c68e17774b24c4a67f2abadf411c6a689c1e
