issue_id,commit_id
12137.0,7dd1c00e858ddbb1107aee1dcb6f65fff84c252d
10419.0,a68c516e731faba8efa884603bb06d17ad494d69
12322.0,979e880c53f44d502cfc3648740bcc1300d6c4f0
11378.0,02c1f8865684a055416a93bdc8a7bd07c988a09b
11263.0,ae6474df5ee2072cc056e02803c3b58efde1f5d0
12541.0,ce67a90decbe2f26f9ac9597d518f07b01d0c293
9478.0,5e797436c3defd2d863ac1ffab11c48dbd42588e
10038.0,97d5fa920e4f8248128f7c1b460fd9bb20d3478f
12498.0,f0a24a009a392f71d9dcf4fcffe2ecc9e9f36c86
9920.0,5caec3330b5ecbeb138026bd2be9b1adf6a4e2cc
9894.0,adc321b4d7a4e22f6bdb00b404dfe5e23d4887aa
12675.0,f69e046eef93af5a28de5330bfe15ee348520b2d
12546.0,ad578c4c19444af9d1f0e0d51a8283eb0db1a264
10327.0,7365a99f6e832847808c7aa28718d32fbc744b21
9578.0,1c9a49781da2101507db23e2014e4e5d16bd2e52
11136.0,842d360e4388f255ae69055136909525cb66b276
11504.0,b7fad0752779177e0968f93832d8a5b302236a7d
10674.0,67fc091c6daf70bd91717e59799c3e014509ca0c
9436.0,ff0690ab533b7b882301f8b836ccfda8fd4f7f21
10781.0,1068e173eafd15e5aa9f40b9f73590a7f5be4a84
12084.0,48a8fa0e0dcb7b06af113c8f5dd47fa5190407ca
12303.0,e74d79997905a3ba7b247f60a93353b6a874ab5f
10858.0,9aed521e6650384533f69d7b46c0210b45ae9391
13078.0,ed07472bc5fc985982db355135d37059a1f887a9
11561.0,6207edd1477696f4a8a1761993544d72d766bd8e
12086.0,4aba316b7973e246af94ab5ace18fd5d5ffe4f81
12203.0,79d9d3c669f5dded8beb38eec0a0c9519885df77
10952.0,6d30ab70a4f116554aa610ec1c00a6bc5f1247f3
11570.0,9f2d6621bb8cdf8a5def7d5143a0faee993c8e13
10655.0,69c30a150f0b2caee7961ca1c0080960ef5ad6f6
10664.0,8fe86302ff1cce23c019fdaf24fc6448c3b30090
11563.0,1d10fe2d739c48f00404008fe5754d2807bb0fd6
13294.0,5dc27d0a986e3830ea720f9b8ee88dd1dbfd3601
12147.0,6368af9a5685266a094415eeb7c73e6d23f7d950
10743.0,aab55e649c34f8a24f00ee63922d049d3417c979
12545.0,b8ec0e6dc9bc2b069fa9cdb86b8a32ef6a10a6aa
11011.0,785d6e396ce81575bb155bede412a6182d5f22ed
11383.0,dc6f00fa0d831e8583a5285f032cf583d4980c4f
10444.0,ffa99d69f7bfa42d060c26032793dc650002419b
11289.0,5a24ebbb432dee986d6bf1c3442da5955a9bfb73
12237.0,c170b8e0a1b1f761d89fc9edcd603336b65f07c3
12220.0,74ccfc4df6002bcbb44dc4ea65400b8b2dbef994
10230.0,bf1378f39d02b7d0b53ece5458f9275ac8208046
11507.0,8ef5dcfd3dfa385e00e7d2654825f7f79d2dec57
10801.0,93cd2400ef005cca2048e1c78a84f24cb429e0f5
10183.0,50411ccb0e7059ad2bd9286b64ffc2cda8957025
10865.0,8f4e4f2a0b543f3d74327cb04113f65cd5d11c62
12221.0,c55ce21fdd4f55709269140e068cc840a7c7ec48
10132.0,f6fabd1a370c27aff4e8a82e5a3edce52aaf9c2b
11585.0,64737f23ea9500c248acf91b117c09ef7a43d470
10212.0,a07d9f3f3665ed79401f37f0c5759f271268a34f
9834.0,b13326498e7cf7338a397f93a75248509256adc3
11285.0,a07253d8269e1b750f0a64767cc9a07da8a3b7ea
11079.0,2780ab0c9712b41c34693758141f30ae3d3c2e7f
11508.0,a37b41d5ae799c338958b3eeeb884074dfba865f
12339.0,71aadf5e8b4020d4c9423ee5a5f42271abd860e5
10282.0,e6d21795d363165b36962e71ea7ba7948185e26f
12287.0,cf6ca32e7ccf05bdfb35aed80726265b61256ea1
9384.0,173a1a545954bae38e40f4fb0bde228765a9b059
9952.0,a8ca67f281bdc5d751204e3b2bf6e98731513a27
13196.0,a39f10acf3eac5e6ef69d084616982a4d4ebd8bb
11499.0,5a8f346e64cb432a445002230246ee042dbc278b
9921.0,0bcd9061856d699d9054f9475b5e59c51348319e
11556.0,cb96315a291a8515544c6dd807500073958f8928
11100.0,5a6af4bc6d44e9adbc2a21804bfcd18c4ce849ef
11124.0,f60313e29657b2afb6a02f28dba5936bc0dd09e6
11390.0,2fdbaa10ab0fd72f962923c4cf73e024424a3022
9435.0,531a8eabe222c3831cc5b55bafc81d2aa36f0672
11521.0,ca802e1b6b9fb47194fe62c2fd0df03de1002c84
11722.0,994c4bb338ce440a27df5db48b8f5044a3e8f611
