issue_id,commit_id
2928.0,d9fa28ba68809aec8df30c65d7ab1f8a5e0514c8
446.0,8740fff90781b3fd0fd9ec51a0b6a15a45f96489
3169.0,f2c854060adf021347a6c4217fdb06a77a38bf58
1532.0,671c1ee0022ebc561a86e7c18ba97b2b81c24ead
2149.0,6c9ff85c3f3c98ea85da5f789c092ad7926af0b5
338.0,51e4a58a85bc1500d1400ba7d633d570f6296745
39.0,c6e6792cd52022add8455fc792b2ca73c62d3d65
1242.0,e9160473093ce7b2a4e867de414a90a9094943fc
3103.0,86bf9dca72cd188813e26ef5dd972101ef8983cf
1862.0,a228a3b2cfbc53d428f6cecade8b5b0fec576f03
3063.0,15c079f500967543c033ddeb113febc1d84abc87
79.0,da514b398429653dbd368c6da48c9863d3c2632f
18.0,8d49440d8b881b2df2c10085a58d3a4e4085147e
2311.0,a037762781929a9a658250f3247bfd131d634b0e
657.0,3b393f89f66733f7824a50b33b93eae9999812ad
3401.0,af5743f6bd2a62072657830d3585b98680e1c203
430.0,f7bb2b5f19146cbaed375f29520f57c3c385762f
1801.0,8011e1de28c82e5ab5c9727d10bcba997e8254ce
3272.0,6ed68f015a50ab35b84a8ea71b0f846ca6a75281
433.0,d94efc6db63516b7f72e58c34ae33700f3d9c4fb
2212.0,889c0ed1964f48557e532f95f9003c5ee6e2b727
3281.0,5a04590e9c1f2aba03c2bd70a8b5fe1a18eecb56
59.0,33e7f2b990e3889d6aa9cffef4a4c9d7d0923698
3178.0,5e378b4f28af344702a65fcce85a7d8574674860
2298.0,e706b5e5448b837f34d11107e9f9295f0e5a9780
495.0,d90f0afe39724040d0be92df054e2b1438886134
3229.0,240e398c8d2b46607f6e5c87b6e39eab50ad7796
1483.0,5c68b24f645131993c2f474ee2e91b8845edb974
2071.0,6478d7bb99ef7dcdda19ce3e58c00500ff72e60b
2286.0,378a11f99275a6b80d365a5d51d469844bf9ca17
3253.0,d5fea5fa1da0c56860e7023e4af3ba2eb0097dd7
2580.0,26f413e1e55d3b57fa164114b39f6cf74669591a
2748.0,a6a6810d563949303bb820cdb83c63714bf98bcd
3299.0,d694eb443a6243e248df974e9cd64defb591bf38
977.0,02eb9c99fdaa0c3cb3179ca5a1538e87ba6f13f1
1429.0,06f2be3ae48e6a49f9e4528fc187dab0af0ac9a3
1560.0,00d6e339ec789e7b92007297e840a671a5e38a7b
884.0,47a41b645f627b9b68c70c193cb322f56bb4c12c
1865.0,024fbe5a6076d0f3f793cd4a66d0b50decdb2a1a
3694.0,6f2fdc5ac4ad869a21c4c0281d7fa1eb8aa5a689
2738.0,27d56c1df5fc977e17806b466dc74dfa9a98689b
1509.0,37474871dc66ddd94f970740f773d9ffb6c0f4e2
2362.0,b80cf057fc2b41a5f642c222dbcb79ce28d3fe0e
1112.0,c048aed65abdbf51955367b95242a53f0219853b
725.0,3d9055b3b73b1d09f933bfd070f704e9e8bdff2a
891.0,544118bef94e647258a997ac3b1ae04625164ed7
414.0,8d7ca29a3554d20324ed9c75d9c095dfa8a8c439
2332.0,c5be20b53ca577be5569b1a327e88991f2ea69a0
1872.0,fe5f714026b68b1416c3d3985bce5063901c320f
