issue_id,commit_id
5027.0,308a58aa275aa514397351caa263e08de2f89adc
925.0,5de6a11fda8fb51b23e25df835e39f0e2b4872b4
4186.0,16e0636dcf604b0e002fedd8bcbfbf42371fd5fa
764.0,eb97d257f0b3c32edbadd974679bd64f0989e372
166.0,62f5c61a9d70d98bb9a0ed6243524c0ee3e2764e
556.0,8ecf0b786d8770d40af002b8a837b2068a5cfcd5
3253.0,f8f5f463e64114b5feb38e61fb3ddcda39be8a7f
329.0,26c7ec7d9fd145c514c361c8dc79d9e989c08989
1541.0,8dc400c66d2001a28cd3b717355e5e09a5da7b18
1496.0,5279da9916c00c7a6679cfc555f9a2b1863b4821
4347.0,c4ee4b6075fbb616272788b14b70f0af63dc2877
4761.0,c1cc3f2f42dbd19b6a80150126322580d063a963
5514.0,407562b38b6ab375ae650c8799bdd511025527f4
5678.0,da9a2f8a946d6341be1cdd8cad0616a18bba6dbe
3405.0,0007cd032dd74ad1c4cffc7f9a1781609786e547
4254.0,f3372a3753643fea601564c01fcf65cc25a2db62
2271.0,2e08a9b412327ed18450f9fe9ccbfd417cdbee78
330.0,9b821df48224f5d66a3ef66f5df3b01ebdaf685b
4112.0,15c55d0c1d4a4384fd9725d47c305f52918e3831
300.0,aebe5d5073bb02c02acc62148a2538ee51e203da
4816.0,7b1bc9b7fefce60c51f89f7ed47e1d172e43b2a7
1250.0,58717472f74eafa216f499f0c0eb818b220903d6
1166.0,e034947b5426f4649516cd287a8148f966116ab6
584.0,3d4fe60e4780467fc682802e0de39e57578993ec
4615.0,8b549392f924ddad9536e55c6120638daf688dfd
5173.0,8e7d2ef13312bfb4ec5e1800f00108806ddc12e8
4430.0,dfbe1d95071acfbba159cea051530749b1684460
2921.0,1d9c8f5295f67160dbb8a2acdd1223746d608d23
4303.0,afbaf9d4306294c9fef1413646f7045db8337e13
2284.0,d8672689761f0bb6c0550a841f35534265e87fee
5150.0,45c2bd7d9c1d6adf0e051842c422c5d6af1d0a17
177.0,c01f81ab44a025be3e20e76e08fd59458bc2e8e6
135.0,180c091fb2a281ab1f79f9897b32687a877582e6
633.0,690fbdb93c0277107ead68ba4163476ec31108e1
4822.0,44f0fde9057256dc16f24f22cfebc61626a94450
3367.0,c8f3d07e86dd41074971b5423fb932c2eda6db1e
2327.0,871eec9827de0fd1c62bd722cea4fff9355d17a6
273.0,002abf204f297b493f3fe01335c136bead5bbf02
458.0,c74903f9da8d85909c7225c6a107a109f98056d7
151.0,a40090a6a73a053dfe6d4d910b44f042a4f4db76
718.0,65f69e16095799e05de79a3f8f449f7b9edb27aa
5632.0,14b156528503effa69ea72ac0dd48c43546c10b9
478.0,f0851e41ec7559401c3b6e2a5d42b6a5304f8375
1498.0,fe15f93e533be36e81e0385691fe5571c88b0b31
2258.0,5657f6b8ef00bc0c2266810081c41d52ae56e083
4324.0,5e9cc3298be4ca1146d68098899365b334706db8
2562.0,b2d66dc1f0dab48219e8676f5bc43dab207a93a0
2793.0,dd5ab6c5fe54b3d64cdbf89fcfa2b333cd90f22f
234.0,f293d08e7ad730ade96d1c60d1bcbfe8091132cf
4785.0,6e8d20a07a8c1a1f3ad7b3c3d74b7d37f2b47327
4684.0,e7a58fe1573176415a9ca054428c53c1ca29931a
81.0,f4e7ee5dac82eb50c3c647438cba2b9c4370c782
1218.0,1195f906d635cfca885c58130c950e1b7b786d24
2354.0,bd4f156d165f67b44fbdec100cb8442a682aea48
5002.0,f95ebd8f7cca64ca868fa064ca74b74add2763ed
4705.0,cd0d3fd48d07ec3c34fa0ae5dff0af97804da947
206.0,12475fccbed1227cbd9467b5443b6699f3609c7a
1447.0,489c76b83ef8bccd04f113964a346951f3cff1f4
147.0,a59bfb539d5fb08a1a27a4bd63a753b571eaf40e
4199.0,d1cdfb47013330b0391a8db3b6b812697ee64b6a
2590.0,7b49b9c0f53396ac89cbd74930bc4c6e41d41901
48.0,bda9c97c781bd7197899ce3baa8d60db96a184e5
629.0,27ff010a4130d65629bd8adbe7d849392ee90103
2270.0,97e82107b190f08f628a626265a9446b9f3361e3
2982.0,108f8c4fd20a47bb94e010e9c6296f7ed9fdb2bd
247.0,b11e11037f94f6fc23c5fd4052108edda6b57d05
1427.0,68d231129834535f002b5991343b6089d29ed3db
5203.0,bcce0660573cf9309e3decf853488da2ef8bc576
275.0,bbde1d0e0b2995507e5c19a63916fa0a4617b420
5328.0,3659a8c8d9043a9fccffd2979176ae32fad83113
5316.0,28eba610e22c0d2a42e830b4e64746edf44598f9
135.0,3d6edc2f405167b35b4e4e4f27f8755dd9fcc081
791.0,0240ff82879b849571208b7f88ffefdf8e42cf4e
1027.0,c5222b4b8ab05867b343feca337c04fc0f88697f
3465.0,553b3a1c12a07e69cd42c6524f8c9504bf24cda2
622.0,262e7599f4333035870bdb1a5e63ef77edc3ab52
582.0,45c9dab15b5f991bb47f7bcc8a836ce8a73ef0d1
977.0,e04b0aff74632702d78f7729b855c0737d50dfcf
1177.0,06e1ca9ef2233226b6a407cbed6296deb37e11ed
904.0,0c23b1342b17c420c7aabaafe01d34f3ace98b60
4480.0,885b0ad2d4cbcbcf882e4ca506116d5da163fef2
271.0,6f9f6f1f16a4a9ab4ba8966f6e74465d86f16c15
4500.0,209ab0531599b3b446b686c654051d9335306132
2306.0,7e8453cf1ec992e5df5cebfeda08552c58e7c9bc
1149.0,dd9f777ba725d7a7dbb192302cc52a120005ad64
1725.0,85f0596c43781103f30eaff13b567942ff967e00
4755.0,a6b67cf4a17f955d76c4924c13267c0cc5c0e059
2721.0,73668ce4076b87d2d2493f2c9b445c643da9055a
5073.0,8c5a3a5189022f2f6ed60f5cdd2f711dda7a7eb7
1268.0,9d1cf230ed1579dc187cd66e6619494f53475308
4172.0,d69e788fecbb343986ed6323ca1d765e88e6f7bd
3517.0,e766bde3a300ada7c11cb7b716162ec07a44fee3
1380.0,9d9d4238aa8c0b6009aca689b8c23cb8bdab8fa7
3127.0,426da0ed07637e7efbcfb0fe49546e187d5d7f67
5210.0,b406affd5bc258dc4f0b7b39f78ed4bf256282c7
4831.0,45c06cfd80f93b09e295fabe838f2e1dc83b38a8
125.0,a2854e39481ffb79cdca71e28ab03fec2288a25b
