issue_id,commit_id
11107.0,244546c2fe5165b6770eb456afd5fac8878473c5
11062.0,f9210387088fe91b5bc8999cf0cb41a0fe9eacf6
11442.0,0a639230018d0c9e9f12476dc8b1c6e40c2dd0d0
10209.0,14ff5175181e680d75b8d4ad6fe0d7d4dd35beff
10024.0,24daab1c7b3ceebf04a19d3df3fdcdef11fe773b
11296.0,6939d91768543d953412a321983915eaf013ebd9
10957.0,79a48bd9ac947dd6bfde19f24c4bf88b0002a5a5
11901.0,8f41e41eda6e8ea96403cae5798a5a89c8bb5605
11258.0,2bfd1f2c950df5fc3f40b903c1966f1b0a48bee4
11887.0,1d81a20292ca6926e595d06a6cd725dbb104a146
12323.0,d48e97079914d897e82ddcb1a45261ce4415b8ea
10006.0,b26fa3b63870b6160340bfeeb384b8d812dbbd15
11729.0,a8e235c35e23193f6cc68cd9d390ec37caeaec6e
12098.0,1400e7b355366a35eb35250c1e6191d4deb21a85
12056.0,e4e342f70dec046fdb1a092e5a12c565f37b9ddc
11708.0,c3eb62763fcc5029c26b025ba1b60d7788d491a1
13315.0,78691340edd38b00668151c2e636ddbf370f9ef3
10679.0,d18c564548104c862892a1f73423e333f11f7ce2
12841.0,665b0076e089dbe60ecadc34bf2cbff9d7042482
12526.0,91efaaa1d7486df71be30a54d82b907443d80bf1
9585.0,70ad0d6e4a569701ef106058397ad0540ec08340
13256.0,a47f5e231c51fe3f1e6212ca05a20286096bf2e0
11038.0,e8f8e62add2a7073e50cd31f4f6571bf1ebe21b3
10637.0,e2531cb8302b2842c0d3b505f6f619e685c3f4b4
12288.0,bb8e377ca10432d95c142651a355ce440be80557
10647.0,da5a6ac579dfc80cbb220bf092cd151eca7ffb2d
10925.0,23bdd4d417f0fda90465e3ab612c682e1d207ee3
10845.0,f6fad22671db9506acee34b9fd33361de78ab148
12499.0,a374c93092341f24027f60ffe32d56d2bff29b83
12017.0,fd537c7962edf563a3bb14526de9ce57dd26c341
9441.0,2ba2076275fab79cf4b8c281ccce506b257cab21
11456.0,36b9e4c055f32718a036cabaf767325b010c7485
9625.0,5d8063359d5d4223a8b892d186118c500890c932
11380.0,161f0a876db4f8aa9d57161c13d366f081369601
10749.0,1c4bb1ed8286b723d99b419a6a5e63286353b149
10523.0,d1b40b169f3d70afe4db539d140d6ed374dab21e
11574.0,09d721abf489cf20d9055e7163cf1762b7763bea
10322.0,b21764824f181fb7a32fce852e5afcee4042192a
11974.0,425e99a9e3d00c7d505d585e00e85ee716e3c350
10035.0,a1d544f4a156373b1c9e72d3af0bf87e4d81d90c
11558.0,384d3bc35db3359cb7c1f560e053f2a510d9381a
10860.0,672a873ffb344dfa030103cad69bdbc948184e8e
13048.0,f06524c44e5f6926968cb2bb3ddd1e523f5474c5
12459.0,91765e700b1d5e465fcb56bd2c2f56384bc2772d
11260.0,f8e80beb96a88b3ff8679ae16489502590d614b4
12193.0,7a4c2fcdadf8ddaab1cd7fb461fae58bfa36a6ea
12009.0,5c934bd646b0781eaf03e5b533ad2b6bfda401d5
11643.0,4b54657ab4806b0aaef8f8eeb973edb83c3d3483
12751.0,58cebe948addc7c4cb8762b2e67c8ce656a9d957
10339.0,c9cb6087394656247b13dbcb447135dfcb91685c
11091.0,9400be98783135a1d42dd238f4e6c3aa048eceea
9557.0,ae72ea0bfe7f7041d6f7580427fa1f69158bab7e
13239.0,d3512f7cfd0aba4ccf20f1d58729454a18718699
9948.0,d673afd5979a4e541266763f65bbd65fabf20b0b
11679.0,d2ebf181b603e7d03e65df941dd754df5de32913
10908.0,cf7d3d259f93b1ddbc601208280a460ee3379591
10972.0,1a2290ae91a944416ef8eb517e97b21733c9681e
11401.0,5ef0fc3215fb43f5772673b31c51ad8a6582bc39
11131.0,ba7ab2ffe62143949b9730a55291c474352f31e5
12711.0,61052bc1f1c141c5dba9f83a4af14322ec4e6d7c
11609.0,63543a7e35639e8b0b8bce6bb3f80406bb925cf3
11394.0,c2244d2a4cb5f86968fb117f75469283a19b8a24
10077.0,a637960fab61b66848a36e6a5caf0204c155af01
11658.0,c05ef1fd95a6024155ab59656fef8dac5a45c335
11039.0,5027630fa41f499a9226a8f9d952ceabf2c247aa
11395.0,f2b261bc2555773bd88cbbeda976f98e244d02c1
10590.0,b6bb0be10ad84d456bb1cea535a4a922d7f2e2c6
11254.0,4dea0f867aa29c4e6bda2a66cdf1254adfa20400
12915.0,910e1247b452f29c0297ec6e3bf52b28b24fefcf
11234.0,a9e77534c889e378eda67e6aba10632a9d30d629
12540.0,78e1f57c484da15466a34ed543a1cc4709617a2f
11975.0,88cf9707530f9bb3246779aee0138e49efecc500
10259.0,25a8973dfce5251c0bd527ffa16ce17174b94218
12135.0,9b67e2b699da8d9ced9af3597906b81ad6f106bc
12106.0,4185cbb50bfcae9cc30b0fc7b67e81d67a50a8ac
11205.0,d337273d2e1be823c5e3e1b5e757e2426cba8004
10953.0,c60f1e19dceacf77749a6215b1fc77f758f46327
9869.0,be112e1f48bbdf24d0a714b9cafc3fc9f43c7738
13255.0,2bb96b6fa782abdc57c4ebe07b28cdfb98c49e50
10597.0,468f080c98f06780c950e5a78c9eeeaf9fff002e
12740.0,29f27f333efb427830e62bec62fd79b444df4011
10034.0,49b9682b3570211c7d8f619f8538c08fd5d8bdad
12065.0,a6c8042121371b5873773ca767f28cdf5689d5e4
9789.0,1ee31ee45cc3386cb94bc1f5014f2687da1f63f6
11391.0,8fc8a1681332cc4c8b05260b20ee54fa1589e3d2
9479.0,07c77c65b5ea9c246690d2eb116c7c8570dc5a7e
10468.0,a2d11d4724d3cf4a0b18a7fe8448723d92e1c716
12253.0,faf0e02621df87abde519466aacc130157e29c6a
12344.0,f69946854775d5c755983d9f585bd20cc97acae8
10994.0,cc3521ea93b0470e9ea11151a44c30b54d4d726a
11386.0,b2d1dea24c8b369b3a4411f0ede9518cef1db7db
12506.0,28ee86a51fa628f65a62d077e8dd9b7099b1749b
11388.0,7d5d4a6368e45cb9939acb04d089cb46adbca32a
10684.0,066aa6ab7e5aaea495f2f0e1783737ba4567bd66
10111.0,d7884570b10951d156aa086ee29a4df9eab79cf3
13280.0,088bda5902fe6f663a49461e41bbb57630cad681
10879.0,f99f633725815635a1cf24aa2dd70bdb094ed7aa
11061.0,1915f106fe94a65cab3887c5842cf520f8adedf3
13271.0,680be2e1b782616982338da1bca5158259e94e78
9513.0,4b74fc5418944c9f449eb88ed4b40ada280fa5ca
12122.0,328df7303425c2e3bf4274bb1eb0a2040bab5d8c
10673.0,da9ce7d8f2e4212cebdacc80f6252b4ae1e68773
10046.0,3b440235e237ef59ec5763c413e7f4292dab5d79
10977.0,7a195b64ea02e02698083b0b795287ffa6e72cf8
10410.0,a40f33556caef1ab0a3f75758f194728c804dcd3
10921.0,0151028441d30525a0a553eb7fab4b08269e8266
11222.0,32fee92df5fa21e3d1ff6375f7a5a923636c311b
9902.0,c6332819c7fb1b01730817a2d46e4fff5a60436b
10389.0,29a22a8d59b5e2c4282f1e7f664d82595049eb9d
10061.0,19ce1ca783a995bbd0765dfd9d89f2866fccbc09
10727.0,b88bbbab2695dd0e24905417006d2240c6595481
10737.0,749413a5d5b94f4335fe5704a107d8b2dd84c7f1
10997.0,f06c7e4dcd9d3044580dff155cdeb4978e622188
11660.0,920e8af34a43ad2cd11190a21200a2acbfd83e11
9802.0,ced81968b0e9d8b1389e6580721ac60d9cf3ca60
9963.0,895dba6c92ad4fd9bc98975b0ae23ee6230a8b38
12000.0,3821c77da30e420fb78231d306b18dbfa1131fb7
12644.0,b5af431ce6b78dbc52f2bdeecdff52fd696bc7d0
11114.0,c913b6da92f6ab9a3f4c897caa4085e782a14680
10992.0,be6d8293f26d6d577b61874ccf6d68f116734d5a
12299.0,f0eb8d538c82798944346b4b2df917a06bf5e9d4
12669.0,6b8a3bcd79beb264794ea72fd7a86c64c3f27736
10173.0,bcf0031b54d555179be81c088cc3df0a723d7907
11076.0,23c20f756be07a9e92d9513181eca850fcf2af62
10713.0,f86bc57d621fb0325e928271b246d197611b0e65
9611.0,96f71e70dc54282df4a693c54efdbfd7d52429af
9386.0,5a7906ba6156f57025520fadbff52331eec4a12d
11913.0,8461b0920a61a50d83fd147bb4e8c16c4e9126ff
12568.0,7c7e51ea5ab47b67cd68374400051dd022bdc662
9537.0,9118ea65f40874e915dd1299efd1cc3a7ca2c333
13144.0,efe72ef433852b1d7d54f283efff53085ec4f756
11065.0,c2a6caae852adb0c832da86d5815c26b2e7d24c6
11986.0,6096ded90df902e1f8a21f666748a03100d140c0
11036.0,3b7b071bb7b4537576306f00703c5c409bedbb43
12414.0,14625e57af7fe85eae501582ce1da135fc04c8e8
10373.0,67e242d926b577f440217d9d10b890f54bb875c3
12281.0,c0d1709cbae3d05efc6dd224230012bc120be8e5
11398.0,f199d00ea5bb2230230a34193fbce7ecb5a4d4d2
14121.0,b5cb82c689eac0e50522be9d2f55093dadfba24c
9892.0,e73199d413395d7ede0dd86c06f7a9ad2d1fee17
11199.0,98465b85d020f1326bcef7632f1261a9a7a84e92
10934.0,8c6f8d8c797c1b8576063cc973e6b9f729ec7612
10856.0,213170d20241c918ff42078e2de3e9a908244093
10690.0,d40656e5799dfd22e96b8bab217638b2934a6894
12367.0,de36e0426d4f01216653979af4beb0481a1b2735
12168.0,ad5db1010c40500793cc42539f1d97fa5fe36221
10476.0,a9a68bc9deac5d72170ac48c15c41b0defc9753e
13225.0,ccecd39dd9281d65bada97f6762f622563227315
11725.0,7cd6c59789c8e469c0d3cab6bca7ae3d2d028002
11872.0,bfa87eb1b0ab53c5f1efab1ec1d91377678046af
10859.0,359e7627b46e850688c95cf6d1de48b77f9df901
11002.0,8e8f989b850d37a4cbec7a0409343262bd963d0d
11701.0,13b255dfd832dd78bca90fac142325df534d51be
10616.0,bb9b800ebba8914b69db362cfac4e7c8a9b17a9e
10692.0,1fcc791ee1c94c2a3efa5072aa2f10f1aab51a2a
9601.0,853774ada4aa191ec8ad2f5a3484fae46920bf7c
11226.0,33902e53eb7312fbf2f17b7b700bdb7683441a24
10963.0,4bcb8c95d8bba3147dd86446cd91be77051cef96
11569.0,a0e90bd845795a4e032a7ba82aadace76eddbcb3
10660.0,5103fd8134ccf2ef6ed114d525d8b07d148716d3
13472.0,4d59675b65b6733e525286bbd512e9d5a42f3a22
13422.0,2b1f8ed204609954ab04f7a8c123d400f929e9fb
10415.0,8e5b8533ea819d0252d08f45648782ecd543ac70
11115.0,cb9d79efa87043f76989ed530de2bdb4b1fe8d19
10967.0,d88f2006af35179b986479ac6ad5a20dac8ac9d1
12071.0,844c1b44b75bc5345c26d19a8fa4161f5b00e99a
13138.0,c10d24959b0ad615a21e671b180a1b2466d77a2b
11189.0,67d563c455072dd26e4612a0b050b9f8363385ca
10873.0,c7b7328cc99fd5d7c298e57c6020043451d89a61
12477.0,029461c7d1fe7a6927a6f9d0fa13dbf49543b413
9639.0,068a680480ebf27ecbe57f1406d60157b7d2df38
11572.0,314c4495a3a091867186c62b77b33877c238b0e1
12312.0,a7fdfdf2d1b1d6ff6d4c5495f8223442f65e8447
12002.0,87a746878ba2359a7fb8135ed5829e6c5003b4db
12090.0,8c9de8349ff4498c83f72fdcf5e432a6975d9722
12259.0,91ccb284abcd83a091dc5f2549f6b24df849a2b5
11152.0,ecbf73f72b59f8f5c8746de63270aa1fb3ad7524
10020.0,918c5991faa21cbb48de07566124c57cf16c0cf0
12543.0,960e7b5367a072fe10b8c2c50d2ce68607057f5a
12894.0,3d48e278f8470f7f6fb9aead5521684f618ebc07
10346.0,1365ed5d9a872631b0d451f8508cc61d79228dc0
12030.0,041814193dc9f0490fc2d93db830d64eb2b2d28b
10003.0,73c90d014f024bfa13360c34fa99fe6220cc8e98
10887.0,aa8d7f76a047b24a97614524d29fb5070cf549c7
13373.0,985521ee7050df39f9c06f53b54e17927bd1e6ea
10594.0,6eb0c7bdbb68d7de0ef507102c757c7ccbf582a0
11551.0,08a6dd04f9143a04ee77af1128eaedb3218c6147
12858.0,0a0ac3fa5462cf4a72636ca4498a0a82ac91fc32
9944.0,3578599b6499eac4dc1f320ec5e7d96433777ee8
11306.0,d059890d0342955e968fdf97b5a90d19c9d68b4e
12142.0,ec41989421743aa5c11c2ef47b9d0757fdfd5e36
10030.0,14113279768e0511d6adb7b2ffad21863a7c969d
10980.0,12d5732ad20cece418d47336dbced11d1b76b841
10012.0,b076e227da6beaf87d6c84eff1a92285e4662acf
13246.0,544625545afe2e9c2b358e356c11bb8be53ceb51
10047.0,c98093f6ac852534493956ce6668f7294d608c82
11466.0,df8186833fe47a6fd4b7dbc52fe12f9df73609fb
13265.0,969db5ad69b3efed0ad6bd293812c1c08d71feb0
11758.0,c2dc4049c16ab8cbc215bb0ae80cd94a3d9542f5
12007.0,0505393746d56ddacc34bb1c016dba79429c9ac9
10916.0,e6817ea2cacff41f2b11b5c148a8f220288fcf82
9657.0,e3e15c699139a11c6124e13bacc5da4fb51d9a96
11458.0,9148325b9ca9edf94aaebd453b3cf86dba2ef99a
9542.0,ca27e445a15fba61401b2ee23765349515d3f28d
9623.0,bc54e152666bbd7ed741ec812ea2fc24c894ed11
10080.0,aac81c29a762fdaef6718bbc4883f208283aac9c
9816.0,2c8d1d03599cc03243bce8f07ed9c4a3d5f384f9
12539.0,8202e627c7d7897728d824c84a6d479ca84a9098
11998.0,0cd3b07eb5de1aaaad84d1ff7f7c2ed7dab4b23c
9891.0,ce13af5785bbb7a2be7d42699cfe25117177ddc7
10959.0,d8796e04f8f8a814eb8ae3206624b5c4b47362f3
10062.0,0ba6d95e768eb7a0d74a6fda3ea893e7fb2d7a67
10939.0,38ce4657bad26cb359c2852b792478264d92ee9f
10794.0,ee02d256611b17d11e37b86bd4f618d7f2a37d84
12500.0,d7c0e952f7a3d0dbf7d9489a8b5c959e04bd9379
10603.0,8a8a19ba1eb74feb5da22399a44e81b734c2b2d8
11037.0,780f5e447799b4ab343164ab8beceabcd4ab15f0
13383.0,f0464c94c3844ba38cfa501fa3928a2bff828011
10549.0,83cd9b78a241a04d3762ba7c71c1a0c47f9aba58
11161.0,03bd8709778eefb611e470c76af44b2ce90fbff8
12775.0,93b0f1ca916a693c98e32c23a94a2893574cd58c
10975.0,4c015964da4e7e2dfa504461f020408d0692a57b
11622.0,1c221934aaeab20ed5b6fa245b33b00a8b557533
11387.0,2f12e96d8bfa22c2303ed0482544fb0ab6721a10
11629.0,29e740e0965be5f460f67692a284a9a2deb6bb04
10153.0,978efb61b9cea47ddc2b5226cefee2a890693557
12170.0,3dbc940b9eb690e92fa6d7fe7ebf897a552a1c50
9696.0,aedad3986200b825d94f847d52bd6b81f0419a06
9398.0,4eab0556d29f11ff41758d80c15d6457263f6a93
10310.0,315a80ae3cb65da2aa6308abd483f2f8643f1c8b
9570.0,62c395e7b6c7eb405614969035407560c82f5096
12406.0,9bd69784e31f17ee3501167c267dad5c64f25de8
10871.0,812c9fa61a7cf5a85cc360ad2d85b0a7a47d33d6
12466.0,c8b0e33c3edf7e1f70b2fbf60a250909c917d55e
12551.0,9e6b181b0b27d9ea1157b2ed7bcce04434bc8d77
9446.0,2f4685c8195597d5c150b8fadc1ec4d8827d95cc
12534.0,f6a30b005535fb45a5b4decf084af437ac7fc7f2
10714.0,583f92a6f9332574a4a2abee5ae454e906389377
11497.0,267ccbb4a76913680f4db6b400e05dea7aa84db7
9904.0,946a3b371567af143e13c159f00051353f161c56
12494.0,dc83851aca230648c4f75ac1a0d4b9971b2d6aa0
10927.0,c8e3b601cd8bf3062d416a5ef74c4a97be611923
12146.0,55e7875354416c04719eb60c7db2bac78f271df4
13289.0,63c0369b2466cdf6002b821351b3ea0ab42cd132
12949.0,c658993cf596fbd39cf800873bc457e69cfb0cdb
11491.0,6272e662ae0c99ce7cad912992d4c55e22c8a369
11431.0,882302d2b0b6a5aad20dc08a98a9384165b3ab0a
