issue_id,commit_id
799.0,321a76569d2130a38b2379816c9d00ef6e139058
4412.0,3b0820d747e11a1a7722f0777baf923607fc0485
2496.0,245287fd5a357655f7d7e7f2e333e2e7c5794262
113.0,aeab5370cbefe235c2000a80edefbcfe5d20fc20
409.0,0c63c9539dea0dcaf1c9df389b4b5c42ffa36c57
145.0,c5cd8b9d3d160251e5c352a1aee44ee295f9a8bc
2264.0,9c9690c76cf95df53c1eb2d3ad0360209eb2a50a
1447.0,489c76b83ef8bccd04f113964a346951f3cff1f4
1598.0,a97f28fbf09d2e6d97b626433630df8ca1931b3b
3476.0,f6ce716372d9027a55345027989242e0a4dfebf0
