issue_id,commit_id
9375.0,dc698c5486117780b643eda0a2f60a8753625b8a
10029.0,58fd1f0589d33aeb33c4129cfedfb7737495efc0
10934.0,8c6f8d8c797c1b8576063cc973e6b9f729ec7612
10184.0,3e9048bccaba33805d96ec29f5139e5d6ec40358
11660.0,920e8af34a43ad2cd11190a21200a2acbfd83e11
10846.0,63e204693b782b5f068240568853cdd637c29030
11352.0,d7b04e6fc6ad57c58323f16687c366e19bdd0fd0
12030.0,041814193dc9f0490fc2d93db830d64eb2b2d28b
10419.0,a68c516e731faba8efa884603bb06d17ad494d69
12135.0,9b67e2b699da8d9ced9af3597906b81ad6f106bc
11380.0,161f0a876db4f8aa9d57161c13d366f081369601
12098.0,1400e7b355366a35eb35250c1e6191d4deb21a85
11401.0,5ef0fc3215fb43f5772673b31c51ad8a6582bc39
11609.0,63543a7e35639e8b0b8bce6bb3f80406bb925cf3
10963.0,4bcb8c95d8bba3147dd86446cd91be77051cef96
12076.0,f42d9e0179f11871179bc9ee4e8c138cd016612b
11664.0,5e126ec99a4909efe45f2f32ae076fa4ac8c0e21
9911.0,10533e08e78c1675ef30f9b38b974735247a4507
9902.0,c6332819c7fb1b01730817a2d46e4fff5a60436b
11029.0,6dd087ab73b09e449144ff17450cc14f981b9ac2
11261.0,af85b95bb8b0c82aabe0df0ab24420e31fb057a2
10415.0,8e5b8533ea819d0252d08f45648782ecd543ac70
12220.0,74ccfc4df6002bcbb44dc4ea65400b8b2dbef994
9473.0,c2a8450279d10796e8b4ca79d375e80d7b8e055c
11242.0,b9ee83cc227ac0719a0de937ae65392473fe007f
11010.0,028c47dc5ce8de8a5513d984969f1f4231be6cc6
9811.0,416783156c1b07f28131c493a55a93936b5fe163
11152.0,ecbf73f72b59f8f5c8746de63270aa1fb3ad7524
10660.0,5103fd8134ccf2ef6ed114d525d8b07d148716d3
12071.0,844c1b44b75bc5345c26d19a8fa4161f5b00e99a
10929.0,7386841194d139ee8d1de2749fa64f86150f9c2f
10603.0,8a8a19ba1eb74feb5da22399a44e81b734c2b2d8
11340.0,38749e552bacf13a9fb4444ebb153255519ab871
9450.0,7a1b9005c220afb9271d20a73e168cf18d0cd631
10879.0,f99f633725815635a1cf24aa2dd70bdb094ed7aa
9723.0,709f791af201caaab4aa180bda259989087cfe47
11518.0,aa0f12ce9eacd70932466d248fde746e0b0dfa0d
11285.0,a07253d8269e1b750f0a64767cc9a07da8a3b7ea
10125.0,b470a595f7278acf5e7e47521edf25d3c4f479f1
12526.0,91efaaa1d7486df71be30a54d82b907443d80bf1
10080.0,aac81c29a762fdaef6718bbc4883f208283aac9c
12539.0,8202e627c7d7897728d824c84a6d479ca84a9098
11089.0,9e1a0df3cd1d1bbbe7f9010c4c943bedfdfc3487
12859.0,0792332f77e6a34093cab9c2bc6f638d1676bccd
12142.0,ec41989421743aa5c11c2ef47b9d0757fdfd5e36
11569.0,a0e90bd845795a4e032a7ba82aadace76eddbcb3
9446.0,2f4685c8195597d5c150b8fadc1ec4d8827d95cc
12312.0,a7fdfdf2d1b1d6ff6d4c5495f8223442f65e8447
11043.0,76da5f0a21ca98e4bf6706e182fb825243e76204
12115.0,2e1a3816676724576f75ce76b18ed3ba2fdea670
10888.0,23c40e68de2cffa77c92ae48cca1f81913756d2a
10817.0,e77a4cf3f85b45ad4275dfd661073ace1cc06e5a
12259.0,91ccb284abcd83a091dc5f2549f6b24df849a2b5
10925.0,23bdd4d417f0fda90465e3ab612c682e1d207ee3
11808.0,1336cdb14ff03de754aec6899794742ca91057b2
9869.0,be112e1f48bbdf24d0a714b9cafc3fc9f43c7738
10367.0,13548e8b212b504c9f506495b01855de6d9f6117
11924.0,e11c48d9ce3ee47bb8a966549b14cbd5b10ee70d
12137.0,7dd1c00e858ddbb1107aee1dcb6f65fff84c252d
11585.0,64737f23ea9500c248acf91b117c09ef7a43d470
9903.0,12cf6523226bd22c02e66ebbc441ed7769ca28f0
12299.0,f0eb8d538c82798944346b4b2df917a06bf5e9d4
10163.0,cbadaf00e28f7fe42762b55f52294e3a7bb90515
12627.0,b2771d13b0f9146cde43af00f5a5156f56614436
10714.0,583f92a6f9332574a4a2abee5ae454e906389377
10673.0,da9ce7d8f2e4212cebdacc80f6252b4ae1e68773
12065.0,a6c8042121371b5873773ca767f28cdf5689d5e4
10266.0,5eecd55a6f1d6d149b42f9b76aa53d4c5ab8d3eb
12831.0,627bf95c11199419eb6d2017c322a0d78ef3dc3c
10597.0,468f080c98f06780c950e5a78c9eeeaf9fff002e
10282.0,e6d21795d363165b36962e71ea7ba7948185e26f
11708.0,c3eb62763fcc5029c26b025ba1b60d7788d491a1
10259.0,25a8973dfce5251c0bd527ffa16ce17174b94218
12492.0,2fadce57f0e12cf96f11fa1d42286986eccd70a8
9705.0,a69008527787c387be7d7d4f6de91f9f08396dbc
12543.0,960e7b5367a072fe10b8c2c50d2ce68607057f5a
11658.0,c05ef1fd95a6024155ab59656fef8dac5a45c335
10207.0,84aa7b5f4167afaa8e4b24f2449ac76c11d5e8df
9457.0,cdbe1542d7b694d96e428fcba340fa82bc4cc8e5
10980.0,12d5732ad20cece418d47336dbced11d1b76b841
11508.0,a37b41d5ae799c338958b3eeeb884074dfba865f
10616.0,bb9b800ebba8914b69db362cfac4e7c8a9b17a9e
12122.0,328df7303425c2e3bf4274bb1eb0a2040bab5d8c
9429.0,ba204bc43847a62de8eb8a7941da24f1fe6ac2a6
11542.0,90c90b69cf35c0457ae52e97e363b82562fe1920
9751.0,886c021e00c9a12e719371e234bd6df4e01a703f
11725.0,7cd6c59789c8e469c0d3cab6bca7ae3d2d028002
10975.0,4c015964da4e7e2dfa504461f020408d0692a57b
11163.0,621ec292c2609b82fd3f992b5a66f3d6611a4477
9542.0,ca27e445a15fba61401b2ee23765349515d3f28d
10444.0,ffa99d69f7bfa42d060c26032793dc650002419b
11383.0,dc6f00fa0d831e8583a5285f032cf583d4980c4f
11030.0,9a4c5d8f10667e571c23f1b2f2e0397a85368bea
10864.0,e94e2cc5761e1a516f70e1706498b85cf9287297
12496.0,ee3d6a6465df01d27cbf3bb3c5bace05298756e3
11160.0,ef0c95aca2fd19666711422c14a6b16f8025ed84
11167.0,d6388ed6457465ab35da8a34ae4abf5847a50cd0
9520.0,500401bac7dfbb922408de79a1e217856cc7c627
9638.0,388a9ab4cd47d76e6feb592a24d76503a692a286
11575.0,a96d8709fba51b70a08daeea12529948fa800830
10230.0,bf1378f39d02b7d0b53ece5458f9275ac8208046
10986.0,09a984bb256e0c28ef03eb8128bdcc851b3604ec
9435.0,531a8eabe222c3831cc5b55bafc81d2aa36f0672
10994.0,cc3521ea93b0470e9ea11151a44c30b54d4d726a
13256.0,a47f5e231c51fe3f1e6212ca05a20286096bf2e0
10462.0,df03bb5b1cc9fd297b0f19e08d916a4faedea267
9513.0,4b74fc5418944c9f449eb88ed4b40ada280fa5ca
13373.0,985521ee7050df39f9c06f53b54e17927bd1e6ea
11558.0,384d3bc35db3359cb7c1f560e053f2a510d9381a
12242.0,58399c111a4639526f8d13d4bfa62fc3d0695b02
12949.0,c658993cf596fbd39cf800873bc457e69cfb0cdb
11091.0,9400be98783135a1d42dd238f4e6c3aa048eceea
10754.0,b2979c25d3d7d55a6579de0b2906c66e8fd2e172
11388.0,7d5d4a6368e45cb9939acb04d089cb46adbca32a
11872.0,bfa87eb1b0ab53c5f1efab1ec1d91377678046af
11593.0,fcf2ed7831185a282895dda193217c2a97e1e41d
11562.0,622540176d0943fcc3e361153ddac2ae08eb7e70
12231.0,539aff8b37023caa177c1dcea6470af6e8b2d88f
9775.0,e2a10a5e6e156a45e946c4d08db7133f997c1f9a
10389.0,29a22a8d59b5e2c4282f1e7f664d82595049eb9d
10655.0,69c30a150f0b2caee7961ca1c0080960ef5ad6f6
10016.0,b09ec1c9bf827622a5eebb94ba0af5bf202ca359
11226.0,33902e53eb7312fbf2f17b7b700bdb7683441a24
12252.0,a546ad4ad63c4410284387e55a8cd63a4244bf92
12017.0,fd537c7962edf563a3bb14526de9ce57dd26c341
11758.0,c2dc4049c16ab8cbc215bb0ae80cd94a3d9542f5
12154.0,59fd3ce3814c62882b540cb6098e9c37f05ceb56
14121.0,b5cb82c689eac0e50522be9d2f55093dadfba24c
10275.0,c77267af5fff5642951ae4a2c9bb09fb6d698c30
12506.0,28ee86a51fa628f65a62d077e8dd9b7099b1749b
12216.0,39c301d1823ff28acf610433794c2a79b5c00a46
10765.0,1fc585adb57f20a2acf69f0cd08b731259b8d2f8
11258.0,2bfd1f2c950df5fc3f40b903c1966f1b0a48bee4
12205.0,c13d2723d01212d09dfdda39b0ad439803ec9230
9920.0,5caec3330b5ecbeb138026bd2be9b1adf6a4e2cc
11260.0,f8e80beb96a88b3ff8679ae16489502590d614b4
9555.0,f47e362a18dee71f31f350a660ed2883699df05a
9802.0,ced81968b0e9d8b1389e6580721ac60d9cf3ca60
10476.0,a9a68bc9deac5d72170ac48c15c41b0defc9753e
11997.0,5a8c85f1261e926a7f4bb52fb72935c574476ac3
12984.0,b810de658d022c38ce14e49693e6cb45d024333a
10183.0,50411ccb0e7059ad2bd9286b64ffc2cda8957025
9891.0,ce13af5785bbb7a2be7d42699cfe25117177ddc7
10461.0,e6cc185af4dd0b5f56fd4a3f30c0933bbca6e284
11722.0,994c4bb338ce440a27df5db48b8f5044a3e8f611
9478.0,5e797436c3defd2d863ac1ffab11c48dbd42588e
11124.0,f60313e29657b2afb6a02f28dba5936bc0dd09e6
12313.0,304b3958cf0787b16f4d23e7e45b26c6603c7fc3
11085.0,a9d9595101f7e38780f197dfde643fcfcc0814d3
12721.0,2f31fae720b25c60d15e1f30d17dca8e320dd92d
11153.0,adfec1e8440b3af64b642ea75bdb21bbee70cc80
9733.0,f7afc73780ffe89abd8dd08ebd815cbcf56720ee
12541.0,ce67a90decbe2f26f9ac9597d518f07b01d0c293
12533.0,adaed1f84a0d980a660eb7d5ff271408374e5bef
11114.0,c913b6da92f6ab9a3f4c897caa4085e782a14680
10887.0,aa8d7f76a047b24a97614524d29fb5070cf549c7
10158.0,528542176f70f9a889e84e4494032f42a53bec67
11254.0,4dea0f867aa29c4e6bda2a66cdf1254adfa20400
10749.0,1c4bb1ed8286b723d99b419a6a5e63286353b149
11263.0,ae6474df5ee2072cc056e02803c3b58efde1f5d0
12253.0,faf0e02621df87abde519466aacc130157e29c6a
10921.0,0151028441d30525a0a553eb7fab4b08269e8266
9834.0,b13326498e7cf7338a397f93a75248509256adc3
11975.0,88cf9707530f9bb3246779aee0138e49efecc500
11820.0,0cfa5c2709906a7a76f552f71a562f899e408695
10422.0,4f90f95fa5fb087445acb40c110770ebb3817b28
9390.0,8c2944e00121b6182ca7e0ee7d9e6537eb3e56e5
10236.0,2eed2a5d688e8720740f30d281a18fb2c13a15fd
10916.0,e6817ea2cacff41f2b11b5c148a8f220288fcf82
11391.0,8fc8a1681332cc4c8b05260b20ee54fa1589e3d2
11668.0,cd44c6e0aaff4bb52a060d778025b32dbde09b44
11076.0,23c20f756be07a9e92d9513181eca850fcf2af62
11115.0,cb9d79efa87043f76989ed530de2bdb4b1fe8d19
10946.0,6746bda3dcda273580fef2d911c6cc333c8a626c
10034.0,49b9682b3570211c7d8f619f8538c08fd5d8bdad
11504.0,b7fad0752779177e0968f93832d8a5b302236a7d
10212.0,a07d9f3f3665ed79401f37f0c5759f271268a34f
11513.0,2898da6cfcc893aafc0b9016f934ef08c196b9d4
11437.0,b9a74813081303399e8fce0f9f5f37f6a8343b03
10797.0,4db04d8701a64ee249dfe6ce09ebd89063bfb99c
11140.0,5b6243485acc20cc36f2db4f258512c332d691ec
10688.0,75114feeac5ee6aa7679802ce7e5172c63565e2c
12540.0,78e1f57c484da15466a34ed543a1cc4709617a2f
12228.0,3e6db0e99ef56b23b3977b5969413d0b636a6fad
9642.0,c08ef613af27da896cee168daeee5c6fad1980b6
10552.0,5a7a789ee9766b6a594bd4be8b9edb34e71d6500
13322.0,cf9595ae20be49917f2a19b24467e822ac878269
9639.0,068a680480ebf27ecbe57f1406d60157b7d2df38
11914.0,c1c4afe60b1355a6c0e83577791a0423f37a3324
9789.0,1ee31ee45cc3386cb94bc1f5014f2687da1f63f6
13289.0,63c0369b2466cdf6002b821351b3ea0ab42cd132
10860.0,672a873ffb344dfa030103cad69bdbc948184e8e
10952.0,6d30ab70a4f116554aa610ec1c00a6bc5f1247f3
11588.0,d78c982b326adeed6ac25200dc6892ff8f518ca6
12669.0,6b8a3bcd79beb264794ea72fd7a86c64c3f27736
9921.0,0bcd9061856d699d9054f9475b5e59c51348319e
10967.0,d88f2006af35179b986479ac6ad5a20dac8ac9d1
9570.0,62c395e7b6c7eb405614969035407560c82f5096
10845.0,f6fad22671db9506acee34b9fd33361de78ab148
11629.0,29e740e0965be5f460f67692a284a9a2deb6bb04
12568.0,7c7e51ea5ab47b67cd68374400051dd022bdc662
10931.0,bca4cc4df563a1d72b91460bc29cb18e91d14057
10647.0,da5a6ac579dfc80cbb220bf092cd151eca7ffb2d
12858.0,0a0ac3fa5462cf4a72636ca4498a0a82ac91fc32
10912.0,b2f75b7a3d1da174a4859b1c26e2faab99041d29
10698.0,2526c85ae17d83cdcd826ceeceb7643ae5cbcb2b
10357.0,bbf4283457e38859d6dff5a2f0990f8347799e6c
12146.0,55e7875354416c04719eb60c7db2bac78f271df4
10468.0,a2d11d4724d3cf4a0b18a7fe8448723d92e1c716
12056.0,e4e342f70dec046fdb1a092e5a12c565f37b9ddc
12029.0,34bce5bac9f434dc501f4cbff37b44680271a337
10174.0,44fd649069bac653accd0a47550619d69015a91b
10130.0,08c873669f39b37743014db99fcd2d308f8ea5ea
11289.0,5a24ebbb432dee986d6bf1c3442da5955a9bfb73
9816.0,2c8d1d03599cc03243bce8f07ed9c4a3d5f384f9
9696.0,aedad3986200b825d94f847d52bd6b81f0419a06
10046.0,3b440235e237ef59ec5763c413e7f4292dab5d79
10012.0,b076e227da6beaf87d6c84eff1a92285e4662acf
13196.0,a39f10acf3eac5e6ef69d084616982a4d4ebd8bb
11499.0,5a8f346e64cb432a445002230246ee042dbc278b
11636.0,a9cd4bfc8fcc7ed43e092c84415c261d30e9c79f
13265.0,969db5ad69b3efed0ad6bd293812c1c08d71feb0
11491.0,6272e662ae0c99ce7cad912992d4c55e22c8a369
11497.0,267ccbb4a76913680f4db6b400e05dea7aa84db7
10743.0,aab55e649c34f8a24f00ee63922d049d3417c979
11551.0,08a6dd04f9143a04ee77af1128eaedb3218c6147
10972.0,1a2290ae91a944416ef8eb517e97b21733c9681e
12007.0,0505393746d56ddacc34bb1c016dba79429c9ac9
10959.0,d8796e04f8f8a814eb8ae3206624b5c4b47362f3
11049.0,6f53d0ab98e0fe0b7d51eb5a14eaa5b04dd91925
10410.0,a40f33556caef1ab0a3f75758f194728c804dcd3
11202.0,630a3a877c3c96ce39be7b0611570466c8c9f447
11036.0,3b7b071bb7b4537576306f00703c5c409bedbb43
12323.0,d48e97079914d897e82ddcb1a45261ce4415b8ea
12632.0,261bcb2515a82ba4c96c03e4960c03195218ddb4
12287.0,cf6ca32e7ccf05bdfb35aed80726265b61256ea1
10523.0,d1b40b169f3d70afe4db539d140d6ed374dab21e
13073.0,3bda5520b787f84f687bb116c460f3aedada039b
12498.0,f0a24a009a392f71d9dcf4fcffe2ecc9e9f36c86
10812.0,4ba641806b4afcf95bece96c3b15e646fc092161
9656.0,5216360a3c70b0f4d685966ef449645fa131ade8
10373.0,67e242d926b577f440217d9d10b890f54bb875c3
10006.0,b26fa3b63870b6160340bfeeb384b8d812dbbd15
10035.0,a1d544f4a156373b1c9e72d3af0bf87e4d81d90c
12477.0,029461c7d1fe7a6927a6f9d0fa13dbf49543b413
10189.0,a6afe7c8149c61372b2aae6ae331d1584eb8a19e
11768.0,7bee9a18d83899ce6dfd50c4883afc678139f4ad
11147.0,40a9ecc684d2c5e7fdfc09f46d0912940b74ab63
11378.0,02c1f8865684a055416a93bdc8a7bd07c988a09b
10153.0,978efb61b9cea47ddc2b5226cefee2a890693557
10209.0,14ff5175181e680d75b8d4ad6fe0d7d4dd35beff
11199.0,98465b85d020f1326bcef7632f1261a9a7a84e92
11002.0,8e8f989b850d37a4cbec7a0409343262bd963d0d
11294.0,2b963e5ab64166ecde96c2828b937414fa9bf4e5
11373.0,6dff721a3a8755356b2e89d02ef63ad8ab38ec95
13037.0,ee3997f2e6dafa5e1fa93b71dcf428a29f8066f6
11187.0,6c92fa425e980f2a2a83bee8bfa5b5e4113066e4
10020.0,918c5991faa21cbb48de07566124c57cf16c0cf0
13467.0,afff7b4326f380a54c73400d1e2ae03890162bdf
12546.0,ad578c4c19444af9d1f0e0d51a8283eb0db1a264
11412.0,37c0c1e1975e23bc96d31ed2c990412d0239a406
10194.0,8532744ad3de309e807ade1b9b6eff9603305b1a
12193.0,7a4c2fcdadf8ddaab1cd7fb461fae58bfa36a6ea
9384.0,173a1a545954bae38e40f4fb0bde228765a9b059
12336.0,c24d16af155e20976bdf61e468ba760408e676ff
11166.0,6773d96ee495e205552551b49b08f2d927d36ebe
12459.0,91765e700b1d5e465fcb56bd2c2f56384bc2772d
10077.0,a637960fab61b66848a36e6a5caf0204c155af01
9996.0,ba8b3fca6e9e4e863bb80d134946be1b60463718
12628.0,30fe4ff1f12ff0c45bac8738b4d2690eadd056b2
9398.0,4eab0556d29f11ff41758d80c15d6457263f6a93
11222.0,32fee92df5fa21e3d1ff6375f7a5a923636c311b
10957.0,79a48bd9ac947dd6bfde19f24c4bf88b0002a5a5
11394.0,c2244d2a4cb5f86968fb117f75469283a19b8a24
10713.0,f86bc57d621fb0325e928271b246d197611b0e65
12904.0,b2f989889cf7f68f8573eed70875e283dbdaf2a8
11021.0,66f8cc7ac4942f7f9fe0164a2a854a6264b87735
11901.0,8f41e41eda6e8ea96403cae5798a5a89c8bb5605
10997.0,f06c7e4dcd9d3044580dff155cdeb4978e622188
12226.0,8bc53bef4fd373d0f4276d00793b9a35fb1a4ef9
9601.0,853774ada4aa191ec8ad2f5a3484fae46920bf7c
11392.0,e15533e6c725dca8c37a861aacb13ef149789433
13477.0,ecac367b2372b5f2326fcd3ddd11718323427f4e
