issue_id,commit_id
2259.0,39d55525ac8f674b40be5d1d3160b9fd33ce501a
2395.0,bce8ec75ebde8a7f49fbc3a9825e667d7327c64d
1325.0,7ae1c5a8b928f29477796c24bf62e737cd577bcc
1621.0,c72e7c7c70f1553295022c70d5058ed11932c16a
1912.0,c80ea941d06b0899b8ecdce6179e5b5259e1c5ac
1502.0,cb9f64508148453dcfa4deaeb4ea95518f58cee0
3248.0,53f5fd234b8a7377c401ae88e2fb6c29812715d5
2234.0,ec18fe94775aaa3d54238c6c75b569491803134e
1801.0,8011e1de28c82e5ab5c9727d10bcba997e8254ce
3434.0,bfa9aceb03fb728acf90436e1bb47d32c0ea5a1c
525.0,9034461e5bc3a3e75c64b603c89a28acc7bd2144
1050.0,32d32249d51f37ec53779372ad23616efbf4d74b
2325.0,4ec1fbc9f52b4b3997a1978ab3390a5a1157ad6a
3541.0,f991a898100359684111be1ddef7bb60ab6f0f9a
380.0,b786eac5574e478d51314333fb6309456bff7b76
2326.0,7c0b36f1467d2d8ea5fdc572d5edfce476a6eb89
3453.0,986871bf4eb85ae62124e71ed579b6baa0ddaeae
751.0,7f35fc293559e5c809de78909872896236100189
57.0,a6617f44c0416c6877d930b312e1f64df08eca0e
3684.0,2fa8eb3cfebd7d797f8d27bfd05ea5f63985665f
2699.0,746b91dfced525651c9b71a3bd075a78d2b9262f
2724.0,6f84cf4e4b4ab71d950db28d1b0776e07a8726e1
2695.0,b178e89e4456e777b1a7ac6d7199052d0dfdbbbe
1389.0,ecb8f81760db351957bd413181a86b375ec347b6
3054.0,717f9d33ca7c803abf781ad81d3854ddd7869900
41.0,854e0e26d16408760072308c44b9160a9fb39abd
3529.0,3d61fc44280e5e77ced09e0eba9634ae5e5f4727
2331.0,471c7f3220f45f60a56515f9c1dc55c794b6ff36
1315.0,dfeabb7089e989040d0169df4c7df6892e45422d
2342.0,aeb82a404f2926613f83070e039de34cc5842b52
1851.0,5cf261a2876cd311c7abe17c14da733a48a4343d
58.0,f5fb4576577cbedcedba9eb16d9fdace18c9292c
3437.0,28d09ae0fc518f2b3e9138f0fdfc2566459a52e3
2898.0,2616d97f326504b494304fe744cdd5adfc9c6d91
2754.0,8c9df3f4eb593cd4755b882d8f412a13ad97429a
1855.0,d80fabd9f633fc0ef2955a127cc980ac9b0cc8fd
439.0,f43003967e2139ee6d89e7dcf267ba8d52200ac6
3375.0,e17c3423bd306b04d27b6a2e53c80f1ac2179054
1135.0,9d64ff420fdde3c6eaa6d573d41da3b2f587422c
2854.0,914a033586becc94a4001a448107f02d547d81d7
253.0,ccd5ced70e48515e222b84dccc8f21d32c864dcd
1862.0,a228a3b2cfbc53d428f6cecade8b5b0fec576f03
811.0,da49f7398d80cdd34e7f0bce28ea119a19d8c81d
3208.0,4fe81d7c62a4ecffd238a74783c054c4e5235fae
2582.0,22e072379b9fcffd229cdd239dd3ff5ed4eed571
3174.0,8ef56c8c6d0be4d4a9e844c723e70810a0be2fbc
3104.0,2fa30f6a9e67e4515c85c6fe776783b058097498
2591.0,f2cf4d04494cd9d57da6be05debc0967888dd927
