issue_id,commit_id
419.0,a05e9a571ded0b6ec3161112446524355c141d6a
224.0,51be1f391af44531823da4c6e158a216f3de5457
879.0,f8757c6f59b063786f7ab52479665cccb8ce21c7
408.0,f7aef6ecacd0dc4c1343d3aab534c12aa50cd51d
561.0,beb9ceae946c3db9cff6d21d0f35485e853411d6
133.0,591534cfc8998dcdc1c40beca4f4895074ed7099
273.0,b245e8e0d378344fa24a4ea94e9098fa842387cc
1186.0,0c24e8bda226f3dbd6ccb0381515a9c903847249
977.0,9494ef705003a99b2053f2b4084e9346b6c279a0
376.0,54acaed24f4600f999d823568f13ca146fc60e1b
1009.0,1c66dece59d4595eee3fb33d2609e2e288a28ff4
750.0,64f1a6d317d0ecaa620ebb586fc9a62fa2a4f318
1122.0,901812a7bf1667117668e24211a99ab7b867b98d
233.0,486308f8b27782b0f16fbb24b976ff633426b9bc
638.0,4ad7c0f11b92348fe5b5b8d6a67c62f80e1d05d5
1114.0,f25e49555aa53c740baaf685e9ed4b34a0a5b6f2
1195.0,df1b40ca2220b0211e8a86805788c70f674a1f1f
299.0,f39eb99eb93b4fea7a4b4f1953bdc86be6994b36
693.0,219b4a52d950255010b072634a9102b49982dc09
836.0,a6d07e707a1f50b6e1efc20f968570c8bcc0a77d
918.0,eefe294cc9f338ccaae63d63b07892653c745d77
170.0,55120a99589eaf896a4b56cf347affb686445f33
763.0,058b9947e4e587c9eb54f4797b1a1596fdb98cb6
532.0,17790dc2c426c4cad9b886d4d62c6721373d166c
508.0,85d0ddb4564b40dc1283428e52c8a51bf0d0990b
992.0,ef8aac61c476bd46747d3d4910a4d494a59fa375
946.0,819f66e5b550e8881f2a650c0d70bcaa01af8ecb
1095.0,67799b98ab2d6ced76b8e46c4d857943225beab9
262.0,cb9905a44e78b2fa257fc5308341a2d010a306c7
830.0,885373496002b0400c1d7ade50330b969ec67ffb
395.0,00df5b44c9f0291cfadcc0e8e101e8208578350a
490.0,c53221c38574711cdbd9e30ab1705967d4e96288
970.0,923f2d64417ed8ab3b778b87a517e64c0534b6ec
667.0,1e1d980ae2967a9fee14dfeb13a63cbe34769fd5
602.0,72afbd8e77d0400c237b645e86638095532b2e65
234.0,d0eef1bb1447737b7341da268e3dc6361d17a9c3
482.0,60adc95ef1377f79f9cf7555b0e15762c7dbef70
559.0,0c226e6e7e1b93b48ba3ba7ad9ade5ff38b06987
821.0,b2e572bf8291c54ea0ced8a6e43444ed6ed2c744
1.0,01fc25f919df5023eafe64e98bc6a7a87361debd
245.0,e3d34fb35e716546eba77c222dc242ad6cfae268
252.0,cd70f036f205e41cf1fb1a34785f1e7d9e80745d
161.0,cb39a712f96e74b193f7c62da9d062b047703162
172.0,7e61c6ddfcc1680d67113dde6f45977d428ce903
529.0,33eade861e9aea83ca7fda262026312d2873f302
269.0,a37713ff0754bafffb6ca7098b99d4fbb4968e8d
137.0,35909de7517077444bc9db39aee009b59fc10e1f
368.0,4055b726cca8d3c698968a96111050fade53995e
1196.0,41dd24e8da9a812cb41e022c33dbe9835361d7b6
1199.0,8f7e31450835bca5d9a8bb4de252efba6f4b7b10
155.0,4d60c92184f78e91bed729db0adb2a0272a9c6b5
982.0,0cae7e20361dbee41fb8f79d7ee9c763d17d51e1
95.0,21486c5b0aa9ecb8c8639e4b4e020e8065804515
820.0,a3c0d131d7029e3058b4beec8f02fc60a6efc955
713.0,11959265eef44ec984297aa3a5ee39ca5e8e3ffa
504.0,d378ddf55951f010092627158d12a3160c752ade
1060.0,8c597751fdbc5a7082ec6f3053c1b066bbac5b3e
781.0,386838b31fa4928dbbca8df1330f23df977f9b23
1039.0,4af4e33e31dc800a8ebaed517e0a781fa3dbb437
154.0,d06e9d2c1b010b4c628e97a376dbab698cd65e40
1141.0,8fe316e5376738880c9cf4013f37ff357f428e19
544.0,986fd2d9921ee433436d72b3ff5e8b6c2daae34e
684.0,66cd634de462c685cd11d08b56e39289dbdd109e
279.0,ae94c1640c833acd0a2d5fd8dc2b037d84e02bce
379.0,7ee8a9035821466640ba2700cf2de019a577cb31
458.0,becd32cc4bf4424dcfaf4b9a495ad0ea97d29886
429.0,a54830fb654c3c415f20886f317e8a6443131368
818.0,c664738a79f20e2c2919177a667d586e4f802368
254.0,6aefd3d2a5477ab60137dc521b0a1cf5ddf1418d
816.0,2c02f56c4123a8a2943ed9f7c868ea235a90f42e
699.0,e4d75fcfb6901af25f51261085a3da6ea770553e
583.0,ab6efc7457bc2d764610b0bbcc8cc464925b18f0
653.0,6e38853c99a6b01513dc4595e5103e848a09e63d
487.0,64c50cfd35016b24d09f1fcf60e8d6fc2d0685b4
3.0,c47c647e7dc8f2582af657736bc87c153f4fb576
49.0,3f78ce7d643e10034795cd51405dff39b944b1f5
557.0,28d01e44ae4b7741c461116d660b05bc27b5ab60
588.0,185620bb3fe891fa6e074555f256df4bb2c58c63
512.0,92cc469b7b49984026c15778e3045513cb1da202
317.0,e97cc6586d4976eebe30d343f729cf622ad8c558
204.0,fbe25db9cf1a863b8910a614150463c86a240aba
607.0,7110018a8bda23d9abadb6144d896fbbe589279c
259.0,44528026d292737641ce8011b5096ade8f87a9a6
333.0,27c2eabc08269851ed97f3d79781aa76d4722ec5
539.0,eb536a6f64672e54e4dec346c8de602d7de435b9
871.0,364ee6c33d74ef5b907242cd56f299409e06bcd1
1109.0,2bf01a77844532cce9686a45b227209f85646dde
903.0,5491d288fc7ea3a512a69c1da0b27d0d77c107e4
673.0,56af64585f4f033c25cd574072185c85c26e52a2
698.0,7eef21e3d371bd2a87bcd8a170e162991fa9cef1
391.0,6bb6e90f83929d26b3412e5859399dcfb72d4a62
631.0,67ed13498d2efb210ebdd8c284165eca637aaa46
244.0,f20c498b1bf63cbdc16720cee9b787fd911705a8
825.0,64f42f211de19b8b80ac15425f863d959e9a23a6
571.0,f9b73bfa25f2a2351fbd7355a7ffcf7945ca6ac8
271.0,63c45121abf9afa230852d6d21d774f324d91963
1164.0,d9ea18d3a0f93c7990bc5e7df76daf3e608ae3d9
624.0,44c7eb10c6532e45df66dbb552408455480156c6
94.0,63fb6b1bd1068960ab2536bb027f0858d4d68d06
83.0,1464a3396f7f9dd8737b97963a33cd1afeef421b
71.0,6a9065df1c40d4b18ed15ca1882d13ae00f5070b
740.0,0ea4c177c559ab467848af2af398bd66d46dfe95
