issue_id,commit_id
1630.0,b3b5a98fd09f4c02828765a5968825ab4f11556a
1235.0,70a33ed49bdc47cdb8e3af923ae315d63f406f0c
655.0,ab3d9d12c6f16712895735903cfbb136f22aeeec
1558.0,751fe451df7d0e03754a02a52e4b59152b37891a
2208.0,5b7fd9ad889e54d4d694d310b559c921d7df75cf
2278.0,9dd0a0a29f3e384043369a4e902d2a55e311795f
2261.0,c590e820aadb9134a7fb19fe32c8ddae37199ec3
3244.0,b61cbf8ab437574d4b041e49a214240b650eb1be
2935.0,e08bcf9f9700180a09f77f52604ea6de36fb83a8
3063.0,15c079f500967543c033ddeb113febc1d84abc87
2346.0,b7eca826aa94d87b85a998916f1ccc0d3b4591c6
2583.0,60eecb547d8af9916c55163c7356999ca2d5ffb9
3169.0,f2c854060adf021347a6c4217fdb06a77a38bf58
2378.0,29c055a2b4327d94c5aaf66ae00514199ff146cc
1840.0,e4c712ffd2682f963906e1d0d27e67b7f83d95ce
2795.0,9c0e110e233f67f1853a4ab8e0521ed4ff8afa9a
2318.0,81c2440a054a0aa9110ec1d5aa0955055c08050e
1998.0,6e6c3a4636387892e3725f1ba13457966c188b87
539.0,7003fe61352bab3a1dc62d18dffb00ef749b050d
669.0,6fa449de00ae89bb1d1ae5e6f793b60d32c1ba76
570.0,661ee54bc2bc1ea0763ac9c226f8e14bb0beb5b1
2394.0,4c564779d159acadacc078988f7a40a3e5794eed
1851.0,5cf261a2876cd311c7abe17c14da733a48a4343d
1848.0,19b134002cdd6be9f3543a7b6d18b4c05fa44fe9
2870.0,93e4b714a179c7132b505dfbcd835e7aab542a56
3315.0,b7f6fae9b34341b9be7742b86f6caffe07fc6f25
257.0,c5340b1ec471ee8535916eeb042fb2710df64276
962.0,ccc2de19971c6c88202e9068431e562230f84b62
3513.0,bac908ef35338e78422c5edc0456a22d04debfc3
3574.0,d091bb00c0358e9f30006a064f3dbb671b99aeae
3562.0,e69b49bd3d2df261316c1c5dbdd53b96d93d2f56
2123.0,789715adb9949f58b7b0272bed1a58d7cd0fad30
1186.0,a25ee7e060ba449f36daa1ba903ddd116b6422e3
2223.0,8b45009dbc22508ca6d9dc06e79ab23914ed14bb
2412.0,59f7966e3192bcf478a213ba0aa9cd3bda7da4e4
1455.0,3fe68c221a41e8b86107281d869eac435e2a4154
174.0,04e70bd5c7bd80696eabaea11afd9080d874f859
862.0,4c0253f9fdd4812b979532f1e24b7f0ebbd1626d
2305.0,54a18a5e94116342b2f16a8d558cce366b644a64
3179.0,aade460f1557aa0546ebf248a4f323140f30759f
1577.0,6bf42f9a845b7e54a39846f5410c9e3f6c80ba18
2067.0,77af942b982a3b07669362cc6bc223026bf039cd
484.0,7c79ce6e418f07a49be8c25a4c5a40e5347be257
2580.0,26f413e1e55d3b57fa164114b39f6cf74669591a
3232.0,5e15850532be5521dac7082b155b15b83e1236e8
1795.0,e8bd2c92029455abfcbbd3e10b161f9da0d269be
2196.0,c43560777a3efeaeaf0eb47568171f04103dc363
81.0,ed16ae2183ad44a7ba89aedd331a180455ed0836
