issue_id,commit_id
2641.0,cfb56400b29316a43208053a8ef6d48eb0eb499e
2197.0,1e95bf59efd5ea98ef6181793be3b2969327cfc5
5263.0,214525c2c16cb527a00e31ce47d274266cb5d418
537.0,e2a5310f92b19bba1de1b6f06be6b205d8135693
4703.0,4ee538e44b2650c49054b1f7f4c87ac70350471a
659.0,2c8eceb5b83f4c2fd11ed570e3dfd2841b9ce4de
1415.0,1b9b21119286194a3afefffadb6ea3bf19b4356e
514.0,21a8a9456c90182ecc412a54f6267f0ce92ec86c
2249.0,de1a6ac677354089e57d05ccb2c9982a4bab45ac
3038.0,86c322c3a819405020cd884f128246ae55b6eaeb
1302.0,8b3ca4f250b4d831403c7fcfa72efe7ecdfa5247
3548.0,76433feb4f7f818cfcb4ef70a3f4df26f720ac42
92.0,3286ce4f42c7a663f24adee2a6c57ebba9c68ba0
248.0,3a6b80259d246b52472fddc1b4fb80155317ce78
247.0,b11e11037f94f6fc23c5fd4052108edda6b57d05
3712.0,68d898d49379f5bfb2e88095b96c9c596883e045
999.0,f3110aaed138cde754d107ffc59ab3ca4fb22e6c
4835.0,ded9a5a085350237c2ab49b515140c39e6710635
904.0,0c23b1342b17c420c7aabaafe01d34f3ace98b60
3045.0,bdc12f39949731e69aaa32c36490e1b6e56ca98b
2091.0,1737c15826b4ff1698eb9e9f5aacf659695ecfab
3607.0,4196d4869b8c5c14c9db19290d875fdd9958265d
2646.0,1c0da1749d5250bbd82c2eb76fe26e49be13fb74
582.0,45c9dab15b5f991bb47f7bcc8a836ce8a73ef0d1
173.0,c1225e0f451fd9261fbaba8b737ed6a9603aa69d
2921.0,1d9c8f5295f67160dbb8a2acdd1223746d608d23
726.0,21df09d809a271de3b1a3e00782ba18e6609a46d
4480.0,885b0ad2d4cbcbcf882e4ca506116d5da163fef2
5558.0,ebc6f9c4eb51d7898e21b0b09c4a4304237874b3
160.0,483a70cb5b93476d04ae61950dec12f81a24c7aa
3649.0,54d106033f2d185c8a33a323d19f627c5cd96cca
1533.0,0117c811c954fd3f25ed5c6dc05185c3ef3e18a1
2530.0,afac3fd2c28ac5b16e7e3c95fca5acd1334f8c58
4688.0,61459de476348a2606372a0a626fad6c89c39e31
4074.0,c91390558dc0b17cdc78046f38dd97273a38ee59
5209.0,abe0b37d307d40897ca6d7e61aa5c137c8e6a4c1
629.0,aef14cbf1b626db557e871f8f0d9b3d5f8e43e29
575.0,b74e7dd30aa2e11c0499d22452618c0100b2a728
5692.0,f4e2a10ed6a44300738bd3701ea62b432c9c1a06
253.0,0bf9e4627cfcc477f23fb81edabbad85c24911bd
835.0,ee21eaa6f3ea79b4469e502a308d66c770b404ac
5406.0,f449ee53778b038f9ecb1feccb2fa9baa40e1f56
3153.0,6c3970e6722191b642fd99c6c1bfed0d93010cab
5310.0,9828cb3f0bcc084c99692f19e65c2ff61a06b35a
5719.0,d5b6c236a90aac37b7942793e4943347ebaa65b8
147.0,a59bfb539d5fb08a1a27a4bd63a753b571eaf40e
804.0,e748ca50ca3e83ac703e02538a27236fedd53a7d
264.0,b11a1326b998344a489bea06e0f18cf1b549ce2c
3860.0,488156b15f4958aceaef235885751adee777859a
432.0,e8ee449a2a9c98a193be9194d1bed3be334e6484
3884.0,67ee0b097fe15aefa787bce64f6fa085d38e69d8
4778.0,f173af6b9d214814b1d2a182039052b45648503c
2572.0,fab168bbfbb84059759820ba5134d8406971095e
1980.0,bd3e71a1eaa2d780c821c6c1625571e1161c1385
2464.0,a8893190a10798b61029d141a52fbb8deeb86d3b
2082.0,ff3e299eb0c6fe486ecdaafaae340bb55a0c226e
135.0,180c091fb2a281ab1f79f9897b32687a877582e6
5210.0,b406affd5bc258dc4f0b7b39f78ed4bf256282c7
177.0,c01f81ab44a025be3e20e76e08fd59458bc2e8e6
1495.0,692975acb40c6394424dfb728b1ffa46b3b3c55d
4331.0,88179027de03dd983e69259111ce27111a7916dc
273.0,002abf204f297b493f3fe01335c136bead5bbf02
1678.0,b4fb9d35342bc41a0149b74ecca38c056beaa220
1530.0,451318ef7a4e8ee7837b83e73b158da98f579980
828.0,7183a87c35390a08f5644bb9a2a6c620150b4362
191.0,35e6c8725bf8cdd35c23d41caaf7c88e31ff3118
5328.0,3659a8c8d9043a9fccffd2979176ae32fad83113
3544.0,b5026b842c8e17ac7f28b28b5fb1c72db2ca8a7f
2159.0,1d80efde89f9035acd5f194926c6a44539e302af
531.0,b377d4c28cf39aa9a43b44c08f45bbedfb081b78
289.0,7c712eeda1d9ebc51dba403a017b54428ae3e9a0
4759.0,42e4dbb23de238e1252eb50b059666494418588f
103.0,eed34e88cd6339d62766a471465a1cb75b211783
2452.0,21d794d35ae1347918e6bf5b2ffe13515ea28795
1912.0,3735eb8e5f62a52c5630ede765b443cb1313ff96
3954.0,13735bcf34b0caf60a52e95a907ef390324fdddc
254.0,2d40705ea00bbc0ce1846dbe675c133cd546d9a7
2433.0,d19c4c1f809aae47f12637ea6f465127f728451c
2617.0,2c5fa0c13051c6e963bc1f73ab4c52743efed50d
367.0,f95b164d06d09422fcfaafd214fd0e31ff4ac7dd
5194.0,15dfc8a76f1e806533069c5098759492c1cfba72
1642.0,b1e44436bc4629773388d25ad9ab7b8ecf43d15e
744.0,a069d366529d8fa9d4dcdfcc8bfc88a90d83e4b0
1121.0,fcf97001a577b9edb36188b37ec3bc6f38848070
1622.0,21f638b1396ae1a14288cad87f65c79aea0f4ae5
1236.0,3a4d57b3f52633d77291e51f31353fd317034d8c
764.0,eb97d257f0b3c32edbadd974679bd64f0989e372
4242.0,e2b5cdeb88bd6bc18019082ce16c3cb09973dc45
3668.0,c3b67556710e0dd046767ff3364692afe9509ff7
2958.0,98fb03e8bde18d35e8fe5bb150dfa4f0ad611fd2
271.0,6f9f6f1f16a4a9ab4ba8966f6e74465d86f16c15
488.0,e31fb49320a5a2af0232b98ed509623db8a9b4c0
633.0,690fbdb93c0277107ead68ba4163476ec31108e1
1353.0,cbfb24dbeb82c791e82f1d9249685aa4d75fed3e
2590.0,7b49b9c0f53396ac89cbd74930bc4c6e41d41901
1693.0,da83f2dca70020b991bafd296f6c7b9161e418b4
2069.0,759a555d288a72191b4ccacc0656ebe0fb476ffe
4940.0,44a7ab5bf06be3bfdf4b4a304b24f544d2f833cd
4015.0,1364e92007308924cec2ac15cb9a3ec79eb9dc23
3166.0,6cc6bbb5fc5c102271829a554772effb0444023c
2400.0,7bf375098e7ba55626288607b2808bfd96498e06
4000.0,916382e109dc06a57f4631448555953d1fa540b5
297.0,02ccca01ebd4d407fd39ad1053395346fe669baa
1550.0,dd45b31fe42635ff43df62c667f1ace5f9169737
4420.0,ae5f59856c1c60974b8d4ea30868ee4ef0d134d2
718.0,65f69e16095799e05de79a3f8f449f7b9edb27aa
316.0,4ac0eea55d0ea0388533105c9b559513a60b41c5
48.0,eef01a9fdd9bb820e5edf1780f4b950d439e5085
97.0,5c329b65145332541a981df85d70d1014448f897
241.0,2df010a9725b8ce63ae617b3cddb132a0ed58e0e
4471.0,cf39602c3038d576e14c20a2ac22f88006deb63b
4568.0,6aab3badfafe88aead15065e743eaf09b24fc346
4091.0,229e722a03aced0fb62ec8c631b036c3e13e2188
4094.0,25cd7ac7abdd328c0acdf27e800a2b04c5ea2c6d
760.0,ef81127b994560e4d60d3292d7a1219b3e228b35
3465.0,553b3a1c12a07e69cd42c6524f8c9504bf24cda2
4172.0,d69e788fecbb343986ed6323ca1d765e88e6f7bd
327.0,32b6364bcd1a17bfb6199af06ae613adf69e5058
458.0,c74903f9da8d85909c7225c6a107a109f98056d7
5891.0,d47c732ae9ebda84c689563048919923ddb17383
5171.0,9f81de2a50568c3bfefc731d91f326ff14bcfd76
4218.0,02cdc53fb82e3cc5e51771180f1f79186b52670a
553.0,70a57dc730c2fe1c66fb647332b88689f9f32dfd
169.0,22555df56a90615d64c886d4655ed1be95e04408
4139.0,d267e183b40031b42cb702977553f885ff50d578
19.0,9cbce9105b1c8fdc2dcdb1d9c8058507a5cfb8d4
461.0,36c8da2ad61ee9234159cb9fbc9a0f4b6afd46ba
2278.0,3ac3ac4d925ee7ef1eb8be8dc6519606c0fbf9b0
5827.0,874a87976830ed519ee49742c5b427618fa362e8
1071.0,baf5c59386ab450a842568ab34b5ff83cef15f8a
3858.0,388f23c30cf20d35433a44d1a60d410dc660c00a
2503.0,c305c46254e773be374218c95862bb497383aa25
195.0,43d47e5d9bdc3af1be56f5195a137755b61efcc9
2354.0,bd4f156d165f67b44fbdec100cb8442a682aea48
5459.0,4af22bf157a5d25703cf5142097ba1c277f0d0d4
952.0,6f000b8cd4fc0598ec410296ad31e6333bd4b5a2
3189.0,da1256a9c8452703213c96ebc32fae1524034442
4822.0,44f0fde9057256dc16f24f22cfebc61626a94450
770.0,d76108c666114e71e7a2441713d86aa5d18a40b7
280.0,ac007802d6571d73510f8b977d00029b2f69be4e
205.0,d14541c5f1a77a46e44686f7337be34bf87b3f59
5524.0,e2769cfe484fa9bf3d4b36623471cc605393ec85
3578.0,4bef6f438d0bab340b4208a89e6a4c6dc85c013a
1761.0,da36b7d386bb1e1ee2900adb8657bfc15343c36d
5601.0,e411ea94eb853eedeee111469c6442d275864a09
4329.0,6aa0ba45532a4fd8e868bb4ea15bf002e430e67f
111.0,2904dc2dc0c5241e1ab403ea9d27de348df5e8b8
2547.0,4a93be4ad8a3f6531bf39cb0a9a7d068e521f5ae
3127.0,426da0ed07637e7efbcfb0fe49546e187d5d7f67
2215.0,7b8bbc92054539c5185cbeeba37133c7047cc837
3224.0,c4f096d3a55def4c986174d50ff8b84c8f00503d
4642.0,374d9960932932255862f0e281553fc2183cb637
2690.0,8753b458fbef80a6962ae2dfa5082969ba6b7923
5799.0,068af85722a41a1361e170f104e64fccfff662b7
4635.0,89e900e0130d42509f952b24f8630dd02cc569ed
4525.0,17c0cf64aee1641e1ad33c5b46a61435c5969f2f
379.0,2be3f7132a8e82fa00b5bd74b05ce727f9dbd36f
3579.0,016c7e92d1d2893e7a8ce61c7f2e76818e71d019
2569.0,b15b4541d1d384de47f57ee69177696fa67e61c4
2382.0,ea83e67796aaf7b70cce8056592131fead8a460d
4735.0,64e0ea4ee566bc956453b0b6bb9d3673d9c50ecf
3588.0,c4f57608d60538079d12c2031201574c0f367a55
4610.0,e6dcfd3c996b7d3af038b3e2300e7c53ca979fb4
1550.0,97b51ea33b6b96241ef87861619e6820ee9e765c
3471.0,3abe7e6e6da38b1586b720749f53955b8d00390e
1735.0,a8a6f050e71fbb7881076a8d6e2867e868d26016
5352.0,b04cfa48328d5d5749dca6f50fa34e0cfc664c89
4756.0,0ccaf89a6f67e3e4de35907fd305f85c7973eb2f
3762.0,137a3d814641bc4c2eaa713d4b56680863f54765
2750.0,0c237c6cac8f220ac2faf40a02ef035941fa5810
3988.0,534de7395da3a53b5a2c89960db9ec5d8fdab60c
111.0,63e4355fba1ec90bec9cf751b8b6fc3483062377
555.0,ec48df7f8d838532254ddccae514c4a01526b330
1165.0,4d0d04a92e95251b0892356d05ed6b89db3e5ca2
1467.0,3c596dcf4606315e4eb88608e3ecde430fe18c29
5547.0,49942026d840abd04ccc91154d4671e7729f7a59
151.0,a40090a6a73a053dfe6d4d910b44f042a4f4db76
5217.0,4d1ecc31c9bdb42638e8a1f85f7e7f83130f41f3
4615.0,8b549392f924ddad9536e55c6120638daf688dfd
5514.0,407562b38b6ab375ae650c8799bdd511025527f4
147.0,f7283ad18e7599ddb9094e40be12a7c9464fe194
4722.0,59a0157ef1b6fbcd541126dd0283b194b527a7af
574.0,45417e6b0364118dbc1b52b41bc0647d2d32e549
38.0,77ffaa50e5f7d5cec72ab00f5db7578aacb8282f
4393.0,de297a3a167a6be3ac1ed94a891effefc12a6d00
4431.0,e5711127b162ce78e6c1b60ef209792cd6eef4e6
318.0,88e33ad0ad95d5f9049d8d8b1359819f4fbbf704
791.0,0240ff82879b849571208b7f88ffefdf8e42cf4e
4324.0,5e9cc3298be4ca1146d68098899365b334706db8
2270.0,97e82107b190f08f628a626265a9446b9f3361e3
4519.0,2da952b928059f7fc63bcbae9ce86ac1bb528247
4472.0,49357cccbdba2c719b634f2d71a5cbed121b2587
523.0,622ffd84d05eaa8d8912476a050d3757a387532b
894.0,e7843d35de62f6257162fb3e0f77cf1d7879048c
111.0,3b2458dbbbfdb3aeb038b3f37575a24128f6f8e5
1665.0,6ddd8147382348f4796ac905f0357925dfa81da1
2497.0,f7abef4b39a1deb5a76052de7075df86b699572a
549.0,1c514c5fe91ce77ace9bfb6337c114131fe7797c
5790.0,2f12f5c259a261eacdb2f3ad2942e57ffe7739d9
2551.0,5ee595d69544f71168d3aef9666615bf2b431cf7
629.0,acff13d2b9af08476aae6be3865218edd719f235
2306.0,7e8453cf1ec992e5df5cebfeda08552c58e7c9bc
3810.0,8a022ac6ea10ed6909af253e72f5ea7e804bbfc2
5760.0,75450e75d269b2a2b00b6303af1033df1f69cc67
297.0,2a1a4477d3199f569a91cbef496aaa0db8592e28
48.0,bda9c97c781bd7197899ce3baa8d60db96a184e5
147.0,bd7def8fd46574ac18740e8da9112f9016dd05a4
5271.0,ce96a961e155cb5ac09987e8996224993ccdf87c
3993.0,d4b8bf18b2c7f563198d4334f5f5622f1006041d
206.0,12475fccbed1227cbd9467b5443b6699f3609c7a
1351.0,6ac971ebacc1a9a0ca727068182dcf8a8c677bcb
3210.0,b364d27247b2d9b86c164569c7e0459fa3f8391b
4831.0,45c06cfd80f93b09e295fabe838f2e1dc83b38a8
1177.0,06e1ca9ef2233226b6a407cbed6296deb37e11ed
2161.0,27d4cea6a5c1f8fa49e9fb222139c5b922333938
164.0,3891c2084067e8e9ad5e4be1e9d871925b61e6ff
1499.0,a7b86137d03c57cc6a91fd02b56ebb76fa9f4faa
4207.0,034e2c31c7d55333c3de208f80dcee1bf45ef9b9
4900.0,440e45d172ed23f5af54184acc7a388212346e46
245.0,ed4aec187f7868a7fcc7c7279489f02be79a8cf9
5076.0,099fb6ead070e622cf1a8c1be14372661cf44803
2612.0,d3f8f3d38a2b2139fc193d39de8ced05993fd2c6
2052.0,0ab7c1fbf97460d6f110545f29671cbf66e778be
4489.0,2d46777d0aff910ce5d57a1c5678a1ab988993d0
5316.0,28eba610e22c0d2a42e830b4e64746edf44598f9
1851.0,3ba5671fbca1005cc1616093a3ca54f2a3deb23f
1160.0,e054b3c45fc63169161aafbc7a943454db4297ea
4186.0,16e0636dcf604b0e002fedd8bcbfbf42371fd5fa
2927.0,e914556adf8e556d4184db415c49266cc4c91bf5
182.0,68c7ef7d9811a0dcc216da60b304cc7e69a253c8
637.0,61b81b1c9fd1d468dd85f6addf7479b1bc50aeed
2630.0,79b0d8605ca073cfdcb52cfb240b815b90af403b
234.0,f293d08e7ad730ade96d1c60d1bcbfe8091132cf
4406.0,f9bf4b8d4dd64a1d65e949927b8ea7ad34e756d3
1497.0,09f388c328863909a68bd80694b8c719382fc173
5150.0,45c2bd7d9c1d6adf0e051842c422c5d6af1d0a17
1808.0,329a77a3d0b2a06b4b3881c5097a0ea1f3b0cba8
4045.0,fb3fb17c2877312f5f3e5754fa7ba1d6a0a2d557
1228.0,5e5e44e91e67ee177cf305b01eaa875a3ceb9a21
4390.0,e4750f2fbdacbeb7a20ae7c6b13bba3fb0f7ad54
1137.0,786f62664b41f264bf4213a1ee3805774d82ed69
530.0,553c70a9dc774c3621a37f612105601bae6537db
73.0,45f55c0df0bc1aec7068b9f6e39d1aa5eee0b046
2391.0,802ed30e8e838ab70f9b5f8a7f747d53775d358c
4157.0,550d8046fdb84894b8e22ec31b15455914f380a7
4079.0,7b1e69dec4cb1f1c66e9df6f754cdd280cff7e71
1544.0,eb4daa34a298923dbb492a5d8b20e27fb1c0030c
4195.0,b5c4c2cae89714479d6fbb5a497fe43d48d886bc
62.0,9b849147369eb908cf77d52d3233bf66878a8aae
4283.0,3263441fbcec8f46d363926d9106572cb0ecac5e
174.0,391cc0606382c0c2a5bf430a8b024256212cbaea
5358.0,bafe874ecca8f2ab86611739202806ca0cdba844
116.0,a338c29287d1b69d3b29ce9a67a5dd22a5008df0
4290.0,c3b690a5b56eeb7cb14e68783d50b4a6189a1644
5632.0,14b156528503effa69ea72ac0dd48c43546c10b9
2343.0,93e449f1f6354289142b8f8079c495b4633b576f
2678.0,2d66c58e01ddc0d76aeb1cac640e54c323ce0ad9
420.0,9ad736d7ce175e6edc2d83e9d40f555fc212dabe
4199.0,d1cdfb47013330b0391a8db3b6b812697ee64b6a
5244.0,62491753174ca77c2d123b09891f3dd1984d34be
1244.0,29529e5e8e4070462b838f291e9a241bdb242e32
111.0,e4d22cb16a1e312ac6fbb1325a55d98cd97156ea
3877.0,377d8a7be7aa9d7eaa16e9ad38cd99e7dc49282c
199.0,cc69b3aa4c88c60ca41a792a60f7e80d75f1b7f3
1550.0,a41c64bfb97a7bba8ec138345d48b94d8734d27e
4803.0,75f35f558f5a9e0851c05dda85763b679d713ac1
1156.0,526aa07f44ab30e128ffb42d12143e4aac9c899e
1127.0,66aef0488a759b911e9557a855f53b81aac51b25
269.0,320bdfe39113e5a916146610d5d4b227d589a14d
4450.0,bfeb2c8c13de0c45af21228f69395a1131913da5
5057.0,ec5a7918ec2d8888ba356f9e3295dcd1ee935884
1522.0,91cbf974150309e8b0401e7d0f5b0c4757bf260f
5806.0,da15d93d3992c15026ae02e2eada613e1ff7a5ec
4069.0,6674f47dbf0a0018f42c8f312ca87b400538963d
2982.0,108f8c4fd20a47bb94e010e9c6296f7ed9fdb2bd
3701.0,820adb69c0b5ff0080826a9c7af1151973307b45
3873.0,cf50561b8696b645940ae33ba9b168ef97580477
1566.0,b6375d3701b72ca1ce28c32fd90741b0864db05f
166.0,62f5c61a9d70d98bb9a0ed6243524c0ee3e2764e
1470.0,3919ad64c5873d360aa1a412bee5270aad121760
2255.0,31260cf02fa60efff42aba0af185f4afe5d18557
4637.0,4bee73cfa7b276e85731944af1f73e41303abd43
3910.0,3040f77468d7dd997afd2f8a35590cafaff454af
1060.0,fbb1078f58604f02c7fd84d35e3d46e6e4e1935f
4152.0,a541c329a9748c3c8a8f9f9acfce9f8a0468491b
961.0,1b03b129966279c8b84acdd1654a74ee83ab599a
128.0,43028876b51edc2bdfaa2e453e12626c1aa66a21
2271.0,2e08a9b412327ed18450f9fe9ccbfd417cdbee78
1723.0,2246280bb6f71d7d52e24aca5b4ce955b3aa1363
1132.0,fb85bd4b10aaed442e3605c9fae9869eb58416bb
4808.0,015c82b974841897a637dcd3ddbd40ab48a70ecf
332.0,6533115bbb47faebe3b084f3ebf322ca5cb73af0
613.0,0bc2cbaf09b35a8db08f50782245413441b8ae9d
2369.0,9755ef933a9ec12e2fc659323a258fe09bb3405a
1112.0,0c74821805d7f74a1835e58051069d4016227f6c
5731.0,04a1a4b7303632268ece2b749e3326790d0c9f8c
26.0,e95a28ef3d055384a1ce1b14029820143c1bfad2
4365.0,49480225d740d3a4618fb49032f5f1cedef16b01
425.0,339861367e11353082ecedfb92355b76e2f088b7
130.0,69078368abb92102f886464fe8ccaa2edde6d3ab
5739.0,b1dd893fbb4d2efed3342e6c98a6bbf4b393d48e
5074.0,e876d8e38780a88e4c1fc060e3ead779222be83a
107.0,1c5294bee1eb85dd1d0b752d5c5d588803c0b6d9
3920.0,b01d012b5a9ee032487930c324cdba56c9837e51
4307.0,58ca8bbf6d1589bd0c8cc1ebda52299346f55e8a
4385.0,ff8e826dd66f81cd61daa1edbf58339edf8a9014
3377.0,51767655895f7b893be4c91df37a360f8285f056
4718.0,5ac135f036baf13883852b726d8d4fa92158897d
4814.0,39bc9a4d288f3b8e6816ebdc0b68b4001b531159
5457.0,8c3e5a2421f639f36e9b907d69d4d48b86447e68
450.0,2318c56f14cd887a358f80768cf660646d6246d0
4982.0,de82ca85476094aa257ee4cfc0ddea4f379fa2e9
259.0,f5b188b17990ac5bce43da0aa05494c1fc8937dd
4123.0,93385e647a2354b5ad25d6b66aca215b402d1ab4
3928.0,fc98aa6b671cf55b62efd93377b8cb27603ae24f
779.0,a653bf38be0ff64daf0f8ef9f5fa531f9710c40f
5634.0,07b079defde98faa09db244b58dcb3904f2887f8
4742.0,195f738bbaa7c090df795161390056c3c6c7f1f7
5761.0,034dc8f10bee380af469e1af8bff32f5d085127d
1962.0,064f05349ff0760521332e17d4c66b621d8bb965
61.0,2b14251510cfc802e6493fc477602e9a9266a00f
251.0,5d4e0655d089cf0738846d219a573ae4ab1cf405
1049.0,ee179029237304a11198d0d2e784cb80e3014c01
3961.0,5f407cf6579898f5aedffa579ad6db493d04dfa4
4623.0,a8e08d51cd50e8f0b58a60992d310e56d4f71641
4267.0,9a28eb0bad1acf986d997905a410058f77911b7c
330.0,3eb5d5e931baab64ca2c2c5be9ffac1748aec32a
3405.0,0007cd032dd74ad1c4cffc7f9a1781609786e547
233.0,9f01e3e79e5e733d4809821f6f87e170841795fe
2094.0,2dd1a9e3bcbd14e56ecb569ff2b10eb68c48bb80
3308.0,64f48efa269c60c76af4ff381b8bb14dda19b3d1
341.0,891fa980d2e44c87c42e4858482c1b4308abc795
2190.0,eedb6ce77468adee6817258eebb81ccd93d6a5ea
134.0,2571e1b7aabbddcf617dc3fe7765cb3ca373c32f
3400.0,e45ef7dcd987f00b94e94d71593f6b3664ceb89f
2989.0,b8870ee8a10360aaa74298324d97c823b88ec5c6
3367.0,c8f3d07e86dd41074971b5423fb932c2eda6db1e
5203.0,bcce0660573cf9309e3decf853488da2ef8bc576
4684.0,e7a58fe1573176415a9ca054428c53c1ca29931a
4543.0,77492cd94511589e14716e726b90c8b3a8c2ba9d
347.0,9ff82d6695860d57a00b6ecf9c63928788d303fa
4016.0,17c0d72d0488929f4788a2c4a9951842dbde4833
1829.0,8aa2e4f9976d31bbe3a0014b4f1f96ace1b87043
2.0,faa12d1fbed92f886f490cc3b04f13bcdb3a16a7
1147.0,e85679fa6be2792ef910a7caf8cccc1cff6b73f8
5801.0,88eec7a417c55668ebd0b8242e59bc99721d2816
3563.0,3adf09bc4f1468f54a703481d6d7ebfe25b6f232
4347.0,c4ee4b6075fbb616272788b14b70f0af63dc2877
285.0,5c18f02adee5afdca286976c25a9353c77785545
5173.0,8e7d2ef13312bfb4ec5e1800f00108806ddc12e8
4205.0,b18357956447936fde373a00ebb72ce52cbfc6cb
4056.0,8cb53441b0c86925639df39f8b742dfbc55724ca
334.0,6f0e492390ec6c59d3b0d39ff5bd2ba3bfc51bc9
4874.0,91a8451c981fef25b0915fa06a4566dc880b6e16
1359.0,7d187735ffecb0f49cffce1a9058961146212f59
5807.0,30c0dc7ac552ec73f25836562ac2dbb913ef34a6
2625.0,d7b26edf6b419e379a7a0a425093f02cac2fcf33
4188.0,f558df2558966f028f773307cd5ae39a2d59e57a
2243.0,41cd9f401f9dd9e7eca1a46a4ab2c38fadf2effd
232.0,1d5a7df125fedb6268cb9042f60ba49364a02e30
51.0,61df6b46917ddd3483997277b350fdf1183f0b7a
1101.0,ad36de4e6278cf635509a1ade30cca9a506da682
1725.0,85f0596c43781103f30eaff13b567942ff967e00
5508.0,517cbc8d717d5f10c8e54114fa32dca6f54588a9
87.0,900bf08fb652183ac9ea33d87735f3a0b4343b21
1380.0,9d9d4238aa8c0b6009aca689b8c23cb8bdab8fa7
218.0,acb7bad1ff4037b4a613ac94e2d3357bf92bdb8f
2762.0,d847e65aaef68009b1ba4c12e45f34a7783dcc5b
777.0,36d99a0739059668b9cb3c84ad527d29a18687ca
2292.0,60559369b539a90bdc624c7b263c42b4eddce335
1386.0,dafcfd5be6040f0e2cc019dc01cb7d38a2bd24d2
5881.0,d91183738920a8336babc64d514fd28de13feab3
193.0,54434095fc03d5ad12694779f9e476ded28764ed
472.0,71ada5476e5b81d9f42e607d5bc0b7e2baa8ef93
1396.0,71c6bd920ed86624a490c8db87b63d8697827fa4
1318.0,b4e382c867fb36c1cc9883a84abbab26678eae01
2485.0,c275ceb17ce10968f96ab9e97f0dda85f7aead8e
3517.0,e766bde3a300ada7c11cb7b716162ec07a44fee3
687.0,21bff7b3b366ac3fb81a225c5c5bdf7d24dbfa33
154.0,2f8c052484c51ba63037fa7256c027e4376fe3bc
1243.0,5beb9d251c21260d4de9930b31e5f29646b6e4c5
1740.0,4c9a6ef3ce1e7361206ab33ce8db9b1436032ecd
228.0,71d7df9273dae5da8765ca4dd7e7ed4dacad5309
3115.0,68e45d32e0df6ddd89a784641fbfbfee09351b67
