issue_id,commit_id
2537.0,93024c242b8f5717cf281ba98fb324ff8ec9ebc3
1800.0,513ba7a1fba6da2f3612e7910e60e44e0fba8af8
169.0,22555df56a90615d64c886d4655ed1be95e04408
584.0,3d4fe60e4780467fc682802e0de39e57578993ec
4718.0,5ac135f036baf13883852b726d8d4fa92158897d
4008.0,f80c7776ae093b0887b19b65f29bd442ea161900
116.0,a338c29287d1b69d3b29ce9a67a5dd22a5008df0
107.0,1e521a3ff30fbe0a7031aea273f92ffce54bb4da
4112.0,15c55d0c1d4a4384fd9725d47c305f52918e3831
1159.0,0a5bbbaed3e182d2151b6b34357667901ece353f
1220.0,65aa9ccc704cfde74dd1169ef0f963ade16a4d5e
5215.0,ff272d633237bc873dc956cd8e25117e8777c88d
360.0,6994959181941529aecd8dd57369b99212555f30
2067.0,be6da52019990c1db45b1101dd99787752a14313
4519.0,2da952b928059f7fc63bcbae9ce86ac1bb528247
397.0,72543c9ef04e98ccbe0cc1d8104e60a66126e971
472.0,71ada5476e5b81d9f42e607d5bc0b7e2baa8ef93
3115.0,68e45d32e0df6ddd89a784641fbfbfee09351b67
182.0,68c7ef7d9811a0dcc216da60b304cc7e69a253c8
4545.0,3d58e5e3be9e266b9b0f89b094823b76511a21b1
4365.0,49480225d740d3a4618fb49032f5f1cedef16b01
636.0,51966f59466b7fbe84becf14ea0be55e81852631
2894.0,65ac0b06dfcef8c0466595931de3e8d37c6174ae
1112.0,0c74821805d7f74a1835e58051069d4016227f6c
3982.0,ace2df3d140ac783c622ea5403876fe76af2bb72
147.0,bd7def8fd46574ac18740e8da9112f9016dd05a4
3405.0,0007cd032dd74ad1c4cffc7f9a1781609786e547
4218.0,02cdc53fb82e3cc5e51771180f1f79186b52670a
5632.0,14b156528503effa69ea72ac0dd48c43546c10b9
5786.0,90a52957e69a5a80371de69d72a420ce002f733e
4489.0,2d46777d0aff910ce5d57a1c5678a1ab988993d0
3684.0,fa6a0d799b256b0829968f79831e1dfa5ba8f89c
335.0,3191a0856003e8298d9d4b74aec56ffb5ed38432
4995.0,715c05d504d22e87935ae42cee55ee35b12c2ebd
5310.0,9828cb3f0bcc084c99692f19e65c2ff61a06b35a
416.0,2bd5002fb4a3b31b42b050a5765db889f98bc9ab
2225.0,552368727a7f89778a8c99726c68669a6f700e73
2617.0,2c5fa0c13051c6e963bc1f73ab4c52743efed50d
3928.0,fc98aa6b671cf55b62efd93377b8cb27603ae24f
2547.0,4a93be4ad8a3f6531bf39cb0a9a7d068e521f5ae
1533.0,0117c811c954fd3f25ed5c6dc05185c3ef3e18a1
1665.0,6ddd8147382348f4796ac905f0357925dfa81da1
2258.0,5657f6b8ef00bc0c2266810081c41d52ae56e083
1149.0,dd9f777ba725d7a7dbb192302cc52a120005ad64
107.0,1c5294bee1eb85dd1d0b752d5c5d588803c0b6d9
1218.0,1195f906d635cfca885c58130c950e1b7b786d24
761.0,2ad8db6ae6320c32a448f432ec13665240ccfcb4
4094.0,25cd7ac7abdd328c0acdf27e800a2b04c5ea2c6d
