issue_id,commit_id
3563.0,0d04b40d130a49cef0609ac95be48013528e97d9
725.0,3d9055b3b73b1d09f933bfd070f704e9e8bdff2a
1480.0,5ebf1e824da1a35c8f45a8c39591a6ddd3f70b36
3064.0,1096e226ccbae8135085322fb006a01836a19dcb
164.0,0bf777ed81d5296fb722931d35e5db4333e3de39
1661.0,c1c205bcd39ee417ed028c967819a45d08d604fc
3199.0,ded0f68c16d6eeb95abfca925e29bff70b026e10
44.0,cc8332e9d99c08b77614e5acd7bd0e6d08dc29b6
2842.0,81c2a1e47565708f7af359503ff61f16558007ad
2394.0,4c564779d159acadacc078988f7a40a3e5794eed
