issue_id,commit_id
11152.0,ecbf73f72b59f8f5c8746de63270aa1fb3ad7524
10020.0,918c5991faa21cbb48de07566124c57cf16c0cf0
12543.0,960e7b5367a072fe10b8c2c50d2ce68607057f5a
12894.0,3d48e278f8470f7f6fb9aead5521684f618ebc07
10346.0,1365ed5d9a872631b0d451f8508cc61d79228dc0
12030.0,041814193dc9f0490fc2d93db830d64eb2b2d28b
10003.0,73c90d014f024bfa13360c34fa99fe6220cc8e98
10887.0,aa8d7f76a047b24a97614524d29fb5070cf549c7
13373.0,985521ee7050df39f9c06f53b54e17927bd1e6ea
10594.0,6eb0c7bdbb68d7de0ef507102c757c7ccbf582a0
11551.0,08a6dd04f9143a04ee77af1128eaedb3218c6147
12858.0,0a0ac3fa5462cf4a72636ca4498a0a82ac91fc32
9944.0,3578599b6499eac4dc1f320ec5e7d96433777ee8
11306.0,d059890d0342955e968fdf97b5a90d19c9d68b4e
12142.0,ec41989421743aa5c11c2ef47b9d0757fdfd5e36
10030.0,14113279768e0511d6adb7b2ffad21863a7c969d
10980.0,12d5732ad20cece418d47336dbced11d1b76b841
10012.0,b076e227da6beaf87d6c84eff1a92285e4662acf
13246.0,544625545afe2e9c2b358e356c11bb8be53ceb51
10047.0,c98093f6ac852534493956ce6668f7294d608c82
11466.0,df8186833fe47a6fd4b7dbc52fe12f9df73609fb
13265.0,969db5ad69b3efed0ad6bd293812c1c08d71feb0
11758.0,c2dc4049c16ab8cbc215bb0ae80cd94a3d9542f5
12007.0,0505393746d56ddacc34bb1c016dba79429c9ac9
10916.0,e6817ea2cacff41f2b11b5c148a8f220288fcf82
9657.0,e3e15c699139a11c6124e13bacc5da4fb51d9a96
11458.0,9148325b9ca9edf94aaebd453b3cf86dba2ef99a
9542.0,ca27e445a15fba61401b2ee23765349515d3f28d
9623.0,bc54e152666bbd7ed741ec812ea2fc24c894ed11
10080.0,aac81c29a762fdaef6718bbc4883f208283aac9c
9816.0,2c8d1d03599cc03243bce8f07ed9c4a3d5f384f9
12539.0,8202e627c7d7897728d824c84a6d479ca84a9098
11998.0,0cd3b07eb5de1aaaad84d1ff7f7c2ed7dab4b23c
9891.0,ce13af5785bbb7a2be7d42699cfe25117177ddc7
10959.0,d8796e04f8f8a814eb8ae3206624b5c4b47362f3
10062.0,0ba6d95e768eb7a0d74a6fda3ea893e7fb2d7a67
10939.0,38ce4657bad26cb359c2852b792478264d92ee9f
10794.0,ee02d256611b17d11e37b86bd4f618d7f2a37d84
12500.0,d7c0e952f7a3d0dbf7d9489a8b5c959e04bd9379
10603.0,8a8a19ba1eb74feb5da22399a44e81b734c2b2d8
11037.0,780f5e447799b4ab343164ab8beceabcd4ab15f0
13383.0,f0464c94c3844ba38cfa501fa3928a2bff828011
10549.0,83cd9b78a241a04d3762ba7c71c1a0c47f9aba58
11161.0,03bd8709778eefb611e470c76af44b2ce90fbff8
12775.0,93b0f1ca916a693c98e32c23a94a2893574cd58c
10975.0,4c015964da4e7e2dfa504461f020408d0692a57b
11622.0,1c221934aaeab20ed5b6fa245b33b00a8b557533
11387.0,2f12e96d8bfa22c2303ed0482544fb0ab6721a10
11629.0,29e740e0965be5f460f67692a284a9a2deb6bb04
10153.0,978efb61b9cea47ddc2b5226cefee2a890693557
12170.0,3dbc940b9eb690e92fa6d7fe7ebf897a552a1c50
9696.0,aedad3986200b825d94f847d52bd6b81f0419a06
9398.0,4eab0556d29f11ff41758d80c15d6457263f6a93
10310.0,315a80ae3cb65da2aa6308abd483f2f8643f1c8b
9570.0,62c395e7b6c7eb405614969035407560c82f5096
12406.0,9bd69784e31f17ee3501167c267dad5c64f25de8
10871.0,812c9fa61a7cf5a85cc360ad2d85b0a7a47d33d6
12466.0,c8b0e33c3edf7e1f70b2fbf60a250909c917d55e
12551.0,9e6b181b0b27d9ea1157b2ed7bcce04434bc8d77
9446.0,2f4685c8195597d5c150b8fadc1ec4d8827d95cc
12534.0,f6a30b005535fb45a5b4decf084af437ac7fc7f2
10714.0,583f92a6f9332574a4a2abee5ae454e906389377
11497.0,267ccbb4a76913680f4db6b400e05dea7aa84db7
9904.0,946a3b371567af143e13c159f00051353f161c56
12494.0,dc83851aca230648c4f75ac1a0d4b9971b2d6aa0
10927.0,c8e3b601cd8bf3062d416a5ef74c4a97be611923
12146.0,55e7875354416c04719eb60c7db2bac78f271df4
13289.0,63c0369b2466cdf6002b821351b3ea0ab42cd132
12949.0,c658993cf596fbd39cf800873bc457e69cfb0cdb
11491.0,6272e662ae0c99ce7cad912992d4c55e22c8a369
11431.0,882302d2b0b6a5aad20dc08a98a9384165b3ab0a
10174.0,44fd649069bac653accd0a47550619d69015a91b
10092.0,c8728e4e47569a2eb918600fe75f36a6dae4e623
13481.0,e8946d5240f3b18528d4d34668ee615907879953
11580.0,43b5e9993ab025bd07851d70de5de7fdfe461d24
12293.0,6d5cdd7efdf8c10ff7df322059dccc8013144521
11085.0,a9d9595101f7e38780f197dfde643fcfcc0814d3
10313.0,fe066966b5afa96f2f6b9f71ec0c71158b44068d
12336.0,c24d16af155e20976bdf61e468ba760408e676ff
12544.0,d789bd94a3a1bdc18390b8bff742936dcc70c54f
10888.0,23c40e68de2cffa77c92ae48cca1f81913756d2a
9911.0,10533e08e78c1675ef30f9b38b974735247a4507
11914.0,c1c4afe60b1355a6c0e83577791a0423f37a3324
13322.0,cf9595ae20be49917f2a19b24467e822ac878269
10817.0,e77a4cf3f85b45ad4275dfd661073ace1cc06e5a
12133.0,e59570ae26670f788d6c649191031e4a8824f955
12533.0,adaed1f84a0d980a660eb7d5ff271408374e5bef
10654.0,3dcd9c767ce6875fc8b69c74971ac8a552e23131
11820.0,0cfa5c2709906a7a76f552f71a562f899e408695
10367.0,13548e8b212b504c9f506495b01855de6d9f6117
10134.0,84e168b5fa55933e02e767ff7c86fcc0232aecc6
12211.0,3fb9df96e03e4916e9db1c2594070bc6afa47f35
9558.0,16fba547a15958225077303635b816c68263e73d
10416.0,52f608cbe7cf685bd9f92fcedc3ef02ba4292dc6
11719.0,edd0c0a4bd4cea027842bc8925048976d65b1ae9
10066.0,7ff9303041729bb69bd416e2ccb6e7a87ee7cc2a
10962.0,1788a0a901efccfffcead3d64a5b8e5876998d32
10956.0,eb8b70addf6ae58ef17739b4c35cc22b1c4c56d6
11170.0,bb8cc405f3ea3b74a9f3908b606a35f08d8d0be8
13355.0,9ad5a18fdfe7c3cb7ff828bc1d6b42b75660db6c
10125.0,b470a595f7278acf5e7e47521edf25d3c4f479f1
10797.0,4db04d8701a64ee249dfe6ce09ebd89063bfb99c
12831.0,627bf95c11199419eb6d2017c322a0d78ef3dc3c
10754.0,b2979c25d3d7d55a6579de0b2906c66e8fd2e172
10023.0,49f5b931410bc2e56378f20a15e8ac919e0efb88
13269.0,8315a0b7b93ae87a94812f5833a6c7befddc4fe6
12137.0,7dd1c00e858ddbb1107aee1dcb6f65fff84c252d
10419.0,a68c516e731faba8efa884603bb06d17ad494d69
12322.0,979e880c53f44d502cfc3648740bcc1300d6c4f0
11378.0,02c1f8865684a055416a93bdc8a7bd07c988a09b
11263.0,ae6474df5ee2072cc056e02803c3b58efde1f5d0
12541.0,ce67a90decbe2f26f9ac9597d518f07b01d0c293
9478.0,5e797436c3defd2d863ac1ffab11c48dbd42588e
10038.0,97d5fa920e4f8248128f7c1b460fd9bb20d3478f
12498.0,f0a24a009a392f71d9dcf4fcffe2ecc9e9f36c86
9920.0,5caec3330b5ecbeb138026bd2be9b1adf6a4e2cc
9894.0,adc321b4d7a4e22f6bdb00b404dfe5e23d4887aa
12675.0,f69e046eef93af5a28de5330bfe15ee348520b2d
12546.0,ad578c4c19444af9d1f0e0d51a8283eb0db1a264
10327.0,7365a99f6e832847808c7aa28718d32fbc744b21
9578.0,1c9a49781da2101507db23e2014e4e5d16bd2e52
11136.0,842d360e4388f255ae69055136909525cb66b276
11504.0,b7fad0752779177e0968f93832d8a5b302236a7d
10674.0,67fc091c6daf70bd91717e59799c3e014509ca0c
9436.0,ff0690ab533b7b882301f8b836ccfda8fd4f7f21
10781.0,1068e173eafd15e5aa9f40b9f73590a7f5be4a84
12084.0,48a8fa0e0dcb7b06af113c8f5dd47fa5190407ca
12303.0,e74d79997905a3ba7b247f60a93353b6a874ab5f
10858.0,9aed521e6650384533f69d7b46c0210b45ae9391
13078.0,ed07472bc5fc985982db355135d37059a1f887a9
11561.0,6207edd1477696f4a8a1761993544d72d766bd8e
12086.0,4aba316b7973e246af94ab5ace18fd5d5ffe4f81
12203.0,79d9d3c669f5dded8beb38eec0a0c9519885df77
10952.0,6d30ab70a4f116554aa610ec1c00a6bc5f1247f3
11570.0,9f2d6621bb8cdf8a5def7d5143a0faee993c8e13
10655.0,69c30a150f0b2caee7961ca1c0080960ef5ad6f6
10664.0,8fe86302ff1cce23c019fdaf24fc6448c3b30090
11563.0,1d10fe2d739c48f00404008fe5754d2807bb0fd6
13294.0,5dc27d0a986e3830ea720f9b8ee88dd1dbfd3601
12147.0,6368af9a5685266a094415eeb7c73e6d23f7d950
10743.0,aab55e649c34f8a24f00ee63922d049d3417c979
12545.0,b8ec0e6dc9bc2b069fa9cdb86b8a32ef6a10a6aa
11011.0,785d6e396ce81575bb155bede412a6182d5f22ed
11383.0,dc6f00fa0d831e8583a5285f032cf583d4980c4f
10444.0,ffa99d69f7bfa42d060c26032793dc650002419b
11289.0,5a24ebbb432dee986d6bf1c3442da5955a9bfb73
12237.0,c170b8e0a1b1f761d89fc9edcd603336b65f07c3
12220.0,74ccfc4df6002bcbb44dc4ea65400b8b2dbef994
10230.0,bf1378f39d02b7d0b53ece5458f9275ac8208046
11507.0,8ef5dcfd3dfa385e00e7d2654825f7f79d2dec57
10801.0,93cd2400ef005cca2048e1c78a84f24cb429e0f5
10183.0,50411ccb0e7059ad2bd9286b64ffc2cda8957025
10865.0,8f4e4f2a0b543f3d74327cb04113f65cd5d11c62
12221.0,c55ce21fdd4f55709269140e068cc840a7c7ec48
10132.0,f6fabd1a370c27aff4e8a82e5a3edce52aaf9c2b
11585.0,64737f23ea9500c248acf91b117c09ef7a43d470
10212.0,a07d9f3f3665ed79401f37f0c5759f271268a34f
9834.0,b13326498e7cf7338a397f93a75248509256adc3
11285.0,a07253d8269e1b750f0a64767cc9a07da8a3b7ea
11079.0,2780ab0c9712b41c34693758141f30ae3d3c2e7f
11508.0,a37b41d5ae799c338958b3eeeb884074dfba865f
12339.0,71aadf5e8b4020d4c9423ee5a5f42271abd860e5
10282.0,e6d21795d363165b36962e71ea7ba7948185e26f
12287.0,cf6ca32e7ccf05bdfb35aed80726265b61256ea1
9384.0,173a1a545954bae38e40f4fb0bde228765a9b059
9952.0,a8ca67f281bdc5d751204e3b2bf6e98731513a27
13196.0,a39f10acf3eac5e6ef69d084616982a4d4ebd8bb
11499.0,5a8f346e64cb432a445002230246ee042dbc278b
9921.0,0bcd9061856d699d9054f9475b5e59c51348319e
11556.0,cb96315a291a8515544c6dd807500073958f8928
11100.0,5a6af4bc6d44e9adbc2a21804bfcd18c4ce849ef
11124.0,f60313e29657b2afb6a02f28dba5936bc0dd09e6
11390.0,2fdbaa10ab0fd72f962923c4cf73e024424a3022
9435.0,531a8eabe222c3831cc5b55bafc81d2aa36f0672
11521.0,ca802e1b6b9fb47194fe62c2fd0df03de1002c84
11722.0,994c4bb338ce440a27df5db48b8f5044a3e8f611
