issue_id,commit_id
1060.0,8c597751fdbc5a7082ec6f3053c1b066bbac5b3e
142.0,3ed89e01e495c122283053c3a91d752d0d70abce
1122.0,901812a7bf1667117668e24211a99ab7b867b98d
857.0,7ea910236a39fc9aa74e64515c3795951ef5d502
507.0,f1b60c2a411c4ae4dcb7377f088f64a99d43be99
761.0,60f280b5ad6b2cc4c2419b2c7634d4ae253b53d6
699.0,e4d75fcfb6901af25f51261085a3da6ea770553e
487.0,64c50cfd35016b24d09f1fcf60e8d6fc2d0685b4
671.0,915dd237450120c6b658c95b4a87b575b8df0cbc
620.0,062d9dcc2e262d8ceb4cdbca3241a1fb9875e5dd
1064.0,f27ac1c110da6ba117ce93c5631c779bd9683a8a
405.0,c6668bc23572855a9cbc22ddda20c106b3a87b90
946.0,819f66e5b550e8881f2a650c0d70bcaa01af8ecb
373.0,12207f39fef560f60e51ffe2815eea843fe19850
897.0,3fbe8e7cb3ca57fd8656890ea7855da62d2ea03e
84.0,643cd4cf589e1a88bb3dbc36bd5344e80e1be514
1116.0,199a0223e044ec3116879e67d2b924050e4afa78
149.0,979b5e711adcfaabfe5d10087153490d8646d6f2
771.0,99c9040c3dad802fd0825dc10a6b09b0e3beb017
381.0,4e9fe6ad1c36bffd01aae4722cbf7609d230efe3
276.0,198599daccae583939a7219d93699bbd32d13525
938.0,b92743368bfc357f72a4046e899faef899ee9972
231.0,e4f571970c8da2c4ac68f8b5fb751ff13cd3b154
589.0,a39f5c5cb38143e8d185e48af8315ed6e5d45bf4
361.0,764f69a47bc242383e992502491a1ae0012f13a0
977.0,9494ef705003a99b2053f2b4084e9346b6c279a0
734.0,a7a7d09f446cad7f34be04ceb47bd8512b9cd344
607.0,7110018a8bda23d9abadb6144d896fbbe589279c
686.0,bad238f9964b31ceb3f1801d7a5e47c1b2549383
1154.0,bc7a5d01001df69f9f0c3dfeb94cca92768ab696
198.0,4161f66ccaacc57b445f1a1add35c429de84c63a
1052.0,580639904c07c4b29376a144d15fa00f4cd39b9e
117.0,15a88ea05d5d14f250f17da6a3d87f9bb9000024
1051.0,9f2d61bc234cff3d33be9c526d8cc38c9e475063
