issue_id,commit_id
9558.0,16fba547a15958225077303635b816c68263e73d
10794.0,ee02d256611b17d11e37b86bd4f618d7f2a37d84
12539.0,8202e627c7d7897728d824c84a6d479ca84a9098
10858.0,9aed521e6650384533f69d7b46c0210b45ae9391
12226.0,8bc53bef4fd373d0f4276d00793b9a35fb1a4ef9
10092.0,c8728e4e47569a2eb918600fe75f36a6dae4e623
9386.0,5a7906ba6156f57025520fadbff52331eec4a12d
11636.0,a9cd4bfc8fcc7ed43e092c84415c261d30e9c79f
11182.0,f130fa1bca288cb566b083620ba70cb89e2e5fdd
10163.0,cbadaf00e28f7fe42762b55f52294e3a7bb90515
12086.0,4aba316b7973e246af94ab5ace18fd5d5ffe4f81
13246.0,544625545afe2e9c2b358e356c11bb8be53ceb51
11147.0,40a9ecc684d2c5e7fdfc09f46d0912940b74ab63
12675.0,f69e046eef93af5a28de5330bfe15ee348520b2d
10462.0,df03bb5b1cc9fd297b0f19e08d916a4faedea267
11162.0,fed304bcedfed737fa540fc0b6ce0bf27187d4b9
11518.0,aa0f12ce9eacd70932466d248fde746e0b0dfa0d
