issue_id,commit_id
2412.0,59f7966e3192bcf478a213ba0aa9cd3bda7da4e4
1019.0,01e831f08279d69f29984abf74c0eeaa12579915
2870.0,93e4b714a179c7132b505dfbcd835e7aab542a56
2303.0,c8e56d58077d29e2c9478f133b3c69ba73deead5
2804.0,99c56eaafa05a34857623d5318c5bccbd634adff
3207.0,976dfedaa9efdb566333ea829b12751820268f67
3054.0,717f9d33ca7c803abf781ad81d3854ddd7869900
2326.0,090109b63772669f838d4786ce9a2483e75478c0
2378.0,29c055a2b4327d94c5aaf66ae00514199ff146cc
3401.0,af5743f6bd2a62072657830d3585b98680e1c203
2711.0,324b4ea2559f42ca710061bcf6c85960a1f2d2a9
1213.0,fe2d75e1f41efb49472d625ec7c366e7c242a2c2
2234.0,ec18fe94775aaa3d54238c6c75b569491803134e
819.0,a2bc61b5ab19e899735f8945f68123b4cea570d5
2554.0,27a7171d42c878d5d9094c0117466e862ff91000
3391.0,4bceeccfffd09cd6d02489988444e25b07f32ae0
2606.0,8ff0cef6b9ecee2c0bc31774b33cb88632dc79db
3740.0,fe55f92cdc575d00204a134b2d556c1053e1ed4e
2117.0,5b9b180191016044b95896924c7df55cbff7db93
2739.0,4c8ec8f555af8aeba5a48c3c4cd9cc39c74dce8f
3375.0,e17c3423bd306b04d27b6a2e53c80f1ac2179054
1208.0,fa610a24ec326bbca01d6453548a1129178273ae
12.0,88f671aaaef334caf3231095b119cac094ff5ffb
2301.0,5b96e00972b2799728470ef9a3b49a99dff22cda
