issue_id,commit_id
11378.0,02c1f8865684a055416a93bdc8a7bd07c988a09b
10153.0,978efb61b9cea47ddc2b5226cefee2a890693557
10209.0,14ff5175181e680d75b8d4ad6fe0d7d4dd35beff
11199.0,98465b85d020f1326bcef7632f1261a9a7a84e92
11002.0,8e8f989b850d37a4cbec7a0409343262bd963d0d
11294.0,2b963e5ab64166ecde96c2828b937414fa9bf4e5
11373.0,6dff721a3a8755356b2e89d02ef63ad8ab38ec95
13037.0,ee3997f2e6dafa5e1fa93b71dcf428a29f8066f6
11187.0,6c92fa425e980f2a2a83bee8bfa5b5e4113066e4
10020.0,918c5991faa21cbb48de07566124c57cf16c0cf0
13467.0,afff7b4326f380a54c73400d1e2ae03890162bdf
12546.0,ad578c4c19444af9d1f0e0d51a8283eb0db1a264
11412.0,37c0c1e1975e23bc96d31ed2c990412d0239a406
10194.0,8532744ad3de309e807ade1b9b6eff9603305b1a
12193.0,7a4c2fcdadf8ddaab1cd7fb461fae58bfa36a6ea
9384.0,173a1a545954bae38e40f4fb0bde228765a9b059
12336.0,c24d16af155e20976bdf61e468ba760408e676ff
11166.0,6773d96ee495e205552551b49b08f2d927d36ebe
12459.0,91765e700b1d5e465fcb56bd2c2f56384bc2772d
10077.0,a637960fab61b66848a36e6a5caf0204c155af01
9996.0,ba8b3fca6e9e4e863bb80d134946be1b60463718
12628.0,30fe4ff1f12ff0c45bac8738b4d2690eadd056b2
9398.0,4eab0556d29f11ff41758d80c15d6457263f6a93
11222.0,32fee92df5fa21e3d1ff6375f7a5a923636c311b
10957.0,79a48bd9ac947dd6bfde19f24c4bf88b0002a5a5
11394.0,c2244d2a4cb5f86968fb117f75469283a19b8a24
10713.0,f86bc57d621fb0325e928271b246d197611b0e65
12904.0,b2f989889cf7f68f8573eed70875e283dbdaf2a8
11021.0,66f8cc7ac4942f7f9fe0164a2a854a6264b87735
11901.0,8f41e41eda6e8ea96403cae5798a5a89c8bb5605
10997.0,f06c7e4dcd9d3044580dff155cdeb4978e622188
12226.0,8bc53bef4fd373d0f4276d00793b9a35fb1a4ef9
9601.0,853774ada4aa191ec8ad2f5a3484fae46920bf7c
11392.0,e15533e6c725dca8c37a861aacb13ef149789433
13477.0,ecac367b2372b5f2326fcd3ddd11718323427f4e
10794.0,ee02d256611b17d11e37b86bd4f618d7f2a37d84
10802.0,20384818e1c95ce8b575c32a6800d3adf7f25a92
10968.0,96c3c195ca805758e094780b59077bea9db99f41
11305.0,3e772defb7781955be8c5490744532ccdfc1dd3f
13255.0,2bb96b6fa782abdc57c4ebe07b28cdfb98c49e50
10913.0,695a928224bb8d5efc6483fce1c40dae65dc7bbd
11244.0,3c899337c0d4c895308239a04cead2761822bee2
11395.0,f2b261bc2555773bd88cbbeda976f98e244d02c1
12288.0,bb8e377ca10432d95c142651a355ce440be80557
10087.0,24e7ac0756aeba06ce1cf7f7e72219a11b14b101
11974.0,425e99a9e3d00c7d505d585e00e85ee716e3c350
12221.0,c55ce21fdd4f55709269140e068cc840a7c7ec48
10416.0,52f608cbe7cf685bd9f92fcedc3ef02ba4292dc6
9865.0,af804d0a5db9a8f20fbb083b48655b2687ce89d9
10724.0,d2803c0fb7d0ba9361dcba8eb9bcebbf2f774958
10427.0,2d183db0372e5ac2a686608cb9da0a9bd4319764
13144.0,efe72ef433852b1d7d54f283efff53085ec4f756
10871.0,812c9fa61a7cf5a85cc360ad2d85b0a7a47d33d6
11521.0,ca802e1b6b9fb47194fe62c2fd0df03de1002c84
12211.0,3fb9df96e03e4916e9db1c2594070bc6afa47f35
9442.0,06eaeebecfb73c23bfd531013ca172ee3bf5069c
11986.0,6096ded90df902e1f8a21f666748a03100d140c0
11196.0,02bc5010a04bb11c8e91835cc9775c8149dec754
11181.0,9a9abbac2ab66ec2fb6dfffea3249b32fdbbc894
9578.0,1c9a49781da2101507db23e2014e4e5d16bd2e52
12536.0,618edbe595abcdca96f508b14d9198d68ac767a2
12466.0,c8b0e33c3edf7e1f70b2fbf60a250909c917d55e
12322.0,979e880c53f44d502cfc3648740bcc1300d6c4f0
10908.0,cf7d3d259f93b1ddbc601208280a460ee3379591
11398.0,f199d00ea5bb2230230a34193fbce7ecb5a4d4d2
11960.0,2e0de19d629e2eb5be4f614049e5f0d32887d155
10801.0,93cd2400ef005cca2048e1c78a84f24cb429e0f5
9817.0,ef13db05731bfd53fa0a877637c99c1734be933b
11572.0,314c4495a3a091867186c62b77b33877c238b0e1
10038.0,97d5fa920e4f8248128f7c1b460fd9bb20d3478f
11466.0,df8186833fe47a6fd4b7dbc52fe12f9df73609fb
11051.0,545acc4b66b5fb0ed5457ef7288d836f022c118d
11529.0,e47a003ed160d829300f6782a2e3ec014c739144
11278.0,6e004306dfe70ab499afc04c31808fdac594ae08
12009.0,5c934bd646b0781eaf03e5b533ad2b6bfda401d5
13355.0,9ad5a18fdfe7c3cb7ff828bc1d6b42b75660db6c
9599.0,839d3dd0b598ecf6f2e93b9f9068c2e21fa1c97b
11203.0,88af7d0c97497b5c3a198ee9416b2accfbc72c36
11564.0,140605ee0f08b7996d69a61610782f48766776ad
11563.0,1d10fe2d739c48f00404008fe5754d2807bb0fd6
11154.0,3184efd620840fb6032526df32a09185b7ae18e2
12254.0,2944988be3ce0398c1ebbcce3f2b57a6d8be05df
12775.0,93b0f1ca916a693c98e32c23a94a2893574cd58c
11234.0,a9e77534c889e378eda67e6aba10632a9d30d629
10339.0,c9cb6087394656247b13dbcb447135dfcb91685c
10134.0,84e168b5fa55933e02e767ff7c86fcc0232aecc6
12292.0,ca5a4e3d6954eecc2910145111dd91f37d3ccf32
10342.0,52e3f9835c1a25a8b895773f64524e27a5ae10c0
11561.0,6207edd1477696f4a8a1761993544d72d766bd8e
11061.0,1915f106fe94a65cab3887c5842cf520f8adedf3
9892.0,e73199d413395d7ede0dd86c06f7a9ad2d1fee17
11011.0,785d6e396ce81575bb155bede412a6182d5f22ed
11389.0,885ba629acba8128fd40b0af92c960b99ac5b827
12000.0,3821c77da30e420fb78231d306b18dbfa1131fb7
13280.0,088bda5902fe6f663a49461e41bbb57630cad681
9563.0,830c3633176bd7a22955a0264b79242c41f862b5
12903.0,ab3ef6f3f0b859e5b501aa696f388f277cb31de2
10679.0,d18c564548104c862892a1f73423e333f11f7ce2
9910.0,a053416a310868971a5ec743e714961e28d78c79
10930.0,907e8035656b0597a7a2f3cc1bf237a8cbf48821
11393.0,874f6db89d70b3c0221034943b2a427d88b63e81
11622.0,1c221934aaeab20ed5b6fa245b33b00a8b557533
11559.0,58432f2c78cd5bc1d9893c63b3cb8977dab31670
11384.0,dc9e510192d0a8a6f6943cd46e9554364d4dcdd2
12751.0,58cebe948addc7c4cb8762b2e67c8ce656a9d957
