issue_id,commit_id
3242.0,13b689bba6119613a2a47e8a9c84e82e69f602c4
2073.0,2647fc7112ed79c1751a3d99491d7dcfe0aa4520
3229.0,240e398c8d2b46607f6e5c87b6e39eab50ad7796
1196.0,d76ca43a583cddec91e8cdd32a8210e6bfb1bd05
1861.0,808d2cf75e7127618340149c5b0f1a9b608b617e
1242.0,e9160473093ce7b2a4e867de414a90a9094943fc
2364.0,9d829934226a34c866ef56e6dacc15c423dd02cd
1560.0,00d6e339ec789e7b92007297e840a671a5e38a7b
2935.0,e08bcf9f9700180a09f77f52604ea6de36fb83a8
1950.0,0f1cf50f97a617114078be3dbae3152339ff13ad
417.0,71a97662663babca96365e01bc2017f9f178c95b
1743.0,d45445ed00f5d1839f19f66207ca276ebdc034c6
2554.0,27a7171d42c878d5d9094c0117466e862ff91000
2729.0,32e813f728ca5d8ac662231d8fb1aceafcd85412
2565.0,c2bac6de8c51b4ad687f04d5794ce9c6afdf38d8
2071.0,6478d7bb99ef7dcdda19ce3e58c00500ff72e60b
1010.0,8fd1825551b28ee967246ce9638fcad763bf616d
2530.0,03a2996bb89a0f35f82beb389788539ceb58ba46
1132.0,8d3ee017c58ded9e994a7d97c58bcc5d6a2a6e68
977.0,02eb9c99fdaa0c3cb3179ca5a1538e87ba6f13f1
3182.0,dbd38404108f5c3c3cc31310a3eff24aa6b262c9
2326.0,090109b63772669f838d4786ce9a2483e75478c0
856.0,5207c69064898f513c0b08110514f3fd39e5a4a5
3208.0,4fe81d7c62a4ecffd238a74783c054c4e5235fae
