issue_id,commit_id
9696.0,aedad3986200b825d94f847d52bd6b81f0419a06
13271.0,680be2e1b782616982338da1bca5158259e94e78
10194.0,8532744ad3de309e807ade1b9b6eff9603305b1a
10092.0,c8728e4e47569a2eb918600fe75f36a6dae4e623
10994.0,cc3521ea93b0470e9ea11151a44c30b54d4d726a
9435.0,531a8eabe222c3831cc5b55bafc81d2aa36f0672
10742.0,d4c1f69693ec476b33add0d540631021eea36a0c
11305.0,3e772defb7781955be8c5490744532ccdfc1dd3f
9733.0,f7afc73780ffe89abd8dd08ebd815cbcf56720ee
10322.0,b21764824f181fb7a32fce852e5afcee4042192a
9478.0,5e797436c3defd2d863ac1ffab11c48dbd42588e
12237.0,c170b8e0a1b1f761d89fc9edcd603336b65f07c3
10061.0,19ce1ca783a995bbd0765dfd9d89f2866fccbc09
12344.0,f69946854775d5c755983d9f585bd20cc97acae8
11226.0,33902e53eb7312fbf2f17b7b700bdb7683441a24
12294.0,4c16931b49aceb38b763b4a24a55a99b6847e29b
12241.0,63320f807788e16a9a6310180714692ed5c113d8
11682.0,e90e17068eb0d9620aeeb90168cc222025ea119e
10422.0,4f90f95fa5fb087445acb40c110770ebb3817b28
10664.0,8fe86302ff1cce23c019fdaf24fc6448c3b30090
9902.0,c6332819c7fb1b01730817a2d46e4fff5a60436b
11203.0,88af7d0c97497b5c3a198ee9416b2accfbc72c36
11011.0,785d6e396ce81575bb155bede412a6182d5f22ed
11456.0,36b9e4c055f32718a036cabaf767325b010c7485
13225.0,ccecd39dd9281d65bada97f6762f622563227315
11147.0,40a9ecc684d2c5e7fdfc09f46d0912940b74ab63
10698.0,2526c85ae17d83cdcd826ceeceb7643ae5cbcb2b
9599.0,839d3dd0b598ecf6f2e93b9f9068c2e21fa1c97b
11556.0,cb96315a291a8515544c6dd807500073958f8928
9830.0,083a41cc6be7b1796e3817df198d1557bb8557b8
12332.0,02642368427964aae6b28a90da754b2ed0703f8b
11167.0,d6388ed6457465ab35da8a34ae4abf5847a50cd0
12254.0,2944988be3ce0398c1ebbcce3f2b57a6d8be05df
10006.0,b26fa3b63870b6160340bfeeb384b8d812dbbd15
11079.0,2780ab0c9712b41c34693758141f30ae3d3c2e7f
11975.0,88cf9707530f9bb3246779aee0138e49efecc500
11808.0,1336cdb14ff03de754aec6899794742ca91057b2
10865.0,8f4e4f2a0b543f3d74327cb04113f65cd5d11c62
10714.0,583f92a6f9332574a4a2abee5ae454e906389377
11327.0,c7d04b70cd15dd47ae95dd2b1ccda64d293321c5
10476.0,a9a68bc9deac5d72170ac48c15c41b0defc9753e
10062.0,0ba6d95e768eb7a0d74a6fda3ea893e7fb2d7a67
12568.0,7c7e51ea5ab47b67cd68374400051dd022bdc662
13138.0,c10d24959b0ad615a21e671b180a1b2466d77a2b
9996.0,ba8b3fca6e9e4e863bb80d134946be1b60463718
10858.0,9aed521e6650384533f69d7b46c0210b45ae9391
10242.0,a3664246de4bb8ef3232dd84ff47fc2694c69e58
13383.0,f0464c94c3844ba38cfa501fa3928a2bff828011
9834.0,b13326498e7cf7338a397f93a75248509256adc3
10266.0,5eecd55a6f1d6d149b42f9b76aa53d4c5ab8d3eb
10846.0,63e204693b782b5f068240568853cdd637c29030
12216.0,39c301d1823ff28acf610433794c2a79b5c00a46
11768.0,7bee9a18d83899ce6dfd50c4883afc678139f4ad
10953.0,c60f1e19dceacf77749a6215b1fc77f758f46327
9558.0,16fba547a15958225077303635b816c68263e73d
12546.0,ad578c4c19444af9d1f0e0d51a8283eb0db1a264
9411.0,f1df4297c27f4a2dab675d253be67eb0372817af
10673.0,da9ce7d8f2e4212cebdacc80f6252b4ae1e68773
10191.0,36176924bb5d0fe248a56362c6f776799434ebc0
11389.0,885ba629acba8128fd40b0af92c960b99ac5b827
12288.0,bb8e377ca10432d95c142651a355ce440be80557
11050.0,c7f4ad56532a378833f88648f6849e76f9d769be
11542.0,90c90b69cf35c0457ae52e97e363b82562fe1920
12226.0,8bc53bef4fd373d0f4276d00793b9a35fb1a4ef9
12299.0,f0eb8d538c82798944346b4b2df917a06bf5e9d4
11719.0,edd0c0a4bd4cea027842bc8925048976d65b1ae9
12242.0,58399c111a4639526f8d13d4bfa62fc3d0695b02
11160.0,ef0c95aca2fd19666711422c14a6b16f8025ed84
12533.0,adaed1f84a0d980a660eb7d5ff271408374e5bef
10189.0,a6afe7c8149c61372b2aae6ae331d1584eb8a19e
9386.0,5a7906ba6156f57025520fadbff52331eec4a12d
11758.0,c2dc4049c16ab8cbc215bb0ae80cd94a3d9542f5
11998.0,0cd3b07eb5de1aaaad84d1ff7f7c2ed7dab4b23c
10163.0,cbadaf00e28f7fe42762b55f52294e3a7bb90515
12170.0,3dbc940b9eb690e92fa6d7fe7ebf897a552a1c50
10459.0,ebdc1c8759f65768212b7e7113b5cae82e9df3d4
12007.0,0505393746d56ddacc34bb1c016dba79429c9ac9
10977.0,7a195b64ea02e02698083b0b795287ffa6e72cf8
12328.0,29b80082dc4f785b462c4453f14294ea32ad9ef3
10134.0,84e168b5fa55933e02e767ff7c86fcc0232aecc6
12076.0,f42d9e0179f11871179bc9ee4e8c138cd016612b
12551.0,9e6b181b0b27d9ea1157b2ed7bcce04434bc8d77
12721.0,2f31fae720b25c60d15e1f30d17dca8e320dd92d
11319.0,7875e856f8dc09372a83d8c5dc0af74a50d17d30
10209.0,14ff5175181e680d75b8d4ad6fe0d7d4dd35beff
11521.0,ca802e1b6b9fb47194fe62c2fd0df03de1002c84
11384.0,dc9e510192d0a8a6f6943cd46e9554364d4dcdd2
11199.0,98465b85d020f1326bcef7632f1261a9a7a84e92
10020.0,918c5991faa21cbb48de07566124c57cf16c0cf0
11036.0,3b7b071bb7b4537576306f00703c5c409bedbb43
11029.0,6dd087ab73b09e449144ff17450cc14f981b9ac2
10931.0,bca4cc4df563a1d72b91460bc29cb18e91d14057
11205.0,d337273d2e1be823c5e3e1b5e757e2426cba8004
11234.0,a9e77534c889e378eda67e6aba10632a9d30d629
10549.0,83cd9b78a241a04d3762ba7c71c1a0c47f9aba58
9802.0,ced81968b0e9d8b1389e6580721ac60d9cf3ca60
11431.0,882302d2b0b6a5aad20dc08a98a9384165b3ab0a
9384.0,173a1a545954bae38e40f4fb0bde228765a9b059
10077.0,a637960fab61b66848a36e6a5caf0204c155af01
12221.0,c55ce21fdd4f55709269140e068cc840a7c7ec48
13239.0,d3512f7cfd0aba4ccf20f1d58729454a18718699
13246.0,544625545afe2e9c2b358e356c11bb8be53ceb51
11043.0,76da5f0a21ca98e4bf6706e182fb825243e76204
10023.0,49f5b931410bc2e56378f20a15e8ac919e0efb88
10992.0,be6d8293f26d6d577b61874ccf6d68f116734d5a
11306.0,d059890d0342955e968fdf97b5a90d19c9d68b4e
12841.0,665b0076e089dbe60ecadc34bf2cbff9d7042482
9903.0,12cf6523226bd22c02e66ebbc441ed7769ca28f0
10038.0,97d5fa920e4f8248128f7c1b460fd9bb20d3478f
9642.0,c08ef613af27da896cee168daeee5c6fad1980b6
12740.0,29f27f333efb427830e62bec62fd79b444df4011
10184.0,3e9048bccaba33805d96ec29f5139e5d6ec40358
9891.0,ce13af5785bbb7a2be7d42699cfe25117177ddc7
10692.0,1fcc791ee1c94c2a3efa5072aa2f10f1aab51a2a
11636.0,a9cd4bfc8fcc7ed43e092c84415c261d30e9c79f
11125.0,cd22c5a53bf738ea678cb5ce0e799093d527f2a6
13255.0,2bb96b6fa782abdc57c4ebe07b28cdfb98c49e50
11196.0,02bc5010a04bb11c8e91835cc9775c8149dec754
11051.0,545acc4b66b5fb0ed5457ef7288d836f022c118d
11726.0,4449be11edf1a6ac7298fd5c41c30a7c8cfdc292
11463.0,74264ea3cd5e8bdfe90325f98944297d7f409018
12628.0,30fe4ff1f12ff0c45bac8738b4d2690eadd056b2
10678.0,dd07a4c41efed22afb5780cd584555cbff141c74
11675.0,dcb5e3cf152977209c7122f6b07d6c86fb4cf1e6
13477.0,ecac367b2372b5f2326fcd3ddd11718323427f4e
10873.0,c7b7328cc99fd5d7c298e57c6020043451d89a61
10597.0,468f080c98f06780c950e5a78c9eeeaf9fff002e
12293.0,6d5cdd7efdf8c10ff7df322059dccc8013144521
11039.0,5027630fa41f499a9226a8f9d952ceabf2c247aa
10367.0,13548e8b212b504c9f506495b01855de6d9f6117
11391.0,8fc8a1681332cc4c8b05260b20ee54fa1589e3d2
12545.0,b8ec0e6dc9bc2b069fa9cdb86b8a32ef6a10a6aa
12477.0,029461c7d1fe7a6927a6f9d0fa13dbf49543b413
10959.0,d8796e04f8f8a814eb8ae3206624b5c4b47362f3
10986.0,09a984bb256e0c28ef03eb8128bdcc851b3604ec
11412.0,37c0c1e1975e23bc96d31ed2c990412d0239a406
12831.0,627bf95c11199419eb6d2017c322a0d78ef3dc3c
10145.0,a80ecd78daf7d464a6ff915111f62b8cd21c8b6b
11986.0,6096ded90df902e1f8a21f666748a03100d140c0
10797.0,4db04d8701a64ee249dfe6ce09ebd89063bfb99c
12336.0,c24d16af155e20976bdf61e468ba760408e676ff
9715.0,25d0193eaeed91ac899bf8b572d98ce0e0c76d3a
10029.0,58fd1f0589d33aeb33c4129cfedfb7737495efc0
9555.0,f47e362a18dee71f31f350a660ed2883699df05a
10282.0,e6d21795d363165b36962e71ea7ba7948185e26f
12858.0,0a0ac3fa5462cf4a72636ca4498a0a82ac91fc32
12147.0,6368af9a5685266a094415eeb7c73e6d23f7d950
12534.0,f6a30b005535fb45a5b4decf084af437ac7fc7f2
10952.0,6d30ab70a4f116554aa610ec1c00a6bc5f1247f3
11294.0,2b963e5ab64166ecde96c2828b937414fa9bf4e5
10327.0,7365a99f6e832847808c7aa28718d32fbc744b21
10913.0,695a928224bb8d5efc6483fce1c40dae65dc7bbd
11393.0,874f6db89d70b3c0221034943b2a427d88b63e81
10939.0,38ce4657bad26cb359c2852b792478264d92ee9f
12894.0,3d48e278f8470f7f6fb9aead5521684f618ebc07
11508.0,a37b41d5ae799c338958b3eeeb884074dfba865f
12903.0,ab3ef6f3f0b859e5b501aa696f388f277cb31de2
12841.0,08f6bdeb5652550f36210f64aefda3d0d41e2d79
12496.0,ee3d6a6465df01d27cbf3bb3c5bace05298756e3
10916.0,e6817ea2cacff41f2b11b5c148a8f220288fcf82
10749.0,1c4bb1ed8286b723d99b419a6a5e63286353b149
9677.0,685bda8db301269b0f8542925f35678ed398f6df
10066.0,7ff9303041729bb69bd416e2ccb6e7a87ee7cc2a
12498.0,f0a24a009a392f71d9dcf4fcffe2ecc9e9f36c86
11879.0,bf0f25f79a368aecc79515be6a7f20a87de2c436
10130.0,08c873669f39b37743014db99fcd2d308f8ea5ea
11629.0,29e740e0965be5f460f67692a284a9a2deb6bb04
11085.0,a9d9595101f7e38780f197dfde643fcfcc0814d3
12539.0,8202e627c7d7897728d824c84a6d479ca84a9098
10801.0,93cd2400ef005cca2048e1c78a84f24cb429e0f5
11398.0,f199d00ea5bb2230230a34193fbce7ecb5a4d4d2
11189.0,67d563c455072dd26e4612a0b050b9f8363385ca
12203.0,79d9d3c669f5dded8beb38eec0a0c9519885df77
11242.0,b9ee83cc227ac0719a0de937ae65392473fe007f
11551.0,08a6dd04f9143a04ee77af1128eaedb3218c6147
12644.0,b5af431ce6b78dbc52f2bdeecdff52fd696bc7d0
9441.0,2ba2076275fab79cf4b8c281ccce506b257cab21
9811.0,416783156c1b07f28131c493a55a93936b5fe163
9580.0,0121ba067e19c023b725f9bee581633a276db890
12259.0,91ccb284abcd83a091dc5f2549f6b24df849a2b5
10727.0,b88bbbab2695dd0e24905417006d2240c6595481
13322.0,cf9595ae20be49917f2a19b24467e822ac878269
11401.0,5ef0fc3215fb43f5772673b31c51ad8a6582bc39
11166.0,6773d96ee495e205552551b49b08f2d927d36ebe
10921.0,0151028441d30525a0a553eb7fab4b08269e8266
11901.0,8f41e41eda6e8ea96403cae5798a5a89c8bb5605
9751.0,886c021e00c9a12e719371e234bd6df4e01a703f
11010.0,028c47dc5ce8de8a5513d984969f1f4231be6cc6
12506.0,28ee86a51fa628f65a62d077e8dd9b7099b1749b
10357.0,bbf4283457e38859d6dff5a2f0990f8347799e6c
12751.0,58cebe948addc7c4cb8762b2e67c8ce656a9d957
11021.0,66f8cc7ac4942f7f9fe0164a2a854a6264b87735
12228.0,3e6db0e99ef56b23b3977b5969413d0b636a6fad
11100.0,5a6af4bc6d44e9adbc2a21804bfcd18c4ce849ef
12675.0,f69e046eef93af5a28de5330bfe15ee348520b2d
11254.0,4dea0f867aa29c4e6bda2a66cdf1254adfa20400
12193.0,7a4c2fcdadf8ddaab1cd7fb461fae58bfa36a6ea
10125.0,b470a595f7278acf5e7e47521edf25d3c4f479f1
11559.0,58432f2c78cd5bc1d9893c63b3cb8977dab31670
10346.0,1365ed5d9a872631b0d451f8508cc61d79228dc0
10047.0,c98093f6ac852534493956ce6668f7294d608c82
11394.0,c2244d2a4cb5f86968fb117f75469283a19b8a24
10236.0,2eed2a5d688e8720740f30d281a18fb2c13a15fd
10207.0,84aa7b5f4167afaa8e4b24f2449ac76c11d5e8df
10930.0,907e8035656b0597a7a2f3cc1bf237a8cbf48821
11278.0,6e004306dfe70ab499afc04c31808fdac594ae08
12300.0,780b74df5fee729f7dc4781e991653f9b5f862b8
9948.0,d673afd5979a4e541266763f65bbd65fabf20b0b
11507.0,8ef5dcfd3dfa385e00e7d2654825f7f79d2dec57
12904.0,b2f989889cf7f68f8573eed70875e283dbdaf2a8
10024.0,24daab1c7b3ceebf04a19d3df3fdcdef11fe773b
11504.0,b7fad0752779177e0968f93832d8a5b302236a7d
9429.0,ba204bc43847a62de8eb8a7941da24f1fe6ac2a6
10963.0,4bcb8c95d8bba3147dd86446cd91be77051cef96
10957.0,79a48bd9ac947dd6bfde19f24c4bf88b0002a5a5
10158.0,528542176f70f9a889e84e4494032f42a53bec67
9511.0,d79200a51710a23cc47b4ca5ad3f8df7c32f4eae
9450.0,7a1b9005c220afb9271d20a73e168cf18d0cd631
12133.0,e59570ae26670f788d6c649191031e4a8824f955
12084.0,48a8fa0e0dcb7b06af113c8f5dd47fa5190407ca
11065.0,c2a6caae852adb0c832da86d5815c26b2e7d24c6
9656.0,5216360a3c70b0f4d685966ef449645fa131ade8
10765.0,1fc585adb57f20a2acf69f0cd08b731259b8d2f8
11960.0,2e0de19d629e2eb5be4f614049e5f0d32887d155
12106.0,4185cbb50bfcae9cc30b0fc7b67e81d67a50a8ac
10781.0,1068e173eafd15e5aa9f40b9f73590a7f5be4a84
9375.0,dc698c5486117780b643eda0a2f60a8753625b8a
10802.0,20384818e1c95ce8b575c32a6800d3adf7f25a92
12536.0,618edbe595abcdca96f508b14d9198d68ac767a2
11352.0,d7b04e6fc6ad57c58323f16687c366e19bdd0fd0
13373.0,985521ee7050df39f9c06f53b54e17927bd1e6ea
10637.0,e2531cb8302b2842c0d3b505f6f619e685c3f4b4
10975.0,4c015964da4e7e2dfa504461f020408d0692a57b
11558.0,384d3bc35db3359cb7c1f560e053f2a510d9381a
11392.0,e15533e6c725dca8c37a861aacb13ef149789433
11162.0,fed304bcedfed737fa540fc0b6ce0bf27187d4b9
9944.0,3578599b6499eac4dc1f320ec5e7d96433777ee8
12168.0,ad5db1010c40500793cc42539f1d97fa5fe36221
12065.0,a6c8042121371b5873773ca767f28cdf5689d5e4
10132.0,f6fabd1a370c27aff4e8a82e5a3edce52aaf9c2b
10972.0,1a2290ae91a944416ef8eb517e97b21733c9681e
13196.0,a39f10acf3eac5e6ef69d084616982a4d4ebd8bb
12287.0,cf6ca32e7ccf05bdfb35aed80726265b61256ea1
10183.0,50411ccb0e7059ad2bd9286b64ffc2cda8957025
11564.0,140605ee0f08b7996d69a61610782f48766776ad
11170.0,bb8cc405f3ea3b74a9f3908b606a35f08d8d0be8
10003.0,73c90d014f024bfa13360c34fa99fe6220cc8e98
13073.0,3bda5520b787f84f687bb116c460f3aedada039b
10956.0,eb8b70addf6ae58ef17739b4c35cc22b1c4c56d6
11499.0,5a8f346e64cb432a445002230246ee042dbc278b
11062.0,f9210387088fe91b5bc8999cf0cb41a0fe9eacf6
10984.0,72e326dde38cb731424210bfd6e56f301ddc9e2b
11115.0,cb9d79efa87043f76989ed530de2bdb4b1fe8d19
9817.0,ef13db05731bfd53fa0a877637c99c1734be933b
10871.0,812c9fa61a7cf5a85cc360ad2d85b0a7a47d33d6
10688.0,75114feeac5ee6aa7679802ce7e5172c63565e2c
12086.0,4aba316b7973e246af94ab5ace18fd5d5ffe4f81
11643.0,4b54657ab4806b0aaef8f8eeb973edb83c3d3483
12253.0,faf0e02621df87abde519466aacc130157e29c6a
9638.0,388a9ab4cd47d76e6feb592a24d76503a692a286
9910.0,a053416a310868971a5ec743e714961e28d78c79
12459.0,91765e700b1d5e465fcb56bd2c2f56384bc2772d
10856.0,213170d20241c918ff42078e2de3e9a908244093
11387.0,2f12e96d8bfa22c2303ed0482544fb0ab6721a10
10034.0,49b9682b3570211c7d8f619f8538c08fd5d8bdad
11153.0,adfec1e8440b3af64b642ea75bdb21bbee70cc80
12775.0,93b0f1ca916a693c98e32c23a94a2893574cd58c
13388.0,b75b2f7dcf5d3c83e33b8b2bc86f1d2543263a59
10927.0,c8e3b601cd8bf3062d416a5ef74c4a97be611923
11154.0,3184efd620840fb6032526df32a09185b7ae18e2
10468.0,a2d11d4724d3cf4a0b18a7fe8448723d92e1c716
9921.0,0bcd9061856d699d9054f9475b5e59c51348319e
10879.0,f99f633725815635a1cf24aa2dd70bdb094ed7aa
13144.0,efe72ef433852b1d7d54f283efff53085ec4f756
10334.0,1e80c1a2dbaceba9a8280c37e4e896599eb927f6
11664.0,5e126ec99a4909efe45f2f32ae076fa4ac8c0e21
11182.0,f130fa1bca288cb566b083620ba70cb89e2e5fdd
11116.0,9149ff85210c1cc8b294b26ea37b8f6d7d51c8f6
11725.0,7cd6c59789c8e469c0d3cab6bca7ae3d2d028002
10817.0,e77a4cf3f85b45ad4275dfd661073ace1cc06e5a
10660.0,5103fd8134ccf2ef6ed114d525d8b07d148716d3
12500.0,d7c0e952f7a3d0dbf7d9489a8b5c959e04bd9379
11037.0,780f5e447799b4ab343164ab8beceabcd4ab15f0
11679.0,d2ebf181b603e7d03e65df941dd754df5de32913
13467.0,afff7b4326f380a54c73400d1e2ae03890162bdf
10153.0,978efb61b9cea47ddc2b5226cefee2a890693557
11395.0,f2b261bc2555773bd88cbbeda976f98e244d02c1
9542.0,ca27e445a15fba61401b2ee23765349515d3f28d
10737.0,749413a5d5b94f4335fe5704a107d8b2dd84c7f1
10462.0,df03bb5b1cc9fd297b0f19e08d916a4faedea267
11442.0,0a639230018d0c9e9f12476dc8b1c6e40c2dd0d0
10966.0,57fba26d8cb8434a14140c0ea65c2c71a14636bf
11089.0,9e1a0df3cd1d1bbbe7f9010c4c943bedfdfc3487
11030.0,9a4c5d8f10667e571c23f1b2f2e0397a85368bea
12465.0,408a344e50ef809812febc6e8dcabd34cfc11c60
9436.0,ff0690ab533b7b882301f8b836ccfda8fd4f7f21
12115.0,2e1a3816676724576f75ce76b18ed3ba2fdea670
12056.0,e4e342f70dec046fdb1a092e5a12c565f37b9ddc
11466.0,df8186833fe47a6fd4b7dbc52fe12f9df73609fb
11437.0,b9a74813081303399e8fce0f9f5f37f6a8343b03
9869.0,be112e1f48bbdf24d0a714b9cafc3fc9f43c7738
10373.0,67e242d926b577f440217d9d10b890f54bb875c3
9952.0,a8ca67f281bdc5d751204e3b2bf6e98731513a27
13472.0,4d59675b65b6733e525286bbd512e9d5a42f3a22
11038.0,e8f8e62add2a7073e50cd31f4f6571bf1ebe21b3
11701.0,13b255dfd832dd78bca90fac142325df534d51be
10389.0,29a22a8d59b5e2c4282f1e7f664d82595049eb9d
11388.0,7d5d4a6368e45cb9939acb04d089cb46adbca32a
11670.0,bd2968348c330dcb497d114f4b9f9783552113cb
11123.0,06c3a804e7d56cc77f76a28ee34aa67a34daedee
12122.0,328df7303425c2e3bf4274bb1eb0a2040bab5d8c
12029.0,34bce5bac9f434dc501f4cbff37b44680271a337
10946.0,6746bda3dcda273580fef2d911c6cc333c8a626c
12192.0,a1397169ddf8595736c01fcea084c8e34e1a3884
13265.0,969db5ad69b3efed0ad6bd293812c1c08d71feb0
10552.0,5a7a789ee9766b6a594bd4be8b9edb34e71d6500
10794.0,ee02d256611b17d11e37b86bd4f618d7f2a37d84
