issue_id,commit_id
5554.0,94a0324570729d93f1d6a570e1ca3f88bf267911
904.0,0c23b1342b17c420c7aabaafe01d34f3ace98b60
1887.0,cce631abec4397b10b30f21878f093326b17e223
5525.0,54bfb9649bdec565f9798cc41643ed1bae25bd67
1151.0,d706310d8b37a2bbc7bcbaee58ba267f3a336537
4252.0,14d4428e705e9ca739a4fd041ce7e3134749363c
2611.0,db13ab5ec21dca07310873067fc0a21f71a2567e
2958.0,98fb03e8bde18d35e8fe5bb150dfa4f0ad611fd2
624.0,ff64584876293620dc097b6115ab6e1c42963a6d
1681.0,7d24df37380cd5a5b7394cd2534e240bd2eff0ca
3563.0,3adf09bc4f1468f54a703481d6d7ebfe25b6f232
3858.0,388f23c30cf20d35433a44d1a60d410dc660c00a
2921.0,1d9c8f5295f67160dbb8a2acdd1223746d608d23
5731.0,04a1a4b7303632268ece2b749e3326790d0c9f8c
1808.0,329a77a3d0b2a06b4b3881c5097a0ea1f3b0cba8
247.0,b11e11037f94f6fc23c5fd4052108edda6b57d05
1469.0,b876755f1cee619d8c421357777d223037d5289c
1236.0,3a4d57b3f52633d77291e51f31353fd317034d8c
913.0,db2474f7e7ef85809528a6f92aff3127be55734c
1827.0,cf535fe840efb460787942a878f3551b24aa02e8
5827.0,874a87976830ed519ee49742c5b427618fa362e8
2741.0,1acacab93b6530baef273ccd5fe97b9ff871e0b3
5805.0,8fbebfa943c3352f5ba49f46531a6ccdd0b52b60
2690.0,8753b458fbef80a6962ae2dfa5082969ba6b7923
4188.0,f558df2558966f028f773307cd5ae39a2d59e57a
1724.0,0d368c5d6fd468aed301ed5967f8bfe9d5e86101
1642.0,b1e44436bc4629773388d25ad9ab7b8ecf43d15e
111.0,72485128cb29751b3b03f6a04e73e4cc50912910
4283.0,3263441fbcec8f46d363926d9106572cb0ecac5e
2270.0,97e82107b190f08f628a626265a9446b9f3361e3
5263.0,214525c2c16cb527a00e31ce47d274266cb5d418
4560.0,97532a9144cc011e5a6ede84fa7d317c3af60131
4615.0,8b549392f924ddad9536e55c6120638daf688dfd
3810.0,8a022ac6ea10ed6909af253e72f5ea7e804bbfc2
3327.0,01e317e79b11a988a95397c9c154b406847b92b8
464.0,2d91c7136d613cf84d9a2cb79e147b39ebcb3d8e
3762.0,137a3d814641bc4c2eaa713d4b56680863f54765
2337.0,1cbc57faa5439515fb937a8adce64dce01498e2a
253.0,0bf9e4627cfcc477f23fb81edabbad85c24911bd
555.0,ec48df7f8d838532254ddccae514c4a01526b330
330.0,db5cae7c03b803dfe35b1fc4b93788a5ab6dfeba
4785.0,6e8d20a07a8c1a1f3ad7b3c3d74b7d37f2b47327
2302.0,a5f4450313a154e654be00a27cb2501a9da26518
245.0,ed4aec187f7868a7fcc7c7279489f02be79a8cf9
3210.0,b364d27247b2d9b86c164569c7e0459fa3f8391b
3152.0,9c6d265280a3ef842f325509d2a11db354ef0286
316.0,4ac0eea55d0ea0388533105c9b559513a60b41c5
4755.0,a6b67cf4a17f955d76c4924c13267c0cc5c0e059
93.0,e0de5f3eaba87a6d4d287819720b9a6c724f61cc
4822.0,44f0fde9057256dc16f24f22cfebc61626a94450
5790.0,2f12f5c259a261eacdb2f3ad2942e57ffe7739d9
1421.0,fa123b335b3f23dbb79c36700fcba482abf718c2
280.0,ac007802d6571d73510f8b977d00029b2f69be4e
1353.0,cbfb24dbeb82c791e82f1d9249685aa4d75fed3e
3961.0,5f407cf6579898f5aedffa579ad6db493d04dfa4
111.0,5b0df465e77ffe8be1d04c264449b8e4fada398d
2052.0,0ab7c1fbf97460d6f110545f29671cbf66e778be
422.0,37b01a229c036abe09a98dddd174f4974aae71f2
1071.0,baf5c59386ab450a842568ab34b5ff83cef15f8a
1307.0,ec56ed58702820b543f6c1f6c52691d6732f07dc
73.0,45f55c0df0bc1aec7068b9f6e39d1aa5eee0b046
2569.0,b15b4541d1d384de47f57ee69177696fa67e61c4
3696.0,500dae82e2ac5178df1b06f2acab22777e6a6571
546.0,8e0b2bd343865fdb195f713151d93fc1fc103b94
3649.0,54d106033f2d185c8a33a323d19f627c5cd96cca
1127.0,66aef0488a759b911e9557a855f53b81aac51b25
334.0,6f0e492390ec6c59d3b0d39ff5bd2ba3bfc51bc9
2215.0,7b8bbc92054539c5185cbeeba37133c7047cc837
3390.0,bafd174a9f174e31bd76493761264f4c81649e4a
4803.0,75f35f558f5a9e0851c05dda85763b679d713ac1
2551.0,5ee595d69544f71168d3aef9666615bf2b431cf7
1351.0,6ac971ebacc1a9a0ca727068182dcf8a8c677bcb
2464.0,a8893190a10798b61029d141a52fbb8deeb86d3b
4152.0,a541c329a9748c3c8a8f9f9acfce9f8a0468491b
5194.0,15dfc8a76f1e806533069c5098759492c1cfba72
62.0,9b849147369eb908cf77d52d3233bf66878a8aae
179.0,1e1cc76fb74afa90d2f0be00e3a9db12f4f7e1e5
2069.0,759a555d288a72191b4ccacc0656ebe0fb476ffe
191.0,35e6c8725bf8cdd35c23d41caaf7c88e31ff3118
752.0,9d57ecfc3598c7de524645352586b6cdfa6aabc1
4743.0,f1250177dc1c486517b9ca8ed136162533014da7
5113.0,c5b1ee810167266fcd259f263dbfc0fe0204761a
5150.0,45c2bd7d9c1d6adf0e051842c422c5d6af1d0a17
1243.0,5beb9d251c21260d4de9930b31e5f29646b6e4c5
4016.0,17c0d72d0488929f4788a2c4a9951842dbde4833
2165.0,fa78849e335994a1617ed63221a70940c21cca20
575.0,b74e7dd30aa2e11c0499d22452618c0100b2a728
582.0,45c9dab15b5f991bb47f7bcc8a836ce8a73ef0d1
5095.0,15edb3f6569827653e87212fce45ad20754ec0f4
5851.0,8045d7eaa5a7d1ddb0696132efa0c26af2c47e3d
5691.0,92be5ba2572ec14e2580abe12d276e8aa24247b6
5100.0,06f3d12c1208c380f9f1a16cb36ba2dfa3c244c5
4480.0,885b0ad2d4cbcbcf882e4ca506116d5da163fef2
2762.0,d847e65aaef68009b1ba4c12e45f34a7783dcc5b
4288.0,47b9de93a9c7a514f4007439335facd8ea82a12d
5173.0,8e7d2ef13312bfb4ec5e1800f00108806ddc12e8
151.0,a40090a6a73a053dfe6d4d910b44f042a4f4db76
525.0,c92f52ce2cc06b33cb3bb8b768f5075bc0c3e4d5
2249.0,de1a6ac677354089e57d05ccb2c9982a4bab45ac
1162.0,e3aaeb7f060c9460578767b5783fca2fe33382a7
3607.0,4196d4869b8c5c14c9db19290d875fdd9958265d
3806.0,a3dab41de87d2154f4ef78bbb10b9869f8e34fb8
1654.0,6827eab2c59e93d8ec46ef308bc751c6c00f32fd
2284.0,d8672689761f0bb6c0550a841f35534265e87fee
5076.0,099fb6ead070e622cf1a8c1be14372661cf44803
4023.0,1d5c270ce8caf954ce83c8db262e2a35707e0c5e
3910.0,3040f77468d7dd997afd2f8a35590cafaff454af
1524.0,72eeead6db7a5fdbce49a59102bb6a7125d56bc1
4450.0,bfeb2c8c13de0c45af21228f69395a1131913da5
1848.0,ebef6d7c6dd8922210db8a4a44f48fe27ee0cd16
5271.0,ce96a961e155cb5ac09987e8996224993ccdf87c
420.0,9ad736d7ce175e6edc2d83e9d40f555fc212dabe
2989.0,b8870ee8a10360aaa74298324d97c823b88ec5c6
4596.0,1d2b692666f9f5265e4845f8a30f04089515f7c5
4642.0,374d9960932932255862f0e281553fc2183cb637
4902.0,d0e23486b4e16353a3902e2492cbd4d4f3dd963e
1160.0,e054b3c45fc63169161aafbc7a943454db4297ea
5739.0,f17d2e711da868c4dbcffc80cb8374175d79c96b
254.0,2d40705ea00bbc0ce1846dbe675c133cd546d9a7
1678.0,b4fb9d35342bc41a0149b74ecca38c056beaa220
2354.0,bd4f156d165f67b44fbdec100cb8442a682aea48
3045.0,bdc12f39949731e69aaa32c36490e1b6e56ca98b
553.0,70a57dc730c2fe1c66fb647332b88689f9f32dfd
148.0,173e94386b6afe715cefeb9724da0f1e8c152770
2197.0,1e95bf59efd5ea98ef6181793be3b2969327cfc5
5436.0,35b44f3b98a31f88b123d769a8a7134358cdc868
3940.0,c33fd47a80a36f779e3422dcf3fb05c2ac037035
1267.0,d52cf8bb036ce2dc6cfbe63f78cfd172cc7c888d
5090.0,7e23677b52b659b11471a63f3be9905a0bbaf995
309.0,a4b5bfbb5e57af3a9972c79d8c683d80e2e0d90b
5881.0,d91183738920a8336babc64d514fd28de13feab3
4036.0,7731814cc25c57fe31db9ba749450cd5a27eed39
149.0,bd16d1cd488eca45eeac079bb4644388fd9d6214
4835.0,ded9a5a085350237c2ab49b515140c39e6710635
215.0,e9c5b76242ebbca0c4aaa2b1f0fb9213de46dc2d
1427.0,68d231129834535f002b5991343b6089d29ed3db
4420.0,ae5f59856c1c60974b8d4ea30868ee4ef0d134d2
4752.0,067125c303af40deefcc67cad3426d41aad4dcc2
81.0,f4e7ee5dac82eb50c3c647438cba2b9c4370c782
4123.0,93385e647a2354b5ad25d6b66aca215b402d1ab4
273.0,d246b926bf320b1b6c064d673cfc4a31d92804a8
4209.0,702333478d072c3c043c64ec7ad3997befb87943
724.0,8a1c67fdaad763ffe74af07cd886956f40a3825f
193.0,3e3a66620b278f7c03e36ebedb3591d0aaa7e8f4
245.0,2459d20cc0d3fd45acd1eeb2a98a6f12a2d57d2e
101.0,86de5180fcb1be576dcb44ce4ca072e8a719fbdb
4133.0,1718e450ef9549a4fc71b01dba1e6faf7a63238a
654.0,ff41d5451e47b1d57d62064ea35a982bf9101886
4393.0,de297a3a167a6be3ac1ed94a891effefc12a6d00
311.0,0effe139e5289a9771139221e0c82cf1b33ce34e
1522.0,91cbf974150309e8b0401e7d0f5b0c4757bf260f
5821.0,8aca47e25dd406a39efebc28019db0226b6ec9aa
4814.0,39bc9a4d288f3b8e6816ebdc0b68b4001b531159
5730.0,f6e9e6592a28a11517295847b177b14f41cb8a26
4207.0,034e2c31c7d55333c3de208f80dcee1bf45ef9b9
4329.0,6aa0ba45532a4fd8e868bb4ea15bf002e430e67f
1497.0,09f388c328863909a68bd80694b8c719382fc173
273.0,002abf204f297b493f3fe01335c136bead5bbf02
4778.0,f173af6b9d214814b1d2a182039052b45648503c
961.0,1b03b129966279c8b84acdd1654a74ee83ab599a
206.0,12475fccbed1227cbd9467b5443b6699f3609c7a
192.0,c7d9f6e2700a572924bc1880f2f902a714fc0fe7
259.0,b48ec1dce4c02c36ad6037dc34355f0c7705c807
147.0,f7283ad18e7599ddb9094e40be12a7c9464fe194
1563.0,9548691fdd47077a53f85daace091ef4af599cb9
718.0,65f69e16095799e05de79a3f8f449f7b9edb27aa
1319.0,148fb14040e69ada4cf653265d0eb4c7db0282a8
630.0,690081b4a07da0e1109bc767481edf7ef4ecc19c
541.0,3c1e22618bc2503c0aab1a1be22e28fdd5785e7d
1121.0,fcf97001a577b9edb36188b37ec3bc6f38848070
1740.0,4c9a6ef3ce1e7361206ab33ce8db9b1436032ecd
791.0,0240ff82879b849571208b7f88ffefdf8e42cf4e
4254.0,f3372a3753643fea601564c01fcf65cc25a2db62
1496.0,5279da9916c00c7a6679cfc555f9a2b1863b4821
2793.0,dd5ab6c5fe54b3d64cdbf89fcfa2b333cd90f22f
5634.0,07b079defde98faa09db244b58dcb3904f2887f8
164.0,3891c2084067e8e9ad5e4be1e9d871925b61e6ff
5235.0,8284de5e7613c47e69d40d4f6a2a1dc846b50dd6
3621.0,a97a9b57bf1f1197cf785c18fd60419361fa8947
1380.0,9d9d4238aa8c0b6009aca689b8c23cb8bdab8fa7
1622.0,21f638b1396ae1a14288cad87f65c79aea0f4ae5
3615.0,b364bfb68b481a696141aa6b7b3312679670c38e
1994.0,ed4b9afbc3027df73078d9719c4c2210f037a87a
2496.0,245287fd5a357655f7d7e7f2e333e2e7c5794262
332.0,6533115bbb47faebe3b084f3ebf322ca5cb73af0
234.0,f293d08e7ad730ade96d1c60d1bcbfe8091132cf
88.0,3cb12e5dd3bb957848edc18c2599fcc1a657e668
241.0,2df010a9725b8ce63ae617b3cddb132a0ed58e0e
1769.0,150d1c370b6d426e3300607ca3635b6d587efcf2
2202.0,063315258ee2702b5d7f1e8feba7b701f8ebf09b
4869.0,c292957cb19085137146bde72fe82639591c5e1c
637.0,61b81b1c9fd1d468dd85f6addf7479b1bc50aeed
307.0,181d1c09aebaf8235530df45d7a35e84ac936c45
26.0,e95a28ef3d055384a1ce1b14029820143c1bfad2
4912.0,212163e199d5977095dfcd612181762e359ab8b4
613.0,0bc2cbaf09b35a8db08f50782245413441b8ae9d
4966.0,30d5779ea94ed1e9343a4590895a3f5e65e444b9
5524.0,e2769cfe484fa9bf3d4b36623471cc605393ec85
2485.0,c275ceb17ce10968f96ab9e97f0dda85f7aead8e
2190.0,eedb6ce77468adee6817258eebb81ccd93d6a5ea
2161.0,27d4cea6a5c1f8fa49e9fb222139c5b922333938
2327.0,871eec9827de0fd1c62bd722cea4fff9355d17a6
135.0,3d6edc2f405167b35b4e4e4f27f8755dd9fcc081
5558.0,ebc6f9c4eb51d7898e21b0b09c4a4304237874b3
3471.0,3abe7e6e6da38b1586b720749f53955b8d00390e
29.0,bf0050c321b23c09a2aa2b8234913d5d74a1e08a
4759.0,42e4dbb23de238e1252eb50b059666494418588f
5014.0,e0a2d2b3c99e6f28c2fe62ce4105d8d4ae63ca0d
488.0,e31fb49320a5a2af0232b98ed509623db8a9b4c0
1147.0,e85679fa6be2792ef910a7caf8cccc1cff6b73f8
194.0,8de0dc3647b0e9e317303fe715b3f32b1df741b7
4079.0,7b1e69dec4cb1f1c66e9df6f754cdd280cff7e71
1657.0,c9e046d11dc63fbdc40effce4e6d15bcecd44593
174.0,391cc0606382c0c2a5bf430a8b024256212cbaea
4472.0,49357cccbdba2c719b634f2d71a5cbed121b2587
1154.0,f9208dbcc4d625dee72349e1ca0595fa8273a756
111.0,e4d22cb16a1e312ac6fbb1325a55d98cd97156ea
61.0,2b14251510cfc802e6493fc477602e9a9266a00f
3954.0,13735bcf34b0caf60a52e95a907ef390324fdddc
1842.0,e122c569fe2e444517ab14d2c7dc8351ce3c3cfa
5891.0,d47c732ae9ebda84c689563048919923ddb17383
2767.0,57d04aa9601bc237da4b08777327df241483b389
88.0,7865fbf05a03e3177a7481bfa13521eae8829784
145.0,c5cd8b9d3d160251e5c352a1aee44ee295f9a8bc
431.0,247b2ad59690a1e1b2e89fb0473ec25944392fb2
78.0,71db7f1b25dc6c147273fff5c2fc2adc43bfd7e6
4761.0,c1cc3f2f42dbd19b6a80150126322580d063a963
228.0,3414bf13ee10aba4d8871efbabbd063fe15593d7
2536.0,094937bc275a25a4d2406db8eba824ed9450a7e8
4056.0,8cb53441b0c86925639df39f8b742dfbc55724ca
4146.0,7b4637d083d44dc8d3afe0f7817c66c9efea4dcd
109.0,201ce525e51372e5beb6b0c724d1ab76f33c6cb1
4820.0,e42d82526a1a519ff1305b189acde064a40fbd8d
5806.0,da15d93d3992c15026ae02e2eada613e1ff7a5ec
1166.0,e034947b5426f4649516cd287a8148f966116ab6
1408.0,311293ffdc63892bd5ab8494310529a6da0f5b62
3712.0,68d898d49379f5bfb2e88095b96c9c596883e045
3812.0,29bbbaa4dd3a985c594c03110ac0710f57f413d0
2713.0,3dee913d44e28887f73adc66917e347aba070683
4471.0,cf39602c3038d576e14c20a2ac22f88006deb63b
2537.0,93024c242b8f5717cf281ba98fb324ff8ec9ebc3
1800.0,513ba7a1fba6da2f3612e7910e60e44e0fba8af8
169.0,22555df56a90615d64c886d4655ed1be95e04408
584.0,3d4fe60e4780467fc682802e0de39e57578993ec
4718.0,5ac135f036baf13883852b726d8d4fa92158897d
4008.0,f80c7776ae093b0887b19b65f29bd442ea161900
116.0,a338c29287d1b69d3b29ce9a67a5dd22a5008df0
107.0,1e521a3ff30fbe0a7031aea273f92ffce54bb4da
4112.0,15c55d0c1d4a4384fd9725d47c305f52918e3831
1159.0,0a5bbbaed3e182d2151b6b34357667901ece353f
1220.0,65aa9ccc704cfde74dd1169ef0f963ade16a4d5e
5215.0,ff272d633237bc873dc956cd8e25117e8777c88d
360.0,6994959181941529aecd8dd57369b99212555f30
2067.0,be6da52019990c1db45b1101dd99787752a14313
4519.0,2da952b928059f7fc63bcbae9ce86ac1bb528247
397.0,72543c9ef04e98ccbe0cc1d8104e60a66126e971
472.0,71ada5476e5b81d9f42e607d5bc0b7e2baa8ef93
3115.0,68e45d32e0df6ddd89a784641fbfbfee09351b67
182.0,68c7ef7d9811a0dcc216da60b304cc7e69a253c8
4545.0,3d58e5e3be9e266b9b0f89b094823b76511a21b1
4365.0,49480225d740d3a4618fb49032f5f1cedef16b01
636.0,51966f59466b7fbe84becf14ea0be55e81852631
2894.0,65ac0b06dfcef8c0466595931de3e8d37c6174ae
1112.0,0c74821805d7f74a1835e58051069d4016227f6c
3982.0,ace2df3d140ac783c622ea5403876fe76af2bb72
147.0,bd7def8fd46574ac18740e8da9112f9016dd05a4
3405.0,0007cd032dd74ad1c4cffc7f9a1781609786e547
4218.0,02cdc53fb82e3cc5e51771180f1f79186b52670a
5632.0,14b156528503effa69ea72ac0dd48c43546c10b9
5786.0,90a52957e69a5a80371de69d72a420ce002f733e
4489.0,2d46777d0aff910ce5d57a1c5678a1ab988993d0
3684.0,fa6a0d799b256b0829968f79831e1dfa5ba8f89c
335.0,3191a0856003e8298d9d4b74aec56ffb5ed38432
4995.0,715c05d504d22e87935ae42cee55ee35b12c2ebd
5310.0,9828cb3f0bcc084c99692f19e65c2ff61a06b35a
416.0,2bd5002fb4a3b31b42b050a5765db889f98bc9ab
2225.0,552368727a7f89778a8c99726c68669a6f700e73
2617.0,2c5fa0c13051c6e963bc1f73ab4c52743efed50d
3928.0,fc98aa6b671cf55b62efd93377b8cb27603ae24f
2547.0,4a93be4ad8a3f6531bf39cb0a9a7d068e521f5ae
1533.0,0117c811c954fd3f25ed5c6dc05185c3ef3e18a1
1665.0,6ddd8147382348f4796ac905f0357925dfa81da1
2258.0,5657f6b8ef00bc0c2266810081c41d52ae56e083
1149.0,dd9f777ba725d7a7dbb192302cc52a120005ad64
107.0,1c5294bee1eb85dd1d0b752d5c5d588803c0b6d9
1218.0,1195f906d635cfca885c58130c950e1b7b786d24
761.0,2ad8db6ae6320c32a448f432ec13665240ccfcb4
4094.0,25cd7ac7abdd328c0acdf27e800a2b04c5ea2c6d
