issue_id,commit_id
687.0,b9ad881b67a1f64c2303eb0bb1b2145f32475ea6
1181.0,b994c757013a2cfc6cdb9407120e53d94e8906f0
873.0,8e12ea5e0fd32dc5ef3b757d555c9ce1fa5123bf
869.0,2f344ca6d27312bc47c2caff35a273590fb7b2ac
118.0,72ab7f6e87deb2e2167ff4d0b69bd0d6537e14a4
741.0,3081caa1aafde076a8472d62091d131dd8ee72c8
476.0,c3a7284bc8bbd58b68dd885b5339d8c29685bd6d
117.0,15a88ea05d5d14f250f17da6a3d87f9bb9000024
479.0,96747e44d46d99a91879587d311578ecd4664645
89.0,447c54ea743478b375099ab0347b9bfff08e3f78
