issue_id,commit_id
796.0,7c720a07652d705376af6bf4fcfe6a65e0df3ddc
589.0,a39f5c5cb38143e8d185e48af8315ed6e5d45bf4
290.0,791b7710989b58832299b387cbe15bce776dd04d
411.0,f4bb154cedd5068447725a87769f0b494da007a8
1054.0,300febccdd9f6ac36dd2124d35bf974cf950a703
864.0,85d087b51eaa1706671b28add8aa86dfc7766a01
1198.0,223015a1facba4c2bfa1873235998cd845f0715e
901.0,d5b0b6527bb7d962de7a7494b8335008e15cf23d
1056.0,a5e607b6fc889afd3f8960ca3903ae16b641c304
501.0,5844690138de221c80be35a6b96382c666878a9c
308.0,47c9af815d062e4c1c5bd0750246b3c28cf740ec
1181.0,b994c757013a2cfc6cdb9407120e53d94e8906f0
820.0,a3c0d131d7029e3058b4beec8f02fc60a6efc955
816.0,2c02f56c4123a8a2943ed9f7c868ea235a90f42e
305.0,6255017b145df5cc0d09b975e4f257590666a089
930.0,392491a74d2d8abcb2c0db5230fc7f11502c6ba9
