issue_id,commit_id
2314.0,e2067649551033c74e7937b89af9a9874a96d279
1996.0,78a71a48dcb71cb930d747d9facef0dfa5a8f022
2309.0,3acec5f801864e8a6fbac759e45569950dec719d
2131.0,47e84101173d00f70a7f28547aa0ae2fcd80086e
3011.0,80f14e30a204a76520154a613998a926f920c0a4
3445.0,900fa2f795615683234cc7e7b050a1e131983689
108.0,2a73bbc436041875f81aeffd5b8f13c6da8fcf19
174.0,04e70bd5c7bd80696eabaea11afd9080d874f859
2298.0,e706b5e5448b837f34d11107e9f9295f0e5a9780
238.0,c7ff139481f96316d740a34f01cfd0f25e449848
2500.0,470112dd6e708a18eb4ec1daa10c4ea276620dbf
815.0,af5a0853bfe36d547af93b904729a43fcf8cc55d
1132.0,8d3ee017c58ded9e994a7d97c58bcc5d6a2a6e68
3181.0,5a49b96d0e15f423ce8f2abc27a0ac280e69f726
3282.0,6665c91e6fad7df5997c8f3ae2136049062c1b7f
3103.0,86bf9dca72cd188813e26ef5dd972101ef8983cf
3620.0,51c87e6199b78cd3b4b33a5e47c7a135a772f10f
2319.0,39f7aaa41678bbd110365a55453dd5e395655bb8
746.0,77753e9b73a8ed8f908e2877455f629ea6e7a6a4
3560.0,a40c381ffdc4c28a19a0910c4da8ec54e3ae63cf
433.0,d94efc6db63516b7f72e58c34ae33700f3d9c4fb
859.0,6347e75deea2eda444c60080fda3885c1fb7705d
3321.0,c074422cfdbcae3cef305631988288e13bbce2d1
660.0,94a9b9665b6a0a5b1aac46c4212da519205a22ad
435.0,561775cbf677f72d6d8d505af79c114bc750b6b7
2256.0,970a8009f1842d6be8c04f3adea3c2ec97d7eff5
2193.0,a7f1a21c1204828388eaed1e3903a74c904c8147
2209.0,6efea346dd54fa9adb65fc044d72e5ec8bdf4018
876.0,7f5b6c692df34cedf28a01e46305ec5c22697a5a
1840.0,e4c712ffd2682f963906e1d0d27e67b7f83d95ce
3206.0,3dc84ec4609de0c08fd159ebe991453309952fa8
2117.0,5b9b180191016044b95896924c7df55cbff7db93
1057.0,da1c1f0d7f8e2df19eb320b176021511b7d05b76
2288.0,b11f7354d17ae4d7d11bc1b204cac98573f48965
1175.0,80283d6c590a5e54ee877813f33fb7bf3e02123d
3563.0,0d04b40d130a49cef0609ac95be48013528e97d9
725.0,3d9055b3b73b1d09f933bfd070f704e9e8bdff2a
1290.0,45e901fbf828addfcd0984edfa495d99d7155d9d
1000.0,872094c55612976bdd3de9094f7f8d13a38fee48
3273.0,2675076cb77fb5d37f54aa05473157ae27be7c42
591.0,39329bfc0788e1475038f9c65cb350daa45b39de
2774.0,03036533f021c83205be4ba5c826a33322dc4d78
2315.0,898c8621b175ade4c623ec61d04f24e02c05e0e6
3513.0,bac908ef35338e78422c5edc0456a22d04debfc3
1286.0,805692108ae973281d793250ca883cc1412ab08d
3374.0,06507ed4e455dd8b94242d4477dce05b1d95c6c5
440.0,a5d1cf415e142c2926845601257d3d6c05cb3ded
2450.0,8020d5eac9e4bb0e40a47b82ca95713ee78fc73c
2837.0,827536e20ad2079f3f50db11aac03e037e98503e
2047.0,bd5e297aa9697f42a61682fe56f10eeb650e8540
2504.0,a35fc3cd6bad4ba8891af75fb9a1661f979cbb0a
1743.0,d45445ed00f5d1839f19f66207ca276ebdc034c6
2745.0,6b2127b1e0ef474aed91a25492e18a361ad7f364
2152.0,1636a4c410a1bf3713bc1da8d4de7ca66cdf1681
1318.0,e3ba459abb026c536e60a3ba2dec3e30b53003f6
452.0,2262ce4915aec0dfffa8e71244ebe10f72d11111
446.0,8740fff90781b3fd0fd9ec51a0b6a15a45f96489
1144.0,60260eb0f0954ceddad559161445848214a50ec5
2148.0,22c613b8c44b74f4756f1eceeedde99b31144a47
2055.0,88120e9e9db38b6ccf851348542d5cd88e249881
1054.0,807067001f58272429fd67396ba2c2c5b2e85861
3709.0,632f85b65354ad573bb33c54a0a9dd3ffcef371f
3711.0,6638432457320fd2db9c74b9135afef370ed96f0
1208.0,fa610a24ec326bbca01d6453548a1129178273ae
570.0,661ee54bc2bc1ea0763ac9c226f8e14bb0beb5b1
647.0,813149677d2627a9ca462dbb2fae985369b54384
2340.0,135f85a19137371cf4870dab1710618b61fe9183
921.0,76e2f9cd0396c71eedf7e3b1dabf60f36585722e
2119.0,7f288371674b420ac2df8ff2313e3b469662ee41
739.0,d395d3684a6b9243ffd9091ea9b28275d90aeb91
2316.0,ce813ae5214acc91b1686e09559bb3fdc28a74e9
784.0,d56d96c8c253a86b5abe20d92584a50017470a06
1342.0,1dcad60051d5f8ce833b7ab6a37529c6c4a96d96
3213.0,fe41c6c8aee865ca494b91914f877319b07effd9
2307.0,cd593bf117b7747c5c5b5aec8476315f9b2fbbdb
3183.0,1dda032b00cb4f7a783e018a7c370ee88f15e797
258.0,ea7a1720779ab4680304d2bc9dffcb6f5c7f2798
1577.0,6bf42f9a845b7e54a39846f5410c9e3f6c80ba18
2286.0,378a11f99275a6b80d365a5d51d469844bf9ca17
82.0,d12d73263f5d1664a65a42f71f19158b7e07ef2c
2759.0,a3272941ce76a212e9d8d55722a0b230b963411d
3082.0,0b5b4a66ef99c8b91569dd9b9b34911834689d3f
2996.0,b78ebacca7500f625bf7ac48989073dc872a4418
2323.0,849fc4b90c009d9bbbb604b2997d18340fb7ec2d
2231.0,d04d36842b6c0c9430dfb3d1129e5cfa5e8bac3d
311.0,e942a0974f945bd4551482ecf7e29d87d162d0c1
607.0,b2fc9febdda6ce4c90f1aca351c01e8b71fde11b
2870.0,93e4b714a179c7132b505dfbcd835e7aab542a56
2046.0,49ecc88d9949bed6297944cb4a3d115fa9727aab
3669.0,36e6fc8ab8418d7d8ead6ed0196b2bcbbc9e91ba
3369.0,200ce9bd39c70a7782ef8ace0338ad71dbdb175d
343.0,69e7a0a2a0391ed1bdd102deffbd98137790f959
3204.0,814a7ea96f1f0aa124537cee98fed0955ebbf6c4
3182.0,dbd38404108f5c3c3cc31310a3eff24aa6b262c9
571.0,9a0f6519aaa14aa8f6d0a076e269e8ca8b1668aa
2409.0,817903c9c1f4c5c6e063edc971ccc75c5c94af49
24.0,9248a7baca5bc616a60f9b63b525e872fbfddef2
3124.0,754b72957854e0b955fe973d169daa27a2f98ef1
1090.0,b0f594efc9c6ae692b9b4732d40006b1d3c69d23
2470.0,f071562ec007b629d5cdc1374f8df45b74acbb7c
3142.0,8609b7d840b2430ade985465d87cd9e2f09d477a
977.0,02eb9c99fdaa0c3cb3179ca5a1538e87ba6f13f1
1821.0,c73cf0f82ef011ac4dbaf00ce4e8318fb9fb53dc
817.0,08931401e8fefa31af2432d27b2346a96ffe8e2c
246.0,4cb6eea8f1e1edc707874f72cbca43a0f698ec7d
3740.0,fe55f92cdc575d00204a134b2d556c1053e1ed4e
1225.0,84efebd6be3809388160e8654d0fccc9ce0b2395
535.0,8339cb35082fc93d3a9c98616aed7fe0c1c642dc
1795.0,e8bd2c92029455abfcbbd3e10b161f9da0d269be
1235.0,70a33ed49bdc47cdb8e3af923ae315d63f406f0c
3118.0,4091013ee1e0c126b803a2d76a085609675dc60b
3662.0,3349c4914d8556ced05ba85a89868f2ffb78fd46
3705.0,fc0aa7ac978b56e83dccde94214b1900a2ee1c3f
886.0,cab514e9f17e68d66c61739325808dc5ed494e90
44.0,cc8332e9d99c08b77614e5acd7bd0e6d08dc29b6
433.0,f4a31db9f6a9b8bdfeb023f247eb6e8a42af3162
1062.0,16a7dd06aade99d478eb183e89ede87d4b55a3f7
12.0,88f671aaaef334caf3231095b119cac094ff5ffb
2278.0,9dd0a0a29f3e384043369a4e902d2a55e311795f
617.0,17fc38c397aeea01165275f6811e34989f2ff00d
601.0,b5bb49d080475e4fb90f6a47dacab60b53470e9d
2080.0,4eca29f68bba819494e91270ef27f9c2f4b57bb2
1875.0,62aaee02f754c74e0a051097c869cdabb0f0a09d
1661.0,c1c205bcd39ee417ed028c967819a45d08d604fc
2430.0,85fa8aabf5a7bd0adf204f0c2dacbba1fa6683de
384.0,09370c3f1c808e9251292bc228b6bef4b1223e93
87.0,70dc2b66a0d02a23546ad8d48b7fca1c21997ae6
2536.0,a43a439c7a839edc8c5ac7062acb694eceb99e55
1343.0,f0b4b99930595f164c42f53ad9968071ad99c220
70.0,3ab318a7ddca819e13d6d161b008b62b6583453e
1161.0,96d7cc933ae19133ac3cab535b0ea83c6dfecce4
1291.0,aed464b92bbd9bddba2684304c141b9d65b7d01e
3435.0,d49cfb35d4bb45e94d8c7c1920e7be99e4e10dde
2570.0,2433522d2967b8a5e46f16de587a8fac5088a47c
2344.0,57974165444d551d281ae25171d4ec5e571c5ca7
1806.0,88500f5cc709e2e931e6547ed9b58033a50215a8
2363.0,45946028e77ed68d64869f565b688aff0914638c
2261.0,c590e820aadb9134a7fb19fe32c8ddae37199ec3
968.0,e7c587789ae22a626196cea26340253dd9b70bf1
1861.0,808d2cf75e7127618340149c5b0f1a9b608b617e
2792.0,027aeecf26716bff4efcaa7b007e61f2c577a81a
2593.0,c3a997864efc0dfa725f21248ba0fc21a9682faa
19.0,a9284afde97c30d136e8ec675794c7cdcf4ca277
2636.0,4a7db6647407de076daf31f1dd766388128f9a3d
257.0,c5340b1ec471ee8535916eeb042fb2710df64276
800.0,afa33e37ecf1214dbf7d619181791af70e600ef5
29.0,a921aef6c47cecbacef5173f03c07c52e6bc8fea
600.0,f8b6033a3b86691470a36db57eba17d996c7d5e8
326.0,c6316132b173f96a6f5a90ff3b62f706f8a62560
2004.0,ccd02bfe8c90ee8dbf30cc2be61a7d483ff24cab
1883.0,bbd6c8c791ffa0f9f30f31d17e47e8fe8e587526
1280.0,b7dfa6c363aec171bdca04ce0f49ac5f2a0ac35c
294.0,7155f11a723695352323d484610b9a1c6798eb69
1869.0,f034d2e271403c7b3b8a1c2728b2320ed157a037
2637.0,b0c1da1e7ee66084b429a413541e179299de31a2
2324.0,c62b614d9cbe813d7803c8ecfea2b7bf5a6eaab9
2006.0,c4ec6954e57b1ab3cb5a0d178e6030f8bab6c149
702.0,ef62e8440e050bb8791505f66cf48f1b756571b1
433.0,146088d58066f16ef4bc8172f8120402517c34d3
1728.0,2bf477cfeafd87c69b88e1ec58b5eb67abf756e2
2934.0,38a391815b4936e9357834bb4924e09fc4384e9a
782.0,fd9bf8f37609f220f4829050eed94df208543c56
3349.0,12666af6b5474998907310b2f940aebdc3b5a362
1262.0,eca53063862fd487dbce6e36fc42fae80f1494c3
2217.0,19d7e6532f9187ba8a81b2d2ad9afe03e5e5500a
609.0,fedc96c0b9a1c48d11819f03fc82065336af89a4
148.0,4b65c7ed5a31d56e194817231eb88e1083ba285d
3270.0,31d3c7e71941c3a1800f5e31064c9862da473d86
3137.0,eadb99eb93aa21cae3ce907006e62818319fbff7
2398.0,641fdeaf989c31125289390fe62601b879d1fae1
747.0,915d7180fcd0defd23384e30b630e2cb31a39222
2343.0,90389140cc192113a0c08c54a2de22a41a397702
310.0,6dccf775468ea0a849d3c1c3965e3a1db6a36a3f
1019.0,01e831f08279d69f29984abf74c0eeaa12579915
1341.0,eb2a4521ff838ceb291f6f30f41ea70e3f552032
2581.0,40745bb338c45498ca19010175f341332ab2eefb
1630.0,b3b5a98fd09f4c02828765a5968825ab4f11556a
582.0,18413ed1bf08261acf6d40f8ba65a98ae586bb29
1051.0,367a168d867d9b1b36485c98d9c6e5ade1d85686
2173.0,95db82f8f7df0acce7051a8dedf29b88e436f5ab
1338.0,6e6a3e8cfb5c8c6b6bcddeb0a045a8441a35ad0a
2284.0,f0a6dcfbb8cc526f19aa4e672d3b106c65cb18ca
1573.0,c0087204e5b83ad4e3983d07b66d17acdde0b9de
2606.0,8ff0cef6b9ecee2c0bc31774b33cb88632dc79db
3129.0,bbedd6454094bc26edbcc95bab1ed3d05b4085ea
1349.0,4082fe65f3ea553ef954b1cab0202259809e27e0
657.0,3b393f89f66733f7824a50b33b93eae9999812ad
879.0,280d8659601a5e3b8dab77231d9f9fc16f5cd1ce
3168.0,e2f4b53396f4676978f86492dae5d3952446df89
2986.0,ded7cbe4294dde22e553d6a8035f414f0ce72f50
1898.0,74b3f7e04cf51df313aac47175b752663ab0ed44
3427.0,25a5d3031167566cef0fcf38b54afc6b7dcf6e86
2341.0,4f689c41d9d5aa1161b185de9bd7fb6d85b6cc25
2071.0,6478d7bb99ef7dcdda19ce3e58c00500ff72e60b
1510.0,595fb7e1fac3eea207816a700565f6a549e160d3
1431.0,aaebe9fe252454a319de1f0e583d0e5a8635e399
3680.0,a12a34100ac0ab85c29f87117ac0b75100b52d3c
2017.0,f4a1ca8fc87bd28ad75502a78005226899e08a2a
2662.0,8c0d8c1c147a2534c8ed60f7dc62080371126c18
1418.0,dac45f6c5d2dc69a59561dc70579cc16a980bd21
2554.0,27a7171d42c878d5d9094c0117466e862ff91000
1942.0,17685da8c069a1698b893cb6f5e41957f77894d2
799.0,ab1be65c88b01f3318e42afd089006d24e083274
3241.0,48d0e86313b479f97cec1a9869bdaf468c248666
1181.0,4f5d3eab067f8821b2a69bfaa9be5ab1b04669b7
104.0,fda14678c07d036ef3a1984a4e346e793cc5a63c
307.0,780297e2bb6939ea9ed6a40846f3dc3fb7dcddc9
3376.0,e0079490176f080a9a4e52d4edc67e370992d943
2374.0,d625d411047f335bb8586be3064c7c735ccb0cda
1854.0,fa327fd4fadcca746b466dfd8dbd166a50d8efad
2350.0,c7f433c49bcd752a057020ba58672b6e441eec21
3236.0,91e53da054c8e923ad6bf45cfb4c12de029de1b2
1917.0,d8c39f4b3753c0ebc93177661c43bfe35d7c019c
2685.0,16d83d6bb413bec09a656a659b98d897e7abcc81
2624.0,4309c7c6ea51e5797604c43ba858e5ebe1fb1674
2396.0,1172728a683e0241400d991df672818ed9b2eb0c
2848.0,0bb25eb3673904179e772f4b7376ecc7fbe4822f
2910.0,d493e3e083f7565f9b158b12445a994abe9a39cf
1338.0,5fa76f6800fb81a621b63c42725c5502e2520302
2038.0,a6a36ec72a1f65514e137b0f21708e8c61dbe4ba
1138.0,1d55b8983efdc840b83ae6ccc4e496165010c8d1
614.0,f06c80a21508d827a6db1223ad4de253fde013a3
2710.0,0ff3f722c1c22399d3c755090901fe0250ca9b50
1813.0,b13e83a2f228625b66c04003a1df7f8e7fb4176d
1376.0,ec5811d0a15dc5ca2c5f231ac6aa79f9a107776e
2991.0,339419117fff06fa89124d04b1921b61b8865d80
3237.0,cd4023d9d2ab630ce4f95856f065072ef8badb2b
427.0,1d1db80e062bb576cd542a7a3ca990360c5b57ba
2707.0,e102e5cb3328e6a13aa8c1a1a492c54c4f6d7aba
2013.0,9e41eca7f839db16cdf064f827fada0cabf6f54f
3574.0,d091bb00c0358e9f30006a064f3dbb671b99aeae
73.0,d0357b44b02324b85af42052487eab13d0b75f81
2875.0,7474a9cb8b715ef96a37eedbbf143d39139bf382
1196.0,d76ca43a583cddec91e8cdd32a8210e6bfb1bd05
1455.0,3fe68c221a41e8b86107281d869eac435e2a4154
2720.0,062745b23f7abaafb144e3d94b6fbdf8ccc456b9
2565.0,c2bac6de8c51b4ad687f04d5794ce9c6afdf38d8
2592.0,2949306b7bc44e3f74e42e8277dfe13475b350eb
2789.0,401d7f9bb2514eb45ff98b2ac7c04952f5eaa678
3113.0,5cb4b731671491941bd5d877f222bf5cee71869c
3260.0,f7f1d9de3daa84ba968fd53553dc8fdb277219a3
661.0,6ab569b0e3791cf04db7c333bbf5b78d33255dad
1679.0,7b1ebfbc4d517c2b9de2e4e4ddabffaead1190df
2204.0,1add1f8a02976e070660d9ae0b877bc3f8a36e86
299.0,505cd663cd75b5593a1c9db0eded5298bd67139a
369.0,f64098c784f93db9a60d7576cd4fefab8000dc97
3674.0,3fe5eecc2b57406bc9f14dbcc4fb1a76ba4ebab1
1920.0,b7a0cc61c54dbfebf8c3b21634ec9e37596b1e9a
2358.0,63129e8426ba0ab71a3500172ca04fb41ca67daa
1714.0,2995366dde63b8acd1f246bcd5a4cf7d61f0c1fa
816.0,2e17ad7fd42d8575f308af9c17496d38ceb72b5e
3247.0,d4b688bd035b9704b3168b28fed39c8fcfe3b997
2416.0,851eaa4db7cef513dae35286d816867d68a72049
39.0,c6e6792cd52022add8455fc792b2ca73c62d3d65
2213.0,5b83f11398c8d0f8f4158af05d187fc03508f01a
1135.0,0cf5881312a2256607cebe36938405a6fe5a820e
830.0,21f3ad267183f1e8347812c3b00e806cac562347
683.0,aa83d9132fde44d4fda5b34bea1f0872780746aa
2303.0,c8e56d58077d29e2c9478f133b3c69ba73deead5
2541.0,54f3d2131d2abd633288b4810eb95ba40b0a7956
2353.0,49f3e96844b5dfb6459412aa68e3f25ab3a65514
2077.0,7bd54e9bd61dc6d02237fd5d473fa92030a1ff33
80.0,f8f8463f3a0e260604b066de56b0a8c7d3a86db4
693.0,ac9d8b09a5f8d3d4580cd432ab05eab2cf2529c7
2676.0,c3e2ff2afa223dbe9a780345af06a57b37bbb28f
1884.0,9121e109bdcd8b2a50bf53cac73b470232d126df
3175.0,819368a52dc9eb0ba4e20195783f2807872dabad
56.0,707b30749daf407c07b5b265bd892564576ad80a
2254.0,8d515a644f4d1a508e5de85d1ab991194fc6394a
938.0,c9bf9070370fb1cfeefab8a34f40351d6bd1bc26
79.0,da514b398429653dbd368c6da48c9863d3c2632f
1950.0,0f1cf50f97a617114078be3dbae3152339ff13ad
3562.0,e69b49bd3d2df261316c1c5dbdd53b96d93d2f56
47.0,1264c458ae808d306aa03c51f70103e52dca107b
2964.0,0f56c0cb04c4f63a1ed439cbb3fc49d8c83f8f65
2990.0,3bf80912cf959fe860528f75031fe9e4612e3848
2693.0,d8bf589d4835ab03daee3101a91c80ee648e72b6
737.0,97815b999e831205b90018e81569b55ef8fd0043
2918.0,1e616696c00c72f01958b761173c8f29f09acc60
1264.0,86525d9b374efd00a97a9c3e9586425a356a6bcc
1509.0,37474871dc66ddd94f970740f773d9ffb6c0f4e2
885.0,9c434ebc679087ece3d7464e39878e29dabf1951
2556.0,b786585b8f5302d707a66fd306f0c79946b408f0
2804.0,99c56eaafa05a34857623d5318c5bccbd634adff
1441.0,e99fec26ab1e8b11d93a84ed0b74c3406b01494d
2347.0,fb90c310b9c9099118c06a95183e38157727fa92
262.0,eb6549d95a8e9c28f9e4b89c28e370124e7452b9
2311.0,a037762781929a9a658250f3247bfd131d634b0e
