issue_id,commit_id
12154.0,59fd3ce3814c62882b540cb6098e9c37f05ceb56
11061.0,1915f106fe94a65cab3887c5842cf520f8adedf3
11664.0,5e126ec99a4909efe45f2f32ae076fa4ac8c0e21
9638.0,388a9ab4cd47d76e6feb592a24d76503a692a286
13388.0,b75b2f7dcf5d3c83e33b8b2bc86f1d2543263a59
11260.0,f8e80beb96a88b3ff8679ae16489502590d614b4
10184.0,3e9048bccaba33805d96ec29f5139e5d6ec40358
12253.0,faf0e02621df87abde519466aacc130157e29c6a
10929.0,7386841194d139ee8d1de2749fa64f86150f9c2f
11038.0,e8f8e62add2a7073e50cd31f4f6571bf1ebe21b3
10209.0,14ff5175181e680d75b8d4ad6fe0d7d4dd35beff
11076.0,23c20f756be07a9e92d9513181eca850fcf2af62
9390.0,8c2944e00121b6182ca7e0ee7d9e6537eb3e56e5
11518.0,aa0f12ce9eacd70932466d248fde746e0b0dfa0d
12205.0,c13d2723d01212d09dfdda39b0ad439803ec9230
10334.0,1e80c1a2dbaceba9a8280c37e4e896599eb927f6
10310.0,315a80ae3cb65da2aa6308abd483f2f8643f1c8b
13472.0,4d59675b65b6733e525286bbd512e9d5a42f3a22
10313.0,fe066966b5afa96f2f6b9f71ec0c71158b44068d
11914.0,c1c4afe60b1355a6c0e83577791a0423f37a3324
13073.0,3bda5520b787f84f687bb116c460f3aedada039b
10963.0,4bcb8c95d8bba3147dd86446cd91be77051cef96
10163.0,cbadaf00e28f7fe42762b55f52294e3a7bb90515
11456.0,36b9e4c055f32718a036cabaf767325b010c7485
10410.0,a40f33556caef1ab0a3f75758f194728c804dcd3
12002.0,87a746878ba2359a7fb8135ed5829e6c5003b4db
11997.0,5a8c85f1261e926a7f4bb52fb72935c574476ac3
10921.0,0151028441d30525a0a553eb7fab4b08269e8266
9656.0,5216360a3c70b0f4d685966ef449645fa131ade8
11974.0,425e99a9e3d00c7d505d585e00e85ee716e3c350
12332.0,02642368427964aae6b28a90da754b2ed0703f8b
9937.0,6171b3656ebd9b6038f709ba83f7475de284ba4e
9578.0,1c9a49781da2101507db23e2014e4e5d16bd2e52
12293.0,6d5cdd7efdf8c10ff7df322059dccc8013144521
9948.0,d673afd5979a4e541266763f65bbd65fabf20b0b
11091.0,9400be98783135a1d42dd238f4e6c3aa048eceea
11131.0,ba7ab2ffe62143949b9730a55291c474352f31e5
12292.0,ca5a4e3d6954eecc2910145111dd91f37d3ccf32
12237.0,c170b8e0a1b1f761d89fc9edcd603336b65f07c3
10012.0,b076e227da6beaf87d6c84eff1a92285e4662acf
13477.0,ecac367b2372b5f2326fcd3ddd11718323427f4e
11160.0,ef0c95aca2fd19666711422c14a6b16f8025ed84
10859.0,359e7627b46e850688c95cf6d1de48b77f9df901
9894.0,adc321b4d7a4e22f6bdb00b404dfe5e23d4887aa
10946.0,6746bda3dcda273580fef2d911c6cc333c8a626c
11152.0,ecbf73f72b59f8f5c8746de63270aa1fb3ad7524
10415.0,8e5b8533ea819d0252d08f45648782ecd543ac70
12414.0,14625e57af7fe85eae501582ce1da135fc04c8e8
9963.0,895dba6c92ad4fd9bc98975b0ae23ee6230a8b38
10992.0,be6d8293f26d6d577b61874ccf6d68f116734d5a
9705.0,a69008527787c387be7d7d4f6de91f9f08396dbc
11154.0,3184efd620840fb6032526df32a09185b7ae18e2
9715.0,25d0193eaeed91ac899bf8b572d98ce0e0c76d3a
10552.0,5a7a789ee9766b6a594bd4be8b9edb34e71d6500
11550.0,97bff7df815de472039d366728df8f610528d631
11049.0,6f53d0ab98e0fe0b7d51eb5a14eaa5b04dd91925
11021.0,66f8cc7ac4942f7f9fe0164a2a854a6264b87735
11975.0,88cf9707530f9bb3246779aee0138e49efecc500
10158.0,528542176f70f9a889e84e4494032f42a53bec67
13138.0,c10d24959b0ad615a21e671b180a1b2466d77a2b
10781.0,1068e173eafd15e5aa9f40b9f73590a7f5be4a84
12644.0,b5af431ce6b78dbc52f2bdeecdff52fd696bc7d0
11491.0,6272e662ae0c99ce7cad912992d4c55e22c8a369
11123.0,06c3a804e7d56cc77f76a28ee34aa67a34daedee
12328.0,29b80082dc4f785b462c4453f14294ea32ad9ef3
12135.0,9b67e2b699da8d9ced9af3597906b81ad6f106bc
12168.0,ad5db1010c40500793cc42539f1d97fa5fe36221
13378.0,16bd239e34d853f3bf7ae99f14e0324f924ca371
10594.0,6eb0c7bdbb68d7de0ef507102c757c7ccbf582a0
9511.0,d79200a51710a23cc47b4ca5ad3f8df7c32f4eae
10966.0,57fba26d8cb8434a14140c0ea65c2c71a14636bf
12242.0,58399c111a4639526f8d13d4bfa62fc3d0695b02
12492.0,2fadce57f0e12cf96f11fa1d42286986eccd70a8
10873.0,c7b7328cc99fd5d7c298e57c6020043451d89a61
10153.0,978efb61b9cea47ddc2b5226cefee2a890693557
9537.0,9118ea65f40874e915dd1299efd1cc3a7ca2c333
10871.0,812c9fa61a7cf5a85cc360ad2d85b0a7a47d33d6
10655.0,69c30a150f0b2caee7961ca1c0080960ef5ad6f6
11202.0,630a3a877c3c96ce39be7b0611570466c8c9f447
12494.0,dc83851aca230648c4f75ac1a0d4b9971b2d6aa0
11107.0,244546c2fe5165b6770eb456afd5fac8878473c5
12627.0,b2771d13b0f9146cde43af00f5a5156f56614436
9580.0,0121ba067e19c023b725f9bee581633a276db890
13271.0,680be2e1b782616982338da1bca5158259e94e78
11542.0,90c90b69cf35c0457ae52e97e363b82562fe1920
12294.0,4c16931b49aceb38b763b4a24a55a99b6847e29b
11562.0,622540176d0943fcc3e361153ddac2ae08eb7e70
11285.0,a07253d8269e1b750f0a64767cc9a07da8a3b7ea
12146.0,55e7875354416c04719eb60c7db2bac78f271df4
12344.0,f69946854775d5c755983d9f585bd20cc97acae8
12098.0,1400e7b355366a35eb35250c1e6191d4deb21a85
11373.0,6dff721a3a8755356b2e89d02ef63ad8ab38ec95
10698.0,2526c85ae17d83cdcd826ceeceb7643ae5cbcb2b
11437.0,b9a74813081303399e8fce0f9f5f37f6a8343b03
12542.0,5d844095f6df0db8bd596247a98f429c594855f2
9996.0,ba8b3fca6e9e4e863bb80d134946be1b60463718
11391.0,8fc8a1681332cc4c8b05260b20ee54fa1589e3d2
9436.0,ff0690ab533b7b882301f8b836ccfda8fd4f7f21
12500.0,d7c0e952f7a3d0dbf7d9489a8b5c959e04bd9379
11631.0,75a35032e194a2d065b0071a9e786adf6cee83ea
10444.0,ffa99d69f7bfa42d060c26032793dc650002419b
12231.0,539aff8b37023caa177c1dcea6470af6e8b2d88f
12221.0,c55ce21fdd4f55709269140e068cc840a7c7ec48
11463.0,74264ea3cd5e8bdfe90325f98944297d7f409018
9599.0,839d3dd0b598ecf6f2e93b9f9068c2e21fa1c97b
10459.0,ebdc1c8759f65768212b7e7113b5cae82e9df3d4
11147.0,40a9ecc684d2c5e7fdfc09f46d0912940b74ab63
12551.0,9e6b181b0b27d9ea1157b2ed7bcce04434bc8d77
9585.0,70ad0d6e4a569701ef106058397ad0540ec08340
10023.0,49f5b931410bc2e56378f20a15e8ac919e0efb88
11244.0,3c899337c0d4c895308239a04cead2761822bee2
11170.0,bb8cc405f3ea3b74a9f3908b606a35f08d8d0be8
12831.0,627bf95c11199419eb6d2017c322a0d78ef3dc3c
9457.0,cdbe1542d7b694d96e428fcba340fa82bc4cc8e5
12675.0,f69e046eef93af5a28de5330bfe15ee348520b2d
12841.0,665b0076e089dbe60ecadc34bf2cbff9d7042482
11242.0,b9ee83cc227ac0719a0de937ae65392473fe007f
10603.0,8a8a19ba1eb74feb5da22399a44e81b734c2b2d8
13315.0,78691340edd38b00668151c2e636ddbf370f9ef3
9623.0,bc54e152666bbd7ed741ec812ea2fc24c894ed11
11294.0,2b963e5ab64166ecde96c2828b937414fa9bf4e5
10674.0,67fc091c6daf70bd91717e59799c3e014509ca0c
10765.0,1fc585adb57f20a2acf69f0cd08b731259b8d2f8
11701.0,13b255dfd832dd78bca90fac142325df534d51be
9450.0,7a1b9005c220afb9271d20a73e168cf18d0cd631
10997.0,f06c7e4dcd9d3044580dff155cdeb4978e622188
11559.0,58432f2c78cd5bc1d9893c63b3cb8977dab31670
11507.0,8ef5dcfd3dfa385e00e7d2654825f7f79d2dec57
11514.0,48c1c96ac4cfec5580a5feb7eb7ef7c25c6db234
11808.0,1336cdb14ff03de754aec6899794742ca91057b2
10977.0,7a195b64ea02e02698083b0b795287ffa6e72cf8
11675.0,dcb5e3cf152977209c7122f6b07d6c86fb4cf1e6
10087.0,24e7ac0756aeba06ce1cf7f7e72219a11b14b101
10887.0,aa8d7f76a047b24a97614524d29fb5070cf549c7
13481.0,e8946d5240f3b18528d4d34668ee615907879953
12306.0,b4e01aee7f4a9b815542c77c3d537e7ba66dd8c9
11497.0,267ccbb4a76913680f4db6b400e05dea7aa84db7
12894.0,3d48e278f8470f7f6fb9aead5521684f618ebc07
11203.0,88af7d0c97497b5c3a198ee9416b2accfbc72c36
13355.0,9ad5a18fdfe7c3cb7ff828bc1d6b42b75660db6c
10654.0,3dcd9c767ce6875fc8b69c74971ac8a552e23131
11466.0,df8186833fe47a6fd4b7dbc52fe12f9df73609fb
12086.0,4aba316b7973e246af94ab5ace18fd5d5ffe4f81
11133.0,fe38f9dfc8c732a77ac03507b63c79b1d2acfba2
10062.0,0ba6d95e768eb7a0d74a6fda3ea893e7fb2d7a67
11114.0,c913b6da92f6ab9a3f4c897caa4085e782a14680
9442.0,06eaeebecfb73c23bfd531013ca172ee3bf5069c
11708.0,c3eb62763fcc5029c26b025ba1b60d7788d491a1
9899.0,5422fdd38baad36730cb6aeb946e17eeae6a551c
11431.0,882302d2b0b6a5aad20dc08a98a9384165b3ab0a
13383.0,f0464c94c3844ba38cfa501fa3928a2bff828011
13246.0,544625545afe2e9c2b358e356c11bb8be53ceb51
12313.0,304b3958cf0787b16f4d23e7e45b26c6603c7fc3
12030.0,041814193dc9f0490fc2d93db830d64eb2b2d28b
11263.0,ae6474df5ee2072cc056e02803c3b58efde1f5d0
11572.0,314c4495a3a091867186c62b77b33877c238b0e1
10692.0,1fcc791ee1c94c2a3efa5072aa2f10f1aab51a2a
11116.0,9149ff85210c1cc8b294b26ea37b8f6d7d51c8f6
10047.0,c98093f6ac852534493956ce6668f7294d608c82
9733.0,f7afc73780ffe89abd8dd08ebd815cbcf56720ee
10191.0,36176924bb5d0fe248a56362c6f776799434ebc0
10713.0,f86bc57d621fb0325e928271b246d197611b0e65
11162.0,fed304bcedfed737fa540fc0b6ce0bf27187d4b9
11729.0,a8e235c35e23193f6cc68cd9d390ec37caeaec6e
10130.0,08c873669f39b37743014db99fcd2d308f8ea5ea
10754.0,b2979c25d3d7d55a6579de0b2906c66e8fd2e172
9751.0,886c021e00c9a12e719371e234bd6df4e01a703f
12568.0,7c7e51ea5ab47b67cd68374400051dd022bdc662
11988.0,6c2c7613e673a847dc41ad6850dd446ddd3b7dd7
12106.0,4185cbb50bfcae9cc30b0fc7b67e81d67a50a8ac
11140.0,5b6243485acc20cc36f2db4f258512c332d691ec
10174.0,44fd649069bac653accd0a47550619d69015a91b
10749.0,1c4bb1ed8286b723d99b419a6a5e63286353b149
11100.0,5a6af4bc6d44e9adbc2a21804bfcd18c4ce849ef
10856.0,213170d20241c918ff42078e2de3e9a908244093
12841.0,08f6bdeb5652550f36210f64aefda3d0d41e2d79
13294.0,5dc27d0a986e3830ea720f9b8ee88dd1dbfd3601
9723.0,709f791af201caaab4aa180bda259989087cfe47
9445.0,6b329a17e194e6e945bda87e0707ccb97e481746
13196.0,a39f10acf3eac5e6ef69d084616982a4d4ebd8bb
12312.0,a7fdfdf2d1b1d6ff6d4c5495f8223442f65e8447
12228.0,3e6db0e99ef56b23b3977b5969413d0b636a6fad
12904.0,b2f989889cf7f68f8573eed70875e283dbdaf2a8
12076.0,f42d9e0179f11871179bc9ee4e8c138cd016612b
11383.0,dc6f00fa0d831e8583a5285f032cf583d4980c4f
10994.0,cc3521ea93b0470e9ea11151a44c30b54d4d726a
9429.0,ba204bc43847a62de8eb8a7941da24f1fe6ac2a6
11389.0,885ba629acba8128fd40b0af92c960b99ac5b827
11504.0,b7fad0752779177e0968f93832d8a5b302236a7d
10678.0,dd07a4c41efed22afb5780cd584555cbff141c74
9952.0,a8ca67f281bdc5d751204e3b2bf6e98731513a27
10952.0,6d30ab70a4f116554aa610ec1c00a6bc5f1247f3
12859.0,0792332f77e6a34093cab9c2bc6f638d1676bccd
9478.0,5e797436c3defd2d863ac1ffab11c48dbd42588e
12949.0,c658993cf596fbd39cf800873bc457e69cfb0cdb
9375.0,dc698c5486117780b643eda0a2f60a8753625b8a
9830.0,083a41cc6be7b1796e3817df198d1557bb8557b8
11306.0,d059890d0342955e968fdf97b5a90d19c9d68b4e
9563.0,830c3633176bd7a22955a0264b79242c41f862b5
11386.0,b2d1dea24c8b369b3a4411f0ede9518cef1db7db
10016.0,b09ec1c9bf827622a5eebb94ba0af5bf202ca359
10956.0,eb8b70addf6ae58ef17739b4c35cc22b1c4c56d6
11089.0,9e1a0df3cd1d1bbbe7f9010c4c943bedfdfc3487
9903.0,12cf6523226bd22c02e66ebbc441ed7769ca28f0
11163.0,621ec292c2609b82fd3f992b5a66f3d6611a4477
9625.0,5d8063359d5d4223a8b892d186118c500890c932
12211.0,3fb9df96e03e4916e9db1c2594070bc6afa47f35
11569.0,a0e90bd845795a4e032a7ba82aadace76eddbcb3
11564.0,140605ee0f08b7996d69a61610782f48766776ad
11037.0,780f5e447799b4ab343164ab8beceabcd4ab15f0
10673.0,da9ce7d8f2e4212cebdacc80f6252b4ae1e68773
11187.0,6c92fa425e980f2a2a83bee8bfa5b5e4113066e4
