issue_id,commit_id
161.0,cb39a712f96e74b193f7c62da9d062b047703162
572.0,6d15d46a310b29f9c0936347693dddc7001d2ebe
543.0,6894c8ecaac64f4b5baaa383ea689e658782d05e
793.0,22223f87486b8f790165c05d816023f83f7c3456
729.0,f4d6adfc2c7c34799711c5ed7d425c55f9719e4a
514.0,32029e27668dcdc6204bab8d8d64236962ecf973
419.0,a05e9a571ded0b6ec3161112446524355c141d6a
324.0,4b644bf2f130ea34dc11e13ca4a3dde6e0cfeab7
884.0,644ad1a963ee3de3d5aba02b4afb0e9effd4b42d
448.0,5f4bded5999b0e93097384be029f0e6912425e8a
260.0,72d435338209917e2e9f6624af6591f995644b98
1157.0,e9874e2f96c27e24aafbc54436465abd8f152f8a
326.0,cec4e0bd0e2008bac9843b80f1690de4b3a5d45f
453.0,cd678d9756c88c2bc27ccde09136b76edadd2920
670.0,534dbbfce193451a00628167e0f50e36f191fa0b
279.0,ae94c1640c833acd0a2d5fd8dc2b037d84e02bce
1.0,01fc25f919df5023eafe64e98bc6a7a87361debd
928.0,b8f6974f14e9eb37023e944a943015ca932bff72
676.0,733a6073802775d2fcf9086ac73ec39fff8fd1e0
244.0,f20c498b1bf63cbdc16720cee9b787fd911705a8
198.0,4161f66ccaacc57b445f1a1add35c429de84c63a
681.0,a85b68962e0ae5cc2e10db4f0da09f1ac856a758
127.0,6944ef60f83e7e116aa687a972b5402f1a1bbe04
1122.0,901812a7bf1667117668e24211a99ab7b867b98d
566.0,fee9074c8e809ee158cd8d3501cb90720b06c852
125.0,a1cad195ece7289e147fb5c15f0753351291d0ad
788.0,3bab2e5cae22390a85af0963b68ffa70d7b2f187
1109.0,2bf01a77844532cce9686a45b227209f85646dde
553.0,ab6e54b2cf5fd3badb1a31143146b36beaeb88d9
355.0,748fcb76778b618d232b1c829f72d4ef65392441
1141.0,8fe316e5376738880c9cf4013f37ff357f428e19
876.0,a7fa9cb29f22d62ec189a059142e600e0a1fa75b
364.0,1be884e83e6d9d4a90e8b0c7923df31728f0f628
