issue_id,commit_id
667.0,1e1d980ae2967a9fee14dfeb13a63cbe34769fd5
876.0,a7fa9cb29f22d62ec189a059142e600e0a1fa75b
762.0,1a2932ec0459325be1a531c280d3f26ec5d6cd7f
577.0,a0f1826be39bccb651bee58ccf3f5c95a76aeb6b
1009.0,1c66dece59d4595eee3fb33d2609e2e288a28ff4
836.0,a6d07e707a1f50b6e1efc20f968570c8bcc0a77d
155.0,4d60c92184f78e91bed729db0adb2a0272a9c6b5
442.0,9d87e8fd6ffa4c0ab66dd6c399ee3a276302942a
14.0,4255e4e654af4d68765204cf6b2929e86306c292
209.0,09abde0ce69538dc5068d017ad683e9be1380527
49.0,3f78ce7d643e10034795cd51405dff39b944b1f5
735.0,018f495f10c1e07191819a2cf11232a9b3f61327
714.0,666aeee79f849d4a8d02d2860b2f33a9bd105e93
314.0,863987dcba99e63c1b652fbbbb051d0353f28609
880.0,fc41a5e8daf40baad292b4a4d9a0228d83bc2e35
337.0,72b8e60d189bc2e1418cb7bef2eae7743729fdc5
50.0,835a24252f6c31846349bd84fd2d543cb8046556
1054.0,300febccdd9f6ac36dd2124d35bf974cf950a703
1118.0,0f969aba0cbf9b1a93c679a442e74e13f00a1702
524.0,7a93f649a7c4e5f3bdba7285a8c47a1854c323af
100.0,b1797001f936c5a856a5066597498d01dcff874b
11.0,2bec134c7ae9755f16ef3542df01daabbcbd186a
325.0,0a02e774ff42d791326109549900eec13a0a88af
87.0,e57dee60a5ab6266ed375adce12df18e0a3dda0c
942.0,381869b72712310c05c5643dc89b7fe656e99255
1056.0,a5e607b6fc889afd3f8960ca3903ae16b641c304
279.0,ae94c1640c833acd0a2d5fd8dc2b037d84e02bce
944.0,a93ef6f76963a96d6de099656ea336bfea9b7405
152.0,cfeb299684f910d408acb0257bd823ce84018db0
244.0,f20c498b1bf63cbdc16720cee9b787fd911705a8
819.0,ee3ea177a8550d43e8dc2020dfb3f86045d3d5a8
154.0,d06e9d2c1b010b4c628e97a376dbab698cd65e40
336.0,f8fa8497f3bd192b97dfdba071b60d47a06dad00
245.0,e3d34fb35e716546eba77c222dc242ad6cfae268
859.0,6fe2c6a06171e6fdc54dfe71e4d649c53c1f0200
419.0,a05e9a571ded0b6ec3161112446524355c141d6a
298.0,81aad79cab9d68d4dc4f8173a3b193f03b87cc2f
872.0,f36635f4dc1764fd3b29919e925b7681ddc28ffa
341.0,53d76659ee08df73baa823cb84603266b97d590e
886.0,d403189db7a216093473f9677da7608fc4e8bcb3
496.0,ab91b83723901ea6b9a52be329f258901f612c6b
270.0,31b867f632acd87636af9a38d68a5d4cd80acda3
42.0,f01fea4c4b039364d1afacb8262b7ac5826f3916
649.0,7b14da9b4c5a61b4c852f9e3e13c2786317df50e
701.0,2e4b907b19403960bcb0882b150c732e5d47ec5d
252.0,cd70f036f205e41cf1fb1a34785f1e7d9e80745d
1045.0,3fd91012f20faef6f823cae3b0ba970181e30c75
104.0,7b47919e3deb59100f4351584741140531068fc8
95.0,21486c5b0aa9ecb8c8639e4b4e020e8065804515
422.0,afcec9536b0853e89cffdedeb41b526f4029965d
1048.0,b401b16d9a4332b3af64a5ce12c8ce6727885917
613.0,9bde65edda7a917a14c0f649e3f6748017e0db62
357.0,c9b86b225598e8899e2a0b96c9dd462f40fb8b1a
774.0,3995e37a86cc70b2698fe4ca883aac90201af48d
313.0,68aba40b2dfc9ae68657bcd2139a1897f3ab7f84
356.0,6166291c3e0a9eb97303ee5b5f06e2168c858dd6
912.0,d2ab7c2353eead864d8d30b6b98005e88e03a3ae
888.0,908a8ddacf330b593540fc2c8a56ceed0f07f128
638.0,4ad7c0f11b92348fe5b5b8d6a67c62f80e1d05d5
970.0,923f2d64417ed8ab3b778b87a517e64c0534b6ec
1135.0,a5f7d9196c45519aef761692698875ce9d8d4f8c
15.0,3f5d0c0143677e3256401f7eade7d5b4bd4ebcdf
255.0,0941ffc148ce65bd6c916f0ddc28f561cf2eec30
359.0,e08c54dafb6941bea4465f94b46f2cfaff3f9497
3.0,c47c647e7dc8f2582af657736bc87c153f4fb576
259.0,44528026d292737641ce8011b5096ade8f87a9a6
529.0,33eade861e9aea83ca7fda262026312d2873f302
