issue_id,commit_id
4188.0,f558df2558966f028f773307cd5ae39a2d59e57a
5076.0,099fb6ead070e622cf1a8c1be14372661cf44803
4186.0,16e0636dcf604b0e002fedd8bcbfbf42371fd5fa
245.0,2459d20cc0d3fd45acd1eeb2a98a6f12a2d57d2e
103.0,eed34e88cd6339d62766a471465a1cb75b211783
245.0,ed4aec187f7868a7fcc7c7279489f02be79a8cf9
277.0,b0ea457c7cd9346eb295af9f444fad3a3ada6126
5224.0,47a281d23143cab1264b6720d39ccf7edb30bd4a
19.0,9cbce9105b1c8fdc2dcdb1d9c8058507a5cfb8d4
27.0,1a9845b3e89b6368a524aa4db201ca7605d55ce7
1767.0,44bc4c06ffe2e3ea29250015036a066be7a7b5f1
3668.0,c3b67556710e0dd046767ff3364692afe9509ff7
1601.0,48539af1639ff024e56d499d4ce777d235c32c0f
280.0,ac007802d6571d73510f8b977d00029b2f69be4e
1751.0,94b2c47da54fee16246490967110d9597e79e90d
1740.0,4c9a6ef3ce1e7361206ab33ce8db9b1436032ecd
4869.0,c292957cb19085137146bde72fe82639591c5e1c
629.0,aef14cbf1b626db557e871f8f0d9b3d5f8e43e29
335.0,3191a0856003e8298d9d4b74aec56ffb5ed38432
913.0,db2474f7e7ef85809528a6f92aff3127be55734c
111.0,72485128cb29751b3b03f6a04e73e4cc50912910
4772.0,307e35c6641c0d9cf4b251996ebefd1347c2c1fd
1268.0,9d1cf230ed1579dc187cd66e6619494f53475308
1168.0,5eb098a939a4658760bb9891fd4af53759e71a00
109.0,201ce525e51372e5beb6b0c724d1ab76f33c6cb1
165.0,19bcb44c258268e13fd56edecd76722e545463c2
925.0,5de6a11fda8fb51b23e25df835e39f0e2b4872b4
2302.0,a5f4450313a154e654be00a27cb2501a9da26518
5279.0,afa5881ada816a2fc5555f6272dbfe87f7973222
2625.0,d7b26edf6b419e379a7a0a425093f02cac2fcf33
4283.0,3263441fbcec8f46d363926d9106572cb0ecac5e
216.0,616ecc5a1a6966c1dd7ff055e993496ebe3d6f18
4036.0,7731814cc25c57fe31db9ba749450cd5a27eed39
5427.0,08557e09db4bcb109eb78e9058622ab5cef77415
330.0,db5cae7c03b803dfe35b1fc4b93788a5ab6dfeba
3882.0,44eb21aa51cc0212e68dc0709aaa5c10bfe64e7e
3152.0,9c6d265280a3ef842f325509d2a11db354ef0286
2741.0,1acacab93b6530baef273ccd5fe97b9ff871e0b3
5316.0,28eba610e22c0d2a42e830b4e64746edf44598f9
4995.0,715c05d504d22e87935ae42cee55ee35b12c2ebd
3548.0,76433feb4f7f818cfcb4ef70a3f4df26f720ac42
1544.0,eb4daa34a298923dbb492a5d8b20e27fb1c0030c
48.0,eef01a9fdd9bb820e5edf1780f4b950d439e5085
894.0,e7843d35de62f6257162fb3e0f77cf1d7879048c
4987.0,fa3ebb1ced2865fab2318ef3722fe57fc66109cd
319.0,7643f14c88d51294e1eee99797dff9f68cc63a30
4471.0,cf39602c3038d576e14c20a2ac22f88006deb63b
1219.0,e521740b3951bacc80d3c9c1db8652ed5e914b89
