issue_id,commit_id
398.0,203c1e939e40fe2da6dbfde3d0f3e92f750315a7
761.0,60f280b5ad6b2cc4c2419b2c7634d4ae253b53d6
69.0,5dad6e9b3ae8992ecbe1f90d3d561dc771853abd
858.0,a91afadccfea9fc2063f46989fb1b5028d30b6ee
698.0,7eef21e3d371bd2a87bcd8a170e162991fa9cef1
755.0,a255c1bde0b01da1510d2f3e65bd400f56bd0c6b
1028.0,a7632361c42b33e4474a4ca5363bddbf57484daa
144.0,16bbfc3911a396c3f449b0f92727528b99abb043
87.0,e57dee60a5ab6266ed375adce12df18e0a3dda0c
8.0,e9868b7d98de19672b0737bb69287b1f450a5417
598.0,4d149e827d3ffee210a898689ecd48a66c80fbd1
948.0,8428e3fff18a870b881c6b664034af863973974b
380.0,c7ac5d248308f1379c0e5fbb03587532457116b2
277.0,390839b945cfbeaeb4c1c07bf97fc5a99198355f
785.0,2fe9fe801f6e7cf4f64e6315af10eb7407766f24
258.0,e187105f620891a026ce3739a9f0f568e6f1bc65
665.0,efe905a2aa924592bec6bf38e5c20269cd0dd771
796.0,7c720a07652d705376af6bf4fcfe6a65e0df3ddc
589.0,a39f5c5cb38143e8d185e48af8315ed6e5d45bf4
290.0,791b7710989b58832299b387cbe15bce776dd04d
411.0,f4bb154cedd5068447725a87769f0b494da007a8
1054.0,300febccdd9f6ac36dd2124d35bf974cf950a703
864.0,85d087b51eaa1706671b28add8aa86dfc7766a01
1198.0,223015a1facba4c2bfa1873235998cd845f0715e
901.0,d5b0b6527bb7d962de7a7494b8335008e15cf23d
1056.0,a5e607b6fc889afd3f8960ca3903ae16b641c304
501.0,5844690138de221c80be35a6b96382c666878a9c
308.0,47c9af815d062e4c1c5bd0750246b3c28cf740ec
1181.0,b994c757013a2cfc6cdb9407120e53d94e8906f0
820.0,a3c0d131d7029e3058b4beec8f02fc60a6efc955
816.0,2c02f56c4123a8a2943ed9f7c868ea235a90f42e
305.0,6255017b145df5cc0d09b975e4f257590666a089
930.0,392491a74d2d8abcb2c0db5230fc7f11502c6ba9
