issue_id,commit_id
9375.0,dc698c5486117780b643eda0a2f60a8753625b8a
10029.0,58fd1f0589d33aeb33c4129cfedfb7737495efc0
10934.0,8c6f8d8c797c1b8576063cc973e6b9f729ec7612
10184.0,3e9048bccaba33805d96ec29f5139e5d6ec40358
11660.0,920e8af34a43ad2cd11190a21200a2acbfd83e11
10846.0,63e204693b782b5f068240568853cdd637c29030
11352.0,d7b04e6fc6ad57c58323f16687c366e19bdd0fd0
12030.0,041814193dc9f0490fc2d93db830d64eb2b2d28b
10419.0,a68c516e731faba8efa884603bb06d17ad494d69
12135.0,9b67e2b699da8d9ced9af3597906b81ad6f106bc
