issue_id,commit_id
375.0,396eb2fdcab07a89d5f5f58f80b04526f16bf343
703.0,43f072f16f4e21c2a19ec1f7fa7eb73667f102f4
250.0,6a40c7d1252c80df742f7072834ffafb092d5d97
956.0,12ad10f6975d9651d0c696a021fc982c2c5de861
452.0,1fc381a84316bbbd9cb938e09bb9290d52a5bc85
714.0,666aeee79f849d4a8d02d2860b2f33a9bd105e93
656.0,4904a982dd9970f843a0c368d62de55cd6f1c0a4
825.0,64f42f211de19b8b80ac15425f863d959e9a23a6
891.0,9e54a9ef5625161f3b7d6ec49b00eda7672ceb5e
642.0,9cc58b7087eb31eb1ca142a0fe4cab7814b43437
