issue_id,commit_id
10242.0,a3664246de4bb8ef3232dd84ff47fc2694c69e58
9921.0,0bcd9061856d699d9054f9475b5e59c51348319e
10727.0,b88bbbab2695dd0e24905417006d2240c6595481
11924.0,e11c48d9ce3ee47bb8a966549b14cbd5b10ee70d
12322.0,979e880c53f44d502cfc3648740bcc1300d6c4f0
10962.0,1788a0a901efccfffcead3d64a5b8e5876998d32
13037.0,ee3997f2e6dafa5e1fa93b71dcf428a29f8066f6
10686.0,7205d903fbc079bb99fbae0e3c02e6d2b4d227f0
9453.0,4f2e65c385d60fa87bb143c6c506cbe428895f44
12170.0,3dbc940b9eb690e92fa6d7fe7ebf897a552a1c50
10934.0,8c6f8d8c797c1b8576063cc973e6b9f729ec7612
10212.0,a07d9f3f3665ed79401f37f0c5759f271268a34f
11636.0,a9cd4bfc8fcc7ed43e092c84415c261d30e9c79f
13467.0,afff7b4326f380a54c73400d1e2ae03890162bdf
11258.0,2bfd1f2c950df5fc3f40b903c1966f1b0a48bee4
11593.0,fcf2ed7831185a282895dda193217c2a97e1e41d
12466.0,c8b0e33c3edf7e1f70b2fbf60a250909c917d55e
