issue_id,commit_id
11107.0,244546c2fe5165b6770eb456afd5fac8878473c5
11062.0,f9210387088fe91b5bc8999cf0cb41a0fe9eacf6
11442.0,0a639230018d0c9e9f12476dc8b1c6e40c2dd0d0
10209.0,14ff5175181e680d75b8d4ad6fe0d7d4dd35beff
10024.0,24daab1c7b3ceebf04a19d3df3fdcdef11fe773b
11296.0,6939d91768543d953412a321983915eaf013ebd9
10957.0,79a48bd9ac947dd6bfde19f24c4bf88b0002a5a5
11901.0,8f41e41eda6e8ea96403cae5798a5a89c8bb5605
11258.0,2bfd1f2c950df5fc3f40b903c1966f1b0a48bee4
11887.0,1d81a20292ca6926e595d06a6cd725dbb104a146
12323.0,d48e97079914d897e82ddcb1a45261ce4415b8ea
10006.0,b26fa3b63870b6160340bfeeb384b8d812dbbd15
11729.0,a8e235c35e23193f6cc68cd9d390ec37caeaec6e
12098.0,1400e7b355366a35eb35250c1e6191d4deb21a85
12056.0,e4e342f70dec046fdb1a092e5a12c565f37b9ddc
11708.0,c3eb62763fcc5029c26b025ba1b60d7788d491a1
13315.0,78691340edd38b00668151c2e636ddbf370f9ef3
10679.0,d18c564548104c862892a1f73423e333f11f7ce2
12841.0,665b0076e089dbe60ecadc34bf2cbff9d7042482
12526.0,91efaaa1d7486df71be30a54d82b907443d80bf1
9585.0,70ad0d6e4a569701ef106058397ad0540ec08340
13256.0,a47f5e231c51fe3f1e6212ca05a20286096bf2e0
11038.0,e8f8e62add2a7073e50cd31f4f6571bf1ebe21b3
10637.0,e2531cb8302b2842c0d3b505f6f619e685c3f4b4
12288.0,bb8e377ca10432d95c142651a355ce440be80557
10647.0,da5a6ac579dfc80cbb220bf092cd151eca7ffb2d
10925.0,23bdd4d417f0fda90465e3ab612c682e1d207ee3
10845.0,f6fad22671db9506acee34b9fd33361de78ab148
12499.0,a374c93092341f24027f60ffe32d56d2bff29b83
12017.0,fd537c7962edf563a3bb14526de9ce57dd26c341
9441.0,2ba2076275fab79cf4b8c281ccce506b257cab21
11456.0,36b9e4c055f32718a036cabaf767325b010c7485
9625.0,5d8063359d5d4223a8b892d186118c500890c932
11380.0,161f0a876db4f8aa9d57161c13d366f081369601
10749.0,1c4bb1ed8286b723d99b419a6a5e63286353b149
10523.0,d1b40b169f3d70afe4db539d140d6ed374dab21e
