issue_id,commit_id
4288.0,47b9de93a9c7a514f4007439335facd8ea82a12d
779.0,a653bf38be0ff64daf0f8ef9f5fa531f9710c40f
1127.0,66aef0488a759b911e9557a855f53b81aac51b25
1724.0,0d368c5d6fd468aed301ed5967f8bfe9d5e86101
233.0,9f01e3e79e5e733d4809821f6f87e170841795fe
2411.0,bd8c293a97f7f08989cff1db0d9c32f5a2208b77
963.0,4b11501eb5bcf12340851a288e9ab89d47793b0f
1137.0,786f62664b41f264bf4213a1ee3805774d82ed69
1359.0,7d187735ffecb0f49cffce1a9058961146212f59
624.0,ff64584876293620dc097b6115ab6e1c42963a6d
1086.0,55a23d102f9432ac2c3b182a16298f79eac60ca5
3563.0,3adf09bc4f1468f54a703481d6d7ebfe25b6f232
4823.0,9f8c3938ccbd1b1aa966f8a9821de906f3db99d2
4480.0,885b0ad2d4cbcbcf882e4ca506116d5da163fef2
5758.0,604ddf82fcd488965639a3e67d9b72bd72aa8a29
147.0,bd7def8fd46574ac18740e8da9112f9016dd05a4
2437.0,0c27d252d16f02c764da29a535fc5d68928274a3
4254.0,f3372a3753643fea601564c01fcf65cc25a2db62
1735.0,a8a6f050e71fbb7881076a8d6e2867e868d26016
613.0,0bc2cbaf09b35a8db08f50782245413441b8ae9d
5235.0,8284de5e7613c47e69d40d4f6a2a1dc846b50dd6
2452.0,21d794d35ae1347918e6bf5b2ffe13515ea28795
4199.0,d1cdfb47013330b0391a8db3b6b812697ee64b6a
1162.0,e3aaeb7f060c9460578767b5783fca2fe33382a7
3210.0,b364d27247b2d9b86c164569c7e0459fa3f8391b
799.0,321a76569d2130a38b2379816c9d00ef6e139058
4174.0,e96ca89a1dd7fff11faa3d00e4dca8f47f2111bb
147.0,f7283ad18e7599ddb9094e40be12a7c9464fe194
334.0,6f0e492390ec6c59d3b0d39ff5bd2ba3bfc51bc9
3790.0,b53ff59a226ce13bbab164afbae06d97efadd572
4165.0,792d29380e3754a316f61ceadf0dc9508d90b16b
4966.0,30d5779ea94ed1e9343a4590895a3f5e65e444b9
2982.0,108f8c4fd20a47bb94e010e9c6296f7ed9fdb2bd
4420.0,ae5f59856c1c60974b8d4ea30868ee4ef0d134d2
1842.0,e122c569fe2e444517ab14d2c7dc8351ce3c3cfa
2503.0,c305c46254e773be374218c95862bb497383aa25
2252.0,a975a50558cd78a1573bee2e957afcb419fd1bd6
2354.0,bd4f156d165f67b44fbdec100cb8442a682aea48
5459.0,4af22bf157a5d25703cf5142097ba1c277f0d0d4
227.0,ff9de424c86d7f5361fd3e2c01f8235323648077
3189.0,da1256a9c8452703213c96ebc32fae1524034442
3812.0,29bbbaa4dd3a985c594c03110ac0710f57f413d0
764.0,eb97d257f0b3c32edbadd974679bd64f0989e372
914.0,44cbbecb446138642b4bb665518bbc4be3203ba7
5806.0,da15d93d3992c15026ae02e2eada613e1ff7a5ec
3920.0,b01d012b5a9ee032487930c324cdba56c9837e51
1995.0,d3ced85ec350e8c195760a8ce975a18ca42f29a0
2190.0,eedb6ce77468adee6817258eebb81ccd93d6a5ea
251.0,5d4e0655d089cf0738846d219a573ae4ab1cf405
4272.0,957681bcfa2996f76a8de0c9054c03cf04bcdcff
3940.0,c33fd47a80a36f779e3422dcf3fb05c2ac037035
1598.0,a97f28fbf09d2e6d97b626433630df8ca1931b3b
586.0,5846d6154ca3adf87dfee7ba7294ef35949177ab
169.0,22555df56a90615d64c886d4655ed1be95e04408
3224.0,c4f096d3a55def4c986174d50ff8b84c8f00503d
5210.0,b406affd5bc258dc4f0b7b39f78ed4bf256282c7
4642.0,374d9960932932255862f0e281553fc2183cb637
111.0,5b0df465e77ffe8be1d04c264449b8e4fada398d
553.0,70a57dc730c2fe1c66fb647332b88689f9f32dfd
2721.0,73668ce4076b87d2d2493f2c9b445c643da9055a
3048.0,9f9edeadfc9d8d3422d4ca15b2b13d5b502ca70e
2569.0,b15b4541d1d384de47f57ee69177696fa67e61c4
3993.0,d4b8bf18b2c7f563198d4334f5f5622f1006041d
4404.0,1d862e0d353286a94eb52fde91aae2d045124512
4735.0,64e0ea4ee566bc956453b0b6bb9d3673d9c50ecf
3588.0,c4f57608d60538079d12c2031201574c0f367a55
3377.0,51767655895f7b893be4c91df37a360f8285f056
1550.0,97b51ea33b6b96241ef87861619e6820ee9e765c
3280.0,f1d87ee09a01094702e400053cf2a464bf035b9b
1692.0,e0074d7f4d3a7fcff3f3f00b4db7175b7fdf2fba
5358.0,bafe874ecca8f2ab86611739202806ca0cdba844
195.0,43d47e5d9bdc3af1be56f5195a137755b61efcc9
2496.0,245287fd5a357655f7d7e7f2e333e2e7c5794262
633.0,690fbdb93c0277107ead68ba4163476ec31108e1
770.0,d76108c666114e71e7a2441713d86aa5d18a40b7
4703.0,4ee538e44b2650c49054b1f7f4c87ac70350471a
347.0,9ff82d6695860d57a00b6ecf9c63928788d303fa
5790.0,2f12f5c259a261eacdb2f3ad2942e57ffe7739d9
796.0,e95e1fb79c5e6a5d90682d1be14231c10afd9427
5786.0,90a52957e69a5a80371de69d72a420ce002f733e
78.0,71db7f1b25dc6c147273fff5c2fc2adc43bfd7e6
111.0,63e4355fba1ec90bec9cf751b8b6fc3483062377
192.0,cba3967667a62bf6ba777344e3ccd10b5be896da
113.0,aeab5370cbefe235c2000a80edefbcfe5d20fc20
2278.0,3ac3ac4d925ee7ef1eb8be8dc6519606c0fbf9b0
5821.0,8aca47e25dd406a39efebc28019db0226b6ec9aa
4873.0,9e265a2c1f6bccb551e8292785e09462594b8402
5406.0,f449ee53778b038f9ecb1feccb2fa9baa40e1f56
307.0,181d1c09aebaf8235530df45d7a35e84ac936c45
2777.0,4e84424f2642baa01b2cd9e4eabafc4b68ad17d7
4114.0,d2b73b8e214631e78f1f3e50b2886e368f45e46a
977.0,fdb6bb07c0cbe2cf664993555c376eeff750f28d
3819.0,c05d24c571d0f808df19c5d58ebfaa9ae1932b90
2750.0,0c237c6cac8f220ac2faf40a02ef035941fa5810
574.0,45417e6b0364118dbc1b52b41bc0647d2d32e549
1665.0,6ddd8147382348f4796ac905f0357925dfa81da1
171.0,26f1d5cb48997f3177a3f833f9e72211ca70bce8
726.0,21df09d809a271de3b1a3e00782ba18e6609a46d
3860.0,488156b15f4958aceaef235885751adee777859a
367.0,f95b164d06d09422fcfaafd214fd0e31ff4ac7dd
4152.0,a541c329a9748c3c8a8f9f9acfce9f8a0468491b
549.0,1c514c5fe91ce77ace9bfb6337c114131fe7797c
654.0,ff41d5451e47b1d57d62064ea35a982bf9101886
432.0,e8ee449a2a9c98a193be9194d1bed3be334e6484
4157.0,550d8046fdb84894b8e22ec31b15455914f380a7
2306.0,7e8453cf1ec992e5df5cebfeda08552c58e7c9bc
24.0,0d3e4b4c43711c4b02db6813ebad99933ee8858d
5760.0,75450e75d269b2a2b00b6303af1033df1f69cc67
179.0,1e1cc76fb74afa90d2f0be00e3a9db12f4f7e1e5
2165.0,fa78849e335994a1617ed63221a70940c21cca20
630.0,690081b4a07da0e1109bc767481edf7ef4ecc19c
629.0,27ff010a4130d65629bd8adbe7d849392ee90103
191.0,35e6c8725bf8cdd35c23d41caaf7c88e31ff3118
1497.0,09f388c328863909a68bd80694b8c719382fc173
2510.0,f32a229e3de8810078bfa928e4d93cfe355d5fe4
2690.0,8753b458fbef80a6962ae2dfa5082969ba6b7923
5827.0,874a87976830ed519ee49742c5b427618fa362e8
1177.0,06e1ca9ef2233226b6a407cbed6296deb37e11ed
4525.0,17c0cf64aee1641e1ad33c5b46a61435c5969f2f
1027.0,c5222b4b8ab05867b343feca337c04fc0f88697f
1530.0,451318ef7a4e8ee7837b83e73b158da98f579980
1723.0,2246280bb6f71d7d52e24aca5b4ce955b3aa1363
5194.0,15dfc8a76f1e806533069c5098759492c1cfba72
2547.0,4a93be4ad8a3f6531bf39cb0a9a7d068e521f5ae
2249.0,de1a6ac677354089e57d05ccb2c9982a4bab45ac
5632.0,14b156528503effa69ea72ac0dd48c43546c10b9
5074.0,e876d8e38780a88e4c1fc060e3ead779222be83a
4045.0,fb3fb17c2877312f5f3e5754fa7ba1d6a0a2d557
226.0,951a9f3f4c4b2852c35ddc5ce1d4f1f5228bfd40
2243.0,41cd9f401f9dd9e7eca1a46a4ab2c38fadf2effd
3858.0,388f23c30cf20d35433a44d1a60d410dc660c00a
145.0,c5cd8b9d3d160251e5c352a1aee44ee295f9a8bc
2927.0,e914556adf8e556d4184db415c49266cc4c91bf5
4390.0,e4750f2fbdacbeb7a20ae7c6b13bba3fb0f7ad54
1147.0,e85679fa6be2792ef910a7caf8cccc1cff6b73f8
1524.0,72eeead6db7a5fdbce49a59102bb6a7125d56bc1
5014.0,e0a2d2b3c99e6f28c2fe62ce4105d8d4ae63ca0d
58.0,bf87fb8455072883747bb935d6d275864a172829
1380.0,9d9d4238aa8c0b6009aca689b8c23cb8bdab8fa7
5027.0,308a58aa275aa514397351caa263e08de2f89adc
88.0,7865fbf05a03e3177a7481bfa13521eae8829784
5730.0,f6e9e6592a28a11517295847b177b14f41cb8a26
73.0,45f55c0df0bc1aec7068b9f6e39d1aa5eee0b046
5656.0,2d1c0552f5910482ded6be4dc7fcfe3690b0db79
597.0,ad14cf058b8a6b52f12512e87cbbe1af0cfa1070
530.0,553c70a9dc774c3621a37f612105601bae6537db
5558.0,ebc6f9c4eb51d7898e21b0b09c4a4304237874b3
1499.0,a7b86137d03c57cc6a91fd02b56ebb76fa9f4faa
4912.0,212163e199d5977095dfcd612181762e359ab8b4
3842.0,bc137dd215613b5185eafa36d3956c7c872b3e02
2257.0,91fcafde5ef14d2431dc3b87cf3925f536e4b30a
4195.0,b5c4c2cae89714479d6fbb5a497fe43d48d886bc
4722.0,59a0157ef1b6fbcd541126dd0283b194b527a7af
166.0,62f5c61a9d70d98bb9a0ed6243524c0ee3e2764e
1166.0,e034947b5426f4649516cd287a8148f966116ab6
19.0,c13e23641bbc66c5d1a760310c6eb97e35c12c11
4039.0,cd17c829cf0d7a006ab5594d56fe182a0ffc71d6
4560.0,97532a9144cc011e5a6ede84fa7d317c3af60131
416.0,2bd5002fb4a3b31b42b050a5765db889f98bc9ab
5719.0,d5b6c236a90aac37b7942793e4943347ebaa65b8
3768.0,c81d120bde53cc57239750f2f79a0082fe909f47
1236.0,3a4d57b3f52633d77291e51f31353fd317034d8c
5152.0,b22a0043988a4f3c54709988de99f489db44f78d
4023.0,1d5c270ce8caf954ce83c8db262e2a35707e0c5e
795.0,aa61f615d86a67554fc7fec5bccf8b8cc489cd34
111.0,e4d22cb16a1e312ac6fbb1325a55d98cd97156ea
1550.0,dd45b31fe42635ff43df62c667f1ace5f9169737
2512.0,4ca191eaf22eceffb75da77f9e24d5f3e87665be
4324.0,5e9cc3298be4ca1146d68098899365b334706db8
1353.0,cbfb24dbeb82c791e82f1d9249685aa4d75fed3e
2894.0,65ac0b06dfcef8c0466595931de3e8d37c6174ae
4300.0,2d6d4fb2335ef24b1efca67dcedf5d264a642e0f
5002.0,f95ebd8f7cca64ca868fa064ca74b74add2763ed
397.0,72543c9ef04e98ccbe0cc1d8104e60a66126e971
3935.0,3a7b949d6d8058cdc342dba683bc054d95ed6ccd
3712.0,68d898d49379f5bfb2e88095b96c9c596883e045
135.0,180c091fb2a281ab1f79f9897b32687a877582e6
4069.0,6674f47dbf0a0018f42c8f312ca87b400538963d
379.0,2be3f7132a8e82fa00b5bd74b05ce727f9dbd36f
4112.0,15c55d0c1d4a4384fd9725d47c305f52918e3831
3928.0,fc98aa6b671cf55b62efd93377b8cb27603ae24f
622.0,262e7599f4333035870bdb1a5e63ef77edc3ab52
2762.0,d847e65aaef68009b1ba4c12e45f34a7783dcc5b
5457.0,8c3e5a2421f639f36e9b907d69d4d48b86447e68
264.0,b11a1326b998344a489bea06e0f18cf1b549ce2c
4056.0,8cb53441b0c86925639df39f8b742dfbc55724ca
164.0,3891c2084067e8e9ad5e4be1e9d871925b61e6ff
1060.0,fbb1078f58604f02c7fd84d35e3d46e6e4e1935f
241.0,2df010a9725b8ce63ae617b3cddb132a0ed58e0e
1725.0,85f0596c43781103f30eaff13b567942ff967e00
2202.0,063315258ee2702b5d7f1e8feba7b701f8ebf09b
4000.0,916382e109dc06a57f4631448555953d1fa540b5
804.0,e748ca50ca3e83ac703e02538a27236fedd53a7d
3166.0,6cc6bbb5fc5c102271829a554772effb0444023c
173.0,c1225e0f451fd9261fbaba8b737ed6a9603aa69d
4808.0,015c82b974841897a637dcd3ddbd40ab48a70ecf
300.0,aebe5d5073bb02c02acc62148a2538ee51e203da
87.0,900bf08fb652183ac9ea33d87735f3a0b4343b21
1750.0,e328a9b9dfa4fbc79c59ed4f45f757e998301c31
205.0,d14541c5f1a77a46e44686f7337be34bf87b3f59
1408.0,311293ffdc63892bd5ab8494310529a6da0f5b62
426.0,289688e39ec650713be0d9ee45c7d6faa60e7382
425.0,339861367e11353082ecedfb92355b76e2f088b7
5052.0,0dad0fce72266aa7b38b536f87bab26e7f233c74
546.0,8e0b2bd343865fdb195f713151d93fc1fc103b94
5429.0,50c8becbe02e6e71a6e7a57af0b28bcf38d9a3c4
269.0,320bdfe39113e5a916146610d5d4b227d589a14d
1496.0,5279da9916c00c7a6679cfc555f9a2b1863b4821
4472.0,49357cccbdba2c719b634f2d71a5cbed121b2587
4183.0,91c9576675745a4921d8b43c12348085936504de
1427.0,68d231129834535f002b5991343b6089d29ed3db
151.0,a40090a6a73a053dfe6d4d910b44f042a4f4db76
4185.0,0d416c6191e643d479505ea20757c9bf6a478032
4623.0,a8e08d51cd50e8f0b58a60992d310e56d4f71641
92.0,3286ce4f42c7a663f24adee2a6c57ebba9c68ba0
1822.0,9f4fe5dc4a2b78d113e9a42acf70cfc64a9d2d11
797.0,2cddc2a379e0564d2e7f7a0cf3c6ced65497af0c
3495.0,886513c3751b92e42dcc8cb180d4c15a5a11ccaf
5057.0,ec5a7918ec2d8888ba356f9e3295dcd1ee935884
5739.0,5433015a25fb7733c4108a58724c98340326a797
5634.0,07b079defde98faa09db244b58dcb3904f2887f8
4742.0,195f738bbaa7c090df795161390056c3c6c7f1f7
228.0,3414bf13ee10aba4d8871efbabbd063fe15593d7
1701.0,b8497513e7a99674be7b37d35b5207738a3d0c60
3308.0,64f48efa269c60c76af4ff381b8bb14dda19b3d1
5322.0,c316ca45a5b1b19622c96049c9378d8c45adba60
5209.0,abe0b37d307d40897ca6d7e61aa5c137c8e6a4c1
3578.0,4bef6f438d0bab340b4208a89e6a4c6dc85c013a
4613.0,22bd01237b26defa5dd94a83df460740220c959c
835.0,ee21eaa6f3ea79b4469e502a308d66c770b404ac
330.0,3eb5d5e931baab64ca2c2c5be9ffac1748aec32a
5547.0,49942026d840abd04ccc91154d4671e7729f7a59
5217.0,4d1ecc31c9bdb42638e8a1f85f7e7f83130f41f3
1352.0,280eab241680c93a763a3ef3a9ccd0c257259ca0
4008.0,f80c7776ae093b0887b19b65f29bd442ea161900
3400.0,e45ef7dcd987f00b94e94d71593f6b3664ceb89f
5851.0,8045d7eaa5a7d1ddb0696132efa0c26af2c47e3d
724.0,8a1c67fdaad763ffe74af07cd886956f40a3825f
2958.0,98fb03e8bde18d35e8fe5bb150dfa4f0ad611fd2
2255.0,31260cf02fa60efff42aba0af185f4afe5d18557
952.0,6f000b8cd4fc0598ec410296ad31e6333bd4b5a2
4759.0,42e4dbb23de238e1252eb50b059666494418588f
1165.0,4d0d04a92e95251b0892356d05ed6b89db3e5ca2
160.0,483a70cb5b93476d04ae61950dec12f81a24c7aa
107.0,1c5294bee1eb85dd1d0b752d5c5d588803c0b6d9
4259.0,ce618fb6f234a854ae3b2a14a8a4e488539999bb
1829.0,8aa2e4f9976d31bbe3a0014b4f1f96ace1b87043
4079.0,7b1e69dec4cb1f1c66e9df6f754cdd280cff7e71
2314.0,7e20725eb78cb34db60944cd1f155522fcf3b9f5
1447.0,489c76b83ef8bccd04f113964a346951f3cff1f4
3615.0,b364bfb68b481a696141aa6b7b3312679670c38e
135.0,3d6edc2f405167b35b4e4e4f27f8755dd9fcc081
5497.0,99cddecd2812b142dc9d7fb05870745b6595896b
5508.0,517cbc8d717d5f10c8e54114fa32dca6f54588a9
2067.0,be6da52019990c1db45b1101dd99787752a14313
4820.0,e42d82526a1a519ff1305b189acde064a40fbd8d
88.0,3cb12e5dd3bb957848edc18c2599fcc1a657e668
3910.0,3040f77468d7dd997afd2f8a35590cafaff454af
3544.0,b5026b842c8e17ac7f28b28b5fb1c72db2ca8a7f
4171.0,f1fd7ec318452ae086876a6d4eccfc21e578013d
4307.0,58ca8bbf6d1589bd0c8cc1ebda52299346f55e8a
5691.0,92be5ba2572ec14e2580abe12d276e8aa24247b6
4209.0,702333478d072c3c043c64ec7ad3997befb87943
5805.0,8fbebfa943c3352f5ba49f46531a6ccdd0b52b60
3806.0,a3dab41de87d2154f4ef78bbb10b9869f8e34fb8
5554.0,94a0324570729d93f1d6a570e1ca3f88bf267911
1098.0,39085ae18f337cec0bd074849e4b200ede3caced
1644.0,57f99fc34ebc7cb8a2a84371b89552e6623c9e9d
4218.0,02cdc53fb82e3cc5e51771180f1f79186b52670a
5109.0,3e59b0805e8f7a9bd89179203a1307f5cb7fc02a
816.0,ccde3317d714897ed0d4c05bff7f660df13ba170
3982.0,ace2df3d140ac783c622ea5403876fe76af2bb72
1102.0,0bf1ec160d53746ad109766640d030cf872c17c9
659.0,2c8eceb5b83f4c2fd11ed570e3dfd2841b9ce4de
2989.0,b8870ee8a10360aaa74298324d97c823b88ec5c6
311.0,0effe139e5289a9771139221e0c82cf1b33ce34e
1250.0,58717472f74eafa216f499f0c0eb818b220903d6
2537.0,93024c242b8f5717cf281ba98fb324ff8ec9ebc3
1769.0,150d1c370b6d426e3300607ca3635b6d587efcf2
5244.0,62491753174ca77c2d123b09891f3dd1984d34be
4507.0,66ab3347c2fba171d8421271c832c57aa4f7b8b6
327.0,32b6364bcd1a17bfb6199af06ae613adf69e5058
182.0,68c7ef7d9811a0dcc216da60b304cc7e69a253c8
4755.0,a6b67cf4a17f955d76c4924c13267c0cc5c0e059
80.0,a0f41f100c0b7547d7e6fd25b918a596f5ef6644
3731.0,12f1e468e9f071e8f5c00921d0fbada460e41c57
2433.0,d19c4c1f809aae47f12637ea6f465127f728451c
5514.0,407562b38b6ab375ae650c8799bdd511025527f4
