issue_id,commit_id
2259.0,39d55525ac8f674b40be5d1d3160b9fd33ce501a
2395.0,bce8ec75ebde8a7f49fbc3a9825e667d7327c64d
1325.0,7ae1c5a8b928f29477796c24bf62e737cd577bcc
1621.0,c72e7c7c70f1553295022c70d5058ed11932c16a
1912.0,c80ea941d06b0899b8ecdce6179e5b5259e1c5ac
1502.0,cb9f64508148453dcfa4deaeb4ea95518f58cee0
3248.0,53f5fd234b8a7377c401ae88e2fb6c29812715d5
2234.0,ec18fe94775aaa3d54238c6c75b569491803134e
1801.0,8011e1de28c82e5ab5c9727d10bcba997e8254ce
3434.0,bfa9aceb03fb728acf90436e1bb47d32c0ea5a1c
525.0,9034461e5bc3a3e75c64b603c89a28acc7bd2144
1050.0,32d32249d51f37ec53779372ad23616efbf4d74b
2325.0,4ec1fbc9f52b4b3997a1978ab3390a5a1157ad6a
3541.0,f991a898100359684111be1ddef7bb60ab6f0f9a
380.0,b786eac5574e478d51314333fb6309456bff7b76
2326.0,7c0b36f1467d2d8ea5fdc572d5edfce476a6eb89
3453.0,986871bf4eb85ae62124e71ed579b6baa0ddaeae
751.0,7f35fc293559e5c809de78909872896236100189
57.0,a6617f44c0416c6877d930b312e1f64df08eca0e
3684.0,2fa8eb3cfebd7d797f8d27bfd05ea5f63985665f
2699.0,746b91dfced525651c9b71a3bd075a78d2b9262f
2724.0,6f84cf4e4b4ab71d950db28d1b0776e07a8726e1
2695.0,b178e89e4456e777b1a7ac6d7199052d0dfdbbbe
1389.0,ecb8f81760db351957bd413181a86b375ec347b6
3054.0,717f9d33ca7c803abf781ad81d3854ddd7869900
41.0,854e0e26d16408760072308c44b9160a9fb39abd
3529.0,3d61fc44280e5e77ced09e0eba9634ae5e5f4727
2331.0,471c7f3220f45f60a56515f9c1dc55c794b6ff36
1315.0,dfeabb7089e989040d0169df4c7df6892e45422d
2342.0,aeb82a404f2926613f83070e039de34cc5842b52
1851.0,5cf261a2876cd311c7abe17c14da733a48a4343d
58.0,f5fb4576577cbedcedba9eb16d9fdace18c9292c
3437.0,28d09ae0fc518f2b3e9138f0fdfc2566459a52e3
2898.0,2616d97f326504b494304fe744cdd5adfc9c6d91
2754.0,8c9df3f4eb593cd4755b882d8f412a13ad97429a
1855.0,d80fabd9f633fc0ef2955a127cc980ac9b0cc8fd
439.0,f43003967e2139ee6d89e7dcf267ba8d52200ac6
3375.0,e17c3423bd306b04d27b6a2e53c80f1ac2179054
1135.0,9d64ff420fdde3c6eaa6d573d41da3b2f587422c
2854.0,914a033586becc94a4001a448107f02d547d81d7
253.0,ccd5ced70e48515e222b84dccc8f21d32c864dcd
1862.0,a228a3b2cfbc53d428f6cecade8b5b0fec576f03
811.0,da49f7398d80cdd34e7f0bce28ea119a19d8c81d
3208.0,4fe81d7c62a4ecffd238a74783c054c4e5235fae
2582.0,22e072379b9fcffd229cdd239dd3ff5ed4eed571
3174.0,8ef56c8c6d0be4d4a9e844c723e70810a0be2fbc
3104.0,2fa30f6a9e67e4515c85c6fe776783b058097498
2591.0,f2cf4d04494cd9d57da6be05debc0967888dd927
2378.0,29c055a2b4327d94c5aaf66ae00514199ff146cc
3178.0,5e378b4f28af344702a65fcce85a7d8574674860
1539.0,7f3867491570746a4c14bdaa5bd59ec1b64cbfea
1876.0,e048aa4e19d689104733783a19560a6a485a473c
1748.0,1a7fd980f8579bd7d7d53c812a77c1dc64be52ba
2436.0,c74f46979a8b8358437bd7f76e478d04248a9c72
414.0,8d7ca29a3554d20324ed9c75d9c095dfa8a8c439
539.0,7003fe61352bab3a1dc62d18dffb00ef749b050d
2212.0,889c0ed1964f48557e532f95f9003c5ee6e2b727
282.0,e8e2e934096f36edd8e96d554d06c0e330d94913
2442.0,7d4703e98ab64fa29f6ca50b72ca5a4548121bb8
3190.0,d0bfb065e5c2d00927ed192c4ea5d8a02b4e19d6
862.0,4c0253f9fdd4812b979532f1e24b7f0ebbd1626d
1213.0,fe2d75e1f41efb49472d625ec7c366e7c242a2c2
2811.0,b6a8f75c70a0aa72d907a37840213b84f3595f6c
3069.0,05102f63b8dc5341d2d650da3aaa51b0b355f65d
3246.0,3db469795996523cf834c07684b0eff540227aba
3633.0,88c9c68e17774b24c4a67f2abadf411c6a689c1e
2394.0,4c564779d159acadacc078988f7a40a3e5794eed
732.0,bbdfc839029889af7477b6dbbe8dc4c230ba6f73
3673.0,47e165d6d560fa502e41f152a69b657cf95f975a
1812.0,c810fae9e835ad446e7e9d61c12bbf2f6b597109
1303.0,5b9826615267fd75a954db40c1decc2a9dc40a99
3253.0,d5fea5fa1da0c56860e7023e4af3ba2eb0097dd7
430.0,f7bb2b5f19146cbaed375f29520f57c3c385762f
687.0,5997890c6996a5eaebc14fff5642ae55acf30cd4
74.0,bc662a546ed9028d93482f79314e64beae19a1d6
2297.0,0c949089566cfec9b0435ba6ada601acef8f09fa
2068.0,fa087c89298e0c91abff45b3ee7033889d2dd5d7
3315.0,b7f6fae9b34341b9be7742b86f6caffe07fc6f25
3159.0,00ca5b7328fbc5b11594ad448343ba371142c43a
3056.0,10d0ed68a342880ea355ba62e8d24efa664142cd
2364.0,9d829934226a34c866ef56e6dacc15c423dd02cd
221.0,63b5dab0fc889f490b9fee803ae67efa3df28a09
18.0,8d49440d8b881b2df2c10085a58d3a4e4085147e
2928.0,d9fa28ba68809aec8df30c65d7ab1f8a5e0514c8
2861.0,345685c0143f030eda443d6c672ae1b705789027
2897.0,2308cba407884996047790bfb77f90ae17bdb2bc
2729.0,32e813f728ca5d8ac662231d8fb1aceafcd85412
856.0,5207c69064898f513c0b08110514f3fd39e5a4a5
1578.0,00c200eeaa6af7c5c25c37471ab0313ae26651b4
2748.0,a6a6810d563949303bb820cdb83c63714bf98bcd
446.0,df772df24f22f7f0681a8d5b211dad764ce9c8a6
1030.0,c73d740e571c5912045adb5e2dbd3b9b3ff15a9d
3594.0,21c3df31de4bc2f838c945bd37d185210d9bab1a
1811.0,bdbca923ef26424f605b4c744131512a5edb0f1e
1358.0,3740ae492fa4a953abb86fefd025fe12f33fea92
1117.0,02f0c755a36c382f210d6654b84316745ad2af00
2302.0,65b61aa7c202bb26df53e2cb271269fddd95aeee
225.0,8e928a2fcbac6edca918e9d4efccc4fedb418292
709.0,6a8acc115e312e1e23e70b66d493b4cdc00d1133
77.0,9e1111c2fbc2c7670eb489df0262a90417b96019
3162.0,7f782ba84e18d327ff25d40dc7d5719c8a036258
67.0,387be22f26b8065d29e311723bb8a50a74248534
237.0,46ecc57b7c29cd017fd841aef37c5d767cc538e0
2607.0,e21abd9da5fa755d3af96091ab3a181b7d6498b5
2491.0,82e66848e8ab44d58e483b6b92eea5f04627c422
1160.0,462bc6c2e5972cd4a91a12a93478b8c7c0739a5f
884.0,47a41b645f627b9b68c70c193cb322f56bb4c12c
290.0,63876614b6734e6404f17c9d3d22b71b3f43d158
2694.0,aab4c8c7452ba198c6096face53ac2b7cc6460b8
2301.0,5b96e00972b2799728470ef9a3b49a99dff22cda
3621.0,330a3e3ddba712def955e7a2ccee92a205dfb656
2610.0,94aaa2457927c59d4df2a616d24f640ee8454966
309.0,7b899c85103996d861360a7ce42ab9a21bae3f48
2348.0,9049755e3fac192d5c0cca5092a74a67e562cdc6
2338.0,a4869eb4d2bcb25e6cc5c2e285601abfddea7f4c
3401.0,af5743f6bd2a62072657830d3585b98680e1c203
2765.0,1a9caedb49ada290b00d0db0ec61e66d95807413
495.0,d90f0afe39724040d0be92df054e2b1438886134
2175.0,9e2807da76d756ca84b55213e799a124beb6a3fe
2120.0,0ba1a872b7aac48efef9028e7687475da34eaa39
1671.0,431db2874b242316051963d9bc4d5653b3647acc
2321.0,89aaac7fe00f1d8fb2f326310bf813430fe0d3bb
3207.0,976dfedaa9efdb566333ea829b12751820268f67
2939.0,d3e1fed7773d1a85a9e2b434c375822edb904619
42.0,9d98ad5e079b88fd9da87e47d55a11e465ab6bb0
2222.0,c935eaceafebaf167f6422fdbd0de3b6bbb96bdf
1242.0,e9160473093ce7b2a4e867de414a90a9094943fc
3169.0,f2c854060adf021347a6c4217fdb06a77a38bf58
20.0,f1603d33f266ab24eda604f76632fa604b91e3f9
2739.0,4c8ec8f555af8aeba5a48c3c4cd9cc39c74dce8f
2072.0,de1652467b0584fe9ee4060bc42101e8255838a3
3242.0,13b689bba6119613a2a47e8a9c84e82e69f602c4
744.0,1fe20d32087cb3e0ae1139b7fca1545db64b8cff
3172.0,4260b7c2d3a9bf1332e22d18125f5f6157f61b5b
2647.0,d72612d11e4f4e5d682c8986acb42ae5e8e97e4a
3317.0,ca0acbaa5349046c44f8377efd0372eca9650748
2073.0,2647fc7112ed79c1751a3d99491d7dcfe0aa4520
3062.0,afb7e4ee5f6e9cb8a1a937458cb39ee312e172ae
1868.0,ae97ca855361dc47b45f85371d557419c0e764dc
3059.0,4d37acad21b3877f4881daa55b808b809a391e84
1822.0,8d7e7aab31f0e3cf4d009376b6d210ae1a27785b
2238.0,78cb96fde0ffb9d6ce67b8f5c850c7a60cab86b3
2352.0,62406e667c8004cf0367a3ec5bcbed980cbc32bb
3154.0,ab3f92253388df031d2947a5a76c980cba7cb694
1079.0,7cfe833a50524e629542a82c8cd35b84cb1f9e9c
843.0,36d70d8789954e9e3e5512d1df2215119279a7c4
228.0,e3d577cc2a87cee4e45f9939df1d6d5d99f4d943
1827.0,70de011d5102bea6b97010643cf36698f94f97fb
2151.0,9900a72fe7992d873915af68f7d52148e738d032
1288.0,98b155c65da62077dc5f277a3ec15d3af78333af
3642.0,c59e019f5c5ed032c5360599bbd56e3fd9421adc
997.0,ff3ef8511ed7c507ade5ebdebced7177665a3414
1456.0,e7d548595e8f2f03fb58c827bef8abae2f84aa59
497.0,a9e753f7064e38e40819b49a51491e681dd0f42c
1172.0,773ad9b92d447102b92492f64d7ba0e708746f83
3406.0,2659f0a5e62c9a97ef37dc2ded3ca8fda3c53c9f
2993.0,877da63462d9a7e270c295d898d689aacf155779
449.0,b31f2d9a640c154e41de6d9631e95cf105e96e1f
1980.0,59104db2f2f0a507aea2625230e446361e2fc174
605.0,c4f2075f4c4c27856fe0af77250fb75c61c0d86b
381.0,56177bcbd16f9e73252d7af7c78d25dc60ed946d
3699.0,37551e6798aabefd549340a7d3840b7648b413c7
1814.0,87787b130b28b97848e57b2c838e92186755cd21
2306.0,5b0b9717da958fd6325c675d92be4f6667796112
3232.0,5e15850532be5521dac7082b155b15b83e1236e8
2635.0,f808c20139649b747f604492bc33b61a7dd3e13a
1499.0,9ddd3e9084b9909fccdb42c55f637dc8b671beb7
625.0,3fdcefbcda47c1ad7fd3432d0643d127cd2918d4
1951.0,c54d67adee6f99113f525b376da4af27c3001321
859.0,d4fec1454488687b574c545761c2869d3bb97ca6
743.0,3c5d7bab26cf63b677b23ad9f4620e3bb6bfc706
2075.0,ec9717502f36126b8a371b73a5730b2092948ca2
1520.0,ac12e362c4b7fd765b0f6ee6d1699d027ee9bffb
304.0,b209cd96f5865500c7002e127217fdf9ef9d2225
88.0,a3a72e2d8d8df53164689fd84a5db2c6cd04f28a
2555.0,05e3840cc2a3ac6233edacc75fb38ff866d6bcbd
313.0,434c19933eb445907d73b9bb9e4973d546f5ee52
2490.0,0932d8f428ae6c7cb6615a6a146e417eb182ec4d
3157.0,2c68f86336dc8729f58e8e19af0f49c269c1cfaa
1882.0,f19d3bd67e0d8213013cf06f47d951c8735515c8
2293.0,f962720f7a835df086a11a1ba910e3210675b9b8
808.0,1982c208ceebfd317e30ba16a40402850e97e1c9
2332.0,c5be20b53ca577be5569b1a327e88991f2ea69a0
2399.0,d13e41ddefb89d42fda61caf5921dc60b66403e1
1010.0,8fd1825551b28ee967246ce9638fcad763bf616d
2916.0,393bd46085fbf308e8b4e182c43f3871df4ec191
1860.0,047efac537abad9e3880f545d8b767f6e6be3786
981.0,9f2b3d815ec39279bfb838221580a36378a0de20
2784.0,b83760675ded7124f8a7c2cc49fa8d7eea438233
2445.0,330792e10b6d05788700f269f7da339bec1bfda9
897.0,ba36d57729c413ba41aa0b9504f3300c43bcd483
387.0,fbbe14791f2d417bfa57618eecaa503b69f459ac
2314.0,e2067649551033c74e7937b89af9a9874a96d279
1996.0,78a71a48dcb71cb930d747d9facef0dfa5a8f022
2309.0,3acec5f801864e8a6fbac759e45569950dec719d
2131.0,47e84101173d00f70a7f28547aa0ae2fcd80086e
3011.0,80f14e30a204a76520154a613998a926f920c0a4
3445.0,900fa2f795615683234cc7e7b050a1e131983689
108.0,2a73bbc436041875f81aeffd5b8f13c6da8fcf19
174.0,04e70bd5c7bd80696eabaea11afd9080d874f859
2298.0,e706b5e5448b837f34d11107e9f9295f0e5a9780
238.0,c7ff139481f96316d740a34f01cfd0f25e449848
2500.0,470112dd6e708a18eb4ec1daa10c4ea276620dbf
815.0,af5a0853bfe36d547af93b904729a43fcf8cc55d
1132.0,8d3ee017c58ded9e994a7d97c58bcc5d6a2a6e68
3181.0,5a49b96d0e15f423ce8f2abc27a0ac280e69f726
3282.0,6665c91e6fad7df5997c8f3ae2136049062c1b7f
3103.0,86bf9dca72cd188813e26ef5dd972101ef8983cf
3620.0,51c87e6199b78cd3b4b33a5e47c7a135a772f10f
2319.0,39f7aaa41678bbd110365a55453dd5e395655bb8
746.0,77753e9b73a8ed8f908e2877455f629ea6e7a6a4
3560.0,a40c381ffdc4c28a19a0910c4da8ec54e3ae63cf
433.0,d94efc6db63516b7f72e58c34ae33700f3d9c4fb
859.0,6347e75deea2eda444c60080fda3885c1fb7705d
3321.0,c074422cfdbcae3cef305631988288e13bbce2d1
660.0,94a9b9665b6a0a5b1aac46c4212da519205a22ad
435.0,561775cbf677f72d6d8d505af79c114bc750b6b7
2256.0,970a8009f1842d6be8c04f3adea3c2ec97d7eff5
2193.0,a7f1a21c1204828388eaed1e3903a74c904c8147
2209.0,6efea346dd54fa9adb65fc044d72e5ec8bdf4018
876.0,7f5b6c692df34cedf28a01e46305ec5c22697a5a
1840.0,e4c712ffd2682f963906e1d0d27e67b7f83d95ce
3206.0,3dc84ec4609de0c08fd159ebe991453309952fa8
2117.0,5b9b180191016044b95896924c7df55cbff7db93
1057.0,da1c1f0d7f8e2df19eb320b176021511b7d05b76
2288.0,b11f7354d17ae4d7d11bc1b204cac98573f48965
1175.0,80283d6c590a5e54ee877813f33fb7bf3e02123d
3563.0,0d04b40d130a49cef0609ac95be48013528e97d9
725.0,3d9055b3b73b1d09f933bfd070f704e9e8bdff2a
1290.0,45e901fbf828addfcd0984edfa495d99d7155d9d
1000.0,872094c55612976bdd3de9094f7f8d13a38fee48
3273.0,2675076cb77fb5d37f54aa05473157ae27be7c42
591.0,39329bfc0788e1475038f9c65cb350daa45b39de
2774.0,03036533f021c83205be4ba5c826a33322dc4d78
2315.0,898c8621b175ade4c623ec61d04f24e02c05e0e6
3513.0,bac908ef35338e78422c5edc0456a22d04debfc3
1286.0,805692108ae973281d793250ca883cc1412ab08d
3374.0,06507ed4e455dd8b94242d4477dce05b1d95c6c5
440.0,a5d1cf415e142c2926845601257d3d6c05cb3ded
2450.0,8020d5eac9e4bb0e40a47b82ca95713ee78fc73c
