issue_id,commit_id
495.0,d90f0afe39724040d0be92df054e2b1438886134
3541.0,f991a898100359684111be1ddef7bb60ab6f0f9a
1860.0,047efac537abad9e3880f545d8b767f6e6be3786
1138.0,1d55b8983efdc840b83ae6ccc4e496165010c8d1
3082.0,0b5b4a66ef99c8b91569dd9b9b34911834689d3f
427.0,1d1db80e062bb576cd542a7a3ca990360c5b57ba
2555.0,05e3840cc2a3ac6233edacc75fb38ff866d6bcbd
294.0,7155f11a723695352323d484610b9a1c6798eb69
891.0,544118bef94e647258a997ac3b1ae04625164ed7
981.0,9f2b3d815ec39279bfb838221580a36378a0de20
