issue_id,commit_id
975.0,7b03f8e2043682aa2d1c06e0f7e8258b2f9c43c5
929.0,1ddeaf012b58c7d764c2d7a9aaf8531c0ac78ee1
239.0,7440386f83fc2f51ec9e7abb4c5379f6a1fe31ed
624.0,44c7eb10c6532e45df66dbb552408455480156c6
930.0,392491a74d2d8abcb2c0db5230fc7f11502c6ba9
49.0,3f78ce7d643e10034795cd51405dff39b944b1f5
344.0,e4c18532c3d9f9fbe0448d70a1f00559295b9eec
666.0,ffc7f7a64f157526726c1b30311c8ca65fde82db
1056.0,a5e607b6fc889afd3f8960ca3903ae16b641c304
827.0,22773b8b32803b6365874998a291ac8595f16e3d
1107.0,a713b5d08b0fae4e55066f5438522a173f79606b
224.0,51be1f391af44531823da4c6e158a216f3de5457
770.0,244043b49d3dc0fcada5aa7a043716de7d19f2d8
885.0,d01b4eeb6479c951a8b0ee10e29099af9eaf6e5e
1031.0,6763433a687cc651d9ce5c97eeb81d83c4d34f71
1112.0,f3dc23a94b57ccd7c1909dc32174b3bc8c501919
25.0,9632546c4b52362b21ddf9072c68f0b3411c6d1d
538.0,f77dafd17bf11d505d4afd120added2c7b242880
639.0,5d2c084d1b0a12af240a45b7c396af3d18de0e7d
1031.0,7f44748149be47cc42261ff73465a82eb7174eca
1126.0,51d4d4a04c1bc50238accb49788039e43b9b84d5
374.0,f074a4c6c05dd61d0ed625b507f671214542e477
488.0,cd6d1d2f2a2423db74e18b149787b2efcca442a3
379.0,7ee8a9035821466640ba2700cf2de019a577cb31
667.0,1e1d980ae2967a9fee14dfeb13a63cbe34769fd5
429.0,a54830fb654c3c415f20886f317e8a6443131368
554.0,fb23a1e4ec0eb4b76fe30b3f86f1ba05e934f369
1198.0,223015a1facba4c2bfa1873235998cd845f0715e
505.0,30de80223bb00cc33cf7c97c5afbdac17ab073d5
42.0,f01fea4c4b039364d1afacb8262b7ac5826f3916
1199.0,8f7e31450835bca5d9a8bb4de252efba6f4b7b10
692.0,c9ade68443fe0195003ebcb7e62dbda94d35dc84
631.0,67ed13498d2efb210ebdd8c284165eca637aaa46
62.0,f444e3dbe1fb1afacef12f6545693c580cad73a2
956.0,a88c693c49feb9c9b9fe253e1e35adb10af2efa5
50.0,835a24252f6c31846349bd84fd2d543cb8046556
104.0,7b47919e3deb59100f4351584741140531068fc8
777.0,8c8b6816ca9bea1d4611e23ad73a22018605371a
1045.0,3fd91012f20faef6f823cae3b0ba970181e30c75
383.0,8ba1efb9218e96788a7ac692c58292303256f4c3
449.0,f8ba5c6f54ae44aa5bf74b6ef6a3d9cb871ec524
877.0,d971e49993ef3d0308e9f1f4466c87b0e8463bea
391.0,6bb6e90f83929d26b3412e5859399dcfb72d4a62
647.0,b273d1375500a436ba09d80688f50766d51d6b6f
315.0,687a8054818fa6869fb666adc62729eb82069208
1078.0,f85642da67285a2b1d991d1d0970d261a715efb1
1058.0,10cc4ce2b9e1d745f3be91373f48ef6ea9ca7f88
407.0,f0b8c71f66dad8a06e3d5e9d4a379d955fc879f9
1094.0,88b829aa824deef1166e01ee5fa0ab8813e25cac
588.0,185620bb3fe891fa6e074555f256df4bb2c58c63
209.0,09abde0ce69538dc5068d017ad683e9be1380527
744.0,fd5e0302438ed28d6b676261a4158debfd44058d
910.0,b536c100e84dd27e4e6208dc42737810ed015d44
210.0,cd1c9eaa7336c18f1229712fc4a1eb223640b83d
241.0,7156d2d5df5922ed729957f98a8ca26adfa83f44
387.0,eded7675dd4046ac64a95a1425e86eaa046bc705
204.0,fbe25db9cf1a863b8910a614150463c86a240aba
825.0,64f42f211de19b8b80ac15425f863d959e9a23a6
7.0,fe2832d8b0959e486c09d1be23c44e16e83d5fd3
240.0,637f41d8ed42e3acd908bd6d8cb7297b58f45ccf
502.0,8d426c2db6391b3e0dea145998aebefee94a5376
671.0,915dd237450120c6b658c95b4a87b575b8df0cbc
528.0,7ce6df95ab9a6aeab8e3d0c268568063624849b3
306.0,8dfff69ec23be828d5681fae5fcd2c7b9391ced6
461.0,484108c549c845bdcea263b80979a51b09760663
273.0,b245e8e0d378344fa24a4ea94e9098fa842387cc
442.0,9d87e8fd6ffa4c0ab66dd6c399ee3a276302942a
665.0,efe905a2aa924592bec6bf38e5c20269cd0dd771
161.0,cb39a712f96e74b193f7c62da9d062b047703162
572.0,6d15d46a310b29f9c0936347693dddc7001d2ebe
543.0,6894c8ecaac64f4b5baaa383ea689e658782d05e
793.0,22223f87486b8f790165c05d816023f83f7c3456
729.0,f4d6adfc2c7c34799711c5ed7d425c55f9719e4a
514.0,32029e27668dcdc6204bab8d8d64236962ecf973
419.0,a05e9a571ded0b6ec3161112446524355c141d6a
324.0,4b644bf2f130ea34dc11e13ca4a3dde6e0cfeab7
884.0,644ad1a963ee3de3d5aba02b4afb0e9effd4b42d
448.0,5f4bded5999b0e93097384be029f0e6912425e8a
260.0,72d435338209917e2e9f6624af6591f995644b98
1157.0,e9874e2f96c27e24aafbc54436465abd8f152f8a
326.0,cec4e0bd0e2008bac9843b80f1690de4b3a5d45f
453.0,cd678d9756c88c2bc27ccde09136b76edadd2920
670.0,534dbbfce193451a00628167e0f50e36f191fa0b
279.0,ae94c1640c833acd0a2d5fd8dc2b037d84e02bce
1.0,01fc25f919df5023eafe64e98bc6a7a87361debd
928.0,b8f6974f14e9eb37023e944a943015ca932bff72
676.0,733a6073802775d2fcf9086ac73ec39fff8fd1e0
244.0,f20c498b1bf63cbdc16720cee9b787fd911705a8
198.0,4161f66ccaacc57b445f1a1add35c429de84c63a
681.0,a85b68962e0ae5cc2e10db4f0da09f1ac856a758
127.0,6944ef60f83e7e116aa687a972b5402f1a1bbe04
1122.0,901812a7bf1667117668e24211a99ab7b867b98d
566.0,fee9074c8e809ee158cd8d3501cb90720b06c852
125.0,a1cad195ece7289e147fb5c15f0753351291d0ad
788.0,3bab2e5cae22390a85af0963b68ffa70d7b2f187
1109.0,2bf01a77844532cce9686a45b227209f85646dde
553.0,ab6e54b2cf5fd3badb1a31143146b36beaeb88d9
355.0,748fcb76778b618d232b1c829f72d4ef65392441
1141.0,8fe316e5376738880c9cf4013f37ff357f428e19
876.0,a7fa9cb29f22d62ec189a059142e600e0a1fa75b
364.0,1be884e83e6d9d4a90e8b0c7923df31728f0f628
