issue_id,commit_id
2259.0,39d55525ac8f674b40be5d1d3160b9fd33ce501a
2395.0,bce8ec75ebde8a7f49fbc3a9825e667d7327c64d
1325.0,7ae1c5a8b928f29477796c24bf62e737cd577bcc
1621.0,c72e7c7c70f1553295022c70d5058ed11932c16a
1912.0,c80ea941d06b0899b8ecdce6179e5b5259e1c5ac
1502.0,cb9f64508148453dcfa4deaeb4ea95518f58cee0
3248.0,53f5fd234b8a7377c401ae88e2fb6c29812715d5
2234.0,ec18fe94775aaa3d54238c6c75b569491803134e
1801.0,8011e1de28c82e5ab5c9727d10bcba997e8254ce
3434.0,bfa9aceb03fb728acf90436e1bb47d32c0ea5a1c
525.0,9034461e5bc3a3e75c64b603c89a28acc7bd2144
1050.0,32d32249d51f37ec53779372ad23616efbf4d74b
2325.0,4ec1fbc9f52b4b3997a1978ab3390a5a1157ad6a
3541.0,f991a898100359684111be1ddef7bb60ab6f0f9a
380.0,b786eac5574e478d51314333fb6309456bff7b76
2326.0,7c0b36f1467d2d8ea5fdc572d5edfce476a6eb89
3453.0,986871bf4eb85ae62124e71ed579b6baa0ddaeae
751.0,7f35fc293559e5c809de78909872896236100189
57.0,a6617f44c0416c6877d930b312e1f64df08eca0e
3684.0,2fa8eb3cfebd7d797f8d27bfd05ea5f63985665f
2699.0,746b91dfced525651c9b71a3bd075a78d2b9262f
2724.0,6f84cf4e4b4ab71d950db28d1b0776e07a8726e1
2695.0,b178e89e4456e777b1a7ac6d7199052d0dfdbbbe
1389.0,ecb8f81760db351957bd413181a86b375ec347b6
3054.0,717f9d33ca7c803abf781ad81d3854ddd7869900
41.0,854e0e26d16408760072308c44b9160a9fb39abd
3529.0,3d61fc44280e5e77ced09e0eba9634ae5e5f4727
2331.0,471c7f3220f45f60a56515f9c1dc55c794b6ff36
1315.0,dfeabb7089e989040d0169df4c7df6892e45422d
2342.0,aeb82a404f2926613f83070e039de34cc5842b52
1851.0,5cf261a2876cd311c7abe17c14da733a48a4343d
58.0,f5fb4576577cbedcedba9eb16d9fdace18c9292c
3437.0,28d09ae0fc518f2b3e9138f0fdfc2566459a52e3
2898.0,2616d97f326504b494304fe744cdd5adfc9c6d91
2754.0,8c9df3f4eb593cd4755b882d8f412a13ad97429a
1855.0,d80fabd9f633fc0ef2955a127cc980ac9b0cc8fd
439.0,f43003967e2139ee6d89e7dcf267ba8d52200ac6
3375.0,e17c3423bd306b04d27b6a2e53c80f1ac2179054
1135.0,9d64ff420fdde3c6eaa6d573d41da3b2f587422c
2854.0,914a033586becc94a4001a448107f02d547d81d7
253.0,ccd5ced70e48515e222b84dccc8f21d32c864dcd
1862.0,a228a3b2cfbc53d428f6cecade8b5b0fec576f03
811.0,da49f7398d80cdd34e7f0bce28ea119a19d8c81d
3208.0,4fe81d7c62a4ecffd238a74783c054c4e5235fae
2582.0,22e072379b9fcffd229cdd239dd3ff5ed4eed571
3174.0,8ef56c8c6d0be4d4a9e844c723e70810a0be2fbc
3104.0,2fa30f6a9e67e4515c85c6fe776783b058097498
2591.0,f2cf4d04494cd9d57da6be05debc0967888dd927
2378.0,29c055a2b4327d94c5aaf66ae00514199ff146cc
3178.0,5e378b4f28af344702a65fcce85a7d8574674860
1539.0,7f3867491570746a4c14bdaa5bd59ec1b64cbfea
1876.0,e048aa4e19d689104733783a19560a6a485a473c
1748.0,1a7fd980f8579bd7d7d53c812a77c1dc64be52ba
2436.0,c74f46979a8b8358437bd7f76e478d04248a9c72
414.0,8d7ca29a3554d20324ed9c75d9c095dfa8a8c439
539.0,7003fe61352bab3a1dc62d18dffb00ef749b050d
2212.0,889c0ed1964f48557e532f95f9003c5ee6e2b727
282.0,e8e2e934096f36edd8e96d554d06c0e330d94913
2442.0,7d4703e98ab64fa29f6ca50b72ca5a4548121bb8
3190.0,d0bfb065e5c2d00927ed192c4ea5d8a02b4e19d6
862.0,4c0253f9fdd4812b979532f1e24b7f0ebbd1626d
1213.0,fe2d75e1f41efb49472d625ec7c366e7c242a2c2
2811.0,b6a8f75c70a0aa72d907a37840213b84f3595f6c
3069.0,05102f63b8dc5341d2d650da3aaa51b0b355f65d
3246.0,3db469795996523cf834c07684b0eff540227aba
3633.0,88c9c68e17774b24c4a67f2abadf411c6a689c1e
2394.0,4c564779d159acadacc078988f7a40a3e5794eed
732.0,bbdfc839029889af7477b6dbbe8dc4c230ba6f73
3673.0,47e165d6d560fa502e41f152a69b657cf95f975a
1812.0,c810fae9e835ad446e7e9d61c12bbf2f6b597109
1303.0,5b9826615267fd75a954db40c1decc2a9dc40a99
3253.0,d5fea5fa1da0c56860e7023e4af3ba2eb0097dd7
430.0,f7bb2b5f19146cbaed375f29520f57c3c385762f
687.0,5997890c6996a5eaebc14fff5642ae55acf30cd4
74.0,bc662a546ed9028d93482f79314e64beae19a1d6
2297.0,0c949089566cfec9b0435ba6ada601acef8f09fa
2068.0,fa087c89298e0c91abff45b3ee7033889d2dd5d7
3315.0,b7f6fae9b34341b9be7742b86f6caffe07fc6f25
3159.0,00ca5b7328fbc5b11594ad448343ba371142c43a
3056.0,10d0ed68a342880ea355ba62e8d24efa664142cd
2364.0,9d829934226a34c866ef56e6dacc15c423dd02cd
221.0,63b5dab0fc889f490b9fee803ae67efa3df28a09
18.0,8d49440d8b881b2df2c10085a58d3a4e4085147e
2928.0,d9fa28ba68809aec8df30c65d7ab1f8a5e0514c8
2861.0,345685c0143f030eda443d6c672ae1b705789027
2897.0,2308cba407884996047790bfb77f90ae17bdb2bc
2729.0,32e813f728ca5d8ac662231d8fb1aceafcd85412
856.0,5207c69064898f513c0b08110514f3fd39e5a4a5
1578.0,00c200eeaa6af7c5c25c37471ab0313ae26651b4
2748.0,a6a6810d563949303bb820cdb83c63714bf98bcd
446.0,df772df24f22f7f0681a8d5b211dad764ce9c8a6
1030.0,c73d740e571c5912045adb5e2dbd3b9b3ff15a9d
3594.0,21c3df31de4bc2f838c945bd37d185210d9bab1a
1811.0,bdbca923ef26424f605b4c744131512a5edb0f1e
1358.0,3740ae492fa4a953abb86fefd025fe12f33fea92
1117.0,02f0c755a36c382f210d6654b84316745ad2af00
2302.0,65b61aa7c202bb26df53e2cb271269fddd95aeee
225.0,8e928a2fcbac6edca918e9d4efccc4fedb418292
709.0,6a8acc115e312e1e23e70b66d493b4cdc00d1133
77.0,9e1111c2fbc2c7670eb489df0262a90417b96019
3162.0,7f782ba84e18d327ff25d40dc7d5719c8a036258
67.0,387be22f26b8065d29e311723bb8a50a74248534
237.0,46ecc57b7c29cd017fd841aef37c5d767cc538e0
2607.0,e21abd9da5fa755d3af96091ab3a181b7d6498b5
2491.0,82e66848e8ab44d58e483b6b92eea5f04627c422
1160.0,462bc6c2e5972cd4a91a12a93478b8c7c0739a5f
884.0,47a41b645f627b9b68c70c193cb322f56bb4c12c
290.0,63876614b6734e6404f17c9d3d22b71b3f43d158
2694.0,aab4c8c7452ba198c6096face53ac2b7cc6460b8
2301.0,5b96e00972b2799728470ef9a3b49a99dff22cda
3621.0,330a3e3ddba712def955e7a2ccee92a205dfb656
2610.0,94aaa2457927c59d4df2a616d24f640ee8454966
309.0,7b899c85103996d861360a7ce42ab9a21bae3f48
2348.0,9049755e3fac192d5c0cca5092a74a67e562cdc6
2338.0,a4869eb4d2bcb25e6cc5c2e285601abfddea7f4c
3401.0,af5743f6bd2a62072657830d3585b98680e1c203
2765.0,1a9caedb49ada290b00d0db0ec61e66d95807413
495.0,d90f0afe39724040d0be92df054e2b1438886134
2175.0,9e2807da76d756ca84b55213e799a124beb6a3fe
2120.0,0ba1a872b7aac48efef9028e7687475da34eaa39
1671.0,431db2874b242316051963d9bc4d5653b3647acc
2321.0,89aaac7fe00f1d8fb2f326310bf813430fe0d3bb
3207.0,976dfedaa9efdb566333ea829b12751820268f67
2939.0,d3e1fed7773d1a85a9e2b434c375822edb904619
42.0,9d98ad5e079b88fd9da87e47d55a11e465ab6bb0
2222.0,c935eaceafebaf167f6422fdbd0de3b6bbb96bdf
1242.0,e9160473093ce7b2a4e867de414a90a9094943fc
3169.0,f2c854060adf021347a6c4217fdb06a77a38bf58
20.0,f1603d33f266ab24eda604f76632fa604b91e3f9
2739.0,4c8ec8f555af8aeba5a48c3c4cd9cc39c74dce8f
2072.0,de1652467b0584fe9ee4060bc42101e8255838a3
3242.0,13b689bba6119613a2a47e8a9c84e82e69f602c4
744.0,1fe20d32087cb3e0ae1139b7fca1545db64b8cff
3172.0,4260b7c2d3a9bf1332e22d18125f5f6157f61b5b
2647.0,d72612d11e4f4e5d682c8986acb42ae5e8e97e4a
3317.0,ca0acbaa5349046c44f8377efd0372eca9650748
2073.0,2647fc7112ed79c1751a3d99491d7dcfe0aa4520
3062.0,afb7e4ee5f6e9cb8a1a937458cb39ee312e172ae
1868.0,ae97ca855361dc47b45f85371d557419c0e764dc
3059.0,4d37acad21b3877f4881daa55b808b809a391e84
1822.0,8d7e7aab31f0e3cf4d009376b6d210ae1a27785b
2238.0,78cb96fde0ffb9d6ce67b8f5c850c7a60cab86b3
2352.0,62406e667c8004cf0367a3ec5bcbed980cbc32bb
3154.0,ab3f92253388df031d2947a5a76c980cba7cb694
