issue_id,commit_id
350.0,fe6752d1f293346e6f1d3c47e12fa6a68503d6c6
1061.0,df4dd005857aba57353d7ff35040712ddc60c5bb
808.0,f6742261719662d71439abe9b83dc1f103a2337a
496.0,ab91b83723901ea6b9a52be329f258901f612c6b
391.0,6bb6e90f83929d26b3412e5859399dcfb72d4a62
956.0,12ad10f6975d9651d0c696a021fc982c2c5de861
126.0,05865f4b39e4af2087ae89382bbc9e4c42f69564
820.0,a3c0d131d7029e3058b4beec8f02fc60a6efc955
269.0,a37713ff0754bafffb6ca7098b99d4fbb4968e8d
1196.0,41dd24e8da9a812cb41e022c33dbe9835361d7b6
606.0,a2f1f6352352a8993b391df10a8740ab3c366585
441.0,a27fe8f0508bd441c1af87015bddf6450ade9168
830.0,885373496002b0400c1d7ade50330b969ec67ffb
1092.0,b2ebe0e95c6b9f28574804d5f1ea8d689ccd5211
62.0,f444e3dbe1fb1afacef12f6545693c580cad73a2
359.0,e08c54dafb6941bea4465f94b46f2cfaff3f9497
903.0,5491d288fc7ea3a512a69c1da0b27d0d77c107e4
165.0,1e3a5a1338b6158ccca97d608898f79ed3c627ed
603.0,d923ab3efdc0c39d517e797e39d1cc19e2e2da28
858.0,a91afadccfea9fc2063f46989fb1b5028d30b6ee
824.0,460d9a418ecf95e06fe800a37a02a186ba8fc0ae
819.0,ee3ea177a8550d43e8dc2020dfb3f86045d3d5a8
818.0,c664738a79f20e2c2919177a667d586e4f802368
763.0,058b9947e4e587c9eb54f4797b1a1596fdb98cb6
190.0,049c51b97100f9f8e149859faad794937ed7dc93
889.0,9a543d05f98a927ea783f2d060c8533d6e7820fe
513.0,52bac9af854f3e0222ee0569b4206acd3bdaa804
259.0,44528026d292737641ce8011b5096ade8f87a9a6
911.0,992deefbba7d71b27467e656e88adf37382c8c62
127.0,6944ef60f83e7e116aa687a972b5402f1a1bbe04
421.0,5dde125d9399296ae91eff7267651af7e70b4063
50.0,835a24252f6c31846349bd84fd2d543cb8046556
541.0,d947031e9968493f59fdc97ab0236cc1d8b6ee06
891.0,9e54a9ef5625161f3b7d6ec49b00eda7672ceb5e
487.0,64c50cfd35016b24d09f1fcf60e8d6fc2d0685b4
598.0,4d149e827d3ffee210a898689ecd48a66c80fbd1
713.0,11959265eef44ec984297aa3a5ee39ca5e8e3ffa
876.0,a7fa9cb29f22d62ec189a059142e600e0a1fa75b
376.0,54acaed24f4600f999d823568f13ca146fc60e1b
387.0,eded7675dd4046ac64a95a1425e86eaa046bc705
400.0,a5cf7d9ba273854d9ad5dfba8a3d3a57ded651fe
452.0,1fc381a84316bbbd9cb938e09bb9290d52a5bc85
83.0,1464a3396f7f9dd8737b97963a33cd1afeef421b
764.0,323fda4b9cad52f5fbfe491f54fbe27b746c5b06
319.0,e3e7b20d0eaa0684a9af71d7a2403afe101a6535
857.0,7ea910236a39fc9aa74e64515c3795951ef5d502
502.0,8d426c2db6391b3e0dea145998aebefee94a5376
14.0,4255e4e654af4d68765204cf6b2929e86306c292
208.0,0b1707bc9de935908a1b2c80d329318e44daeb4f
727.0,ec9873fa85fddc330e55de4ab792bff799fe7c29
613.0,9bde65edda7a917a14c0f649e3f6748017e0db62
51.0,1f850df753cae1b24c5be218c73728abd18ef89c
884.0,644ad1a963ee3de3d5aba02b4afb0e9effd4b42d
574.0,979d07097f3762bedc7259fb1350e89e3c367060
270.0,31b867f632acd87636af9a38d68a5d4cd80acda3
714.0,666aeee79f849d4a8d02d2860b2f33a9bd105e93
881.0,0ad1a9a60c5d4d0881ec12321246b0139fcd57f5
223.0,bcd271743d0dcc6530b784f567f8254b81bb83ab
290.0,791b7710989b58832299b387cbe15bce776dd04d
875.0,5eb0fd5ddcdf0b77ad30d7aaf051e5fd013e2f7d
1054.0,300febccdd9f6ac36dd2124d35bf974cf950a703
482.0,60adc95ef1377f79f9cf7555b0e15762c7dbef70
317.0,e97cc6586d4976eebe30d343f729cf622ad8c558
517.0,6b29ad862ca292cf1482236934c111783bcdc9d5
583.0,ab6efc7457bc2d764610b0bbcc8cc464925b18f0
199.0,c7f173d4ca97819f9db5b1c704a09a82e5106e62
668.0,7e5ae94dba1bdc5358adad3bc7a427f92436d3a2
124.0,c2d539df8aaba9bc15031cb9234f401694e0d5ee
642.0,9cc58b7087eb31eb1ca142a0fe4cab7814b43437
1031.0,629a931aedd290bcf69ddcb6ac1e0fd807b5a448
42.0,f01fea4c4b039364d1afacb8262b7ac5826f3916
1139.0,77a361966a6cbe73ba153710f10f32cc27d167f5
961.0,462443a2d1d34d686eb11dd1b9b490c062e688a4
510.0,a9c209df7a046846a16930124a865432d7caf2a1
456.0,bc21511c5cce21aebae0e432ec52b963be180ab0
982.0,0cae7e20361dbee41fb8f79d7ee9c763d17d51e1
897.0,3fbe8e7cb3ca57fd8656890ea7855da62d2ea03e
831.0,327f15afc3fcbd556b87a5b568b2b6c983519bdd
741.0,3081caa1aafde076a8472d62091d131dd8ee72c8
380.0,c7ac5d248308f1379c0e5fbb03587532457116b2
74.0,e2419c50f6a43f5476aa0e9c0725925e1b0670f6
774.0,3995e37a86cc70b2698fe4ca883aac90201af48d
490.0,c53221c38574711cdbd9e30ab1705967d4e96288
624.0,44c7eb10c6532e45df66dbb552408455480156c6
568.0,db496fb35456a907ff1dc4b460947bd80cb4f37c
1112.0,f3dc23a94b57ccd7c1909dc32174b3bc8c501919
773.0,1e77eab21b8e3b6592007123bf1daec759bdb5e5
342.0,6e1bc6fcd1970b5f566d5b264ebc52bbd5858dad
361.0,764f69a47bc242383e992502491a1ae0012f13a0
1065.0,6d6ab3dab755759ea51ffdc7e7cc2e49379eca4f
397.0,d7b1e5eb91b65d3807fbf921ae51898ce3973b14
305.0,6255017b145df5cc0d09b975e4f257590666a089
302.0,e0c3545dc3e44b59d8fbc540187ad491a5dfff27
732.0,9d74cd138d6a023cd5e8d94aec92ab984c0a5e57
395.0,00df5b44c9f0291cfadcc0e8e101e8208578350a
771.0,99c9040c3dad802fd0825dc10a6b09b0e3beb017
626.0,6a42d4e91eb33b15369a0113e66a93dbe9e6c029
479.0,96747e44d46d99a91879587d311578ecd4664645
1040.0,9a53fe859acbbf833c05f14e673d5cc76e5fe135
65.0,5c56855d6ffec63139b1e53b0b476f910b84766c
231.0,e4f571970c8da2c4ac68f8b5fb751ff13cd3b154
