issue_id,commit_id
928.0,b8f6974f14e9eb37023e944a943015ca932bff72
676.0,733a6073802775d2fcf9086ac73ec39fff8fd1e0
244.0,f20c498b1bf63cbdc16720cee9b787fd911705a8
198.0,4161f66ccaacc57b445f1a1add35c429de84c63a
681.0,a85b68962e0ae5cc2e10db4f0da09f1ac856a758
127.0,6944ef60f83e7e116aa687a972b5402f1a1bbe04
1122.0,901812a7bf1667117668e24211a99ab7b867b98d
566.0,fee9074c8e809ee158cd8d3501cb90720b06c852
125.0,a1cad195ece7289e147fb5c15f0753351291d0ad
788.0,3bab2e5cae22390a85af0963b68ffa70d7b2f187
1109.0,2bf01a77844532cce9686a45b227209f85646dde
553.0,ab6e54b2cf5fd3badb1a31143146b36beaeb88d9
355.0,748fcb76778b618d232b1c829f72d4ef65392441
1141.0,8fe316e5376738880c9cf4013f37ff357f428e19
876.0,a7fa9cb29f22d62ec189a059142e600e0a1fa75b
364.0,1be884e83e6d9d4a90e8b0c7923df31728f0f628
