issue_id,commit_id
12545.0,b8ec0e6dc9bc2b069fa9cdb86b8a32ef6a10a6aa
11011.0,785d6e396ce81575bb155bede412a6182d5f22ed
11383.0,dc6f00fa0d831e8583a5285f032cf583d4980c4f
10444.0,ffa99d69f7bfa42d060c26032793dc650002419b
11289.0,5a24ebbb432dee986d6bf1c3442da5955a9bfb73
12237.0,c170b8e0a1b1f761d89fc9edcd603336b65f07c3
12220.0,74ccfc4df6002bcbb44dc4ea65400b8b2dbef994
10230.0,bf1378f39d02b7d0b53ece5458f9275ac8208046
11507.0,8ef5dcfd3dfa385e00e7d2654825f7f79d2dec57
10801.0,93cd2400ef005cca2048e1c78a84f24cb429e0f5
10183.0,50411ccb0e7059ad2bd9286b64ffc2cda8957025
10865.0,8f4e4f2a0b543f3d74327cb04113f65cd5d11c62
12221.0,c55ce21fdd4f55709269140e068cc840a7c7ec48
10132.0,f6fabd1a370c27aff4e8a82e5a3edce52aaf9c2b
11585.0,64737f23ea9500c248acf91b117c09ef7a43d470
10212.0,a07d9f3f3665ed79401f37f0c5759f271268a34f
9834.0,b13326498e7cf7338a397f93a75248509256adc3
11285.0,a07253d8269e1b750f0a64767cc9a07da8a3b7ea
11079.0,2780ab0c9712b41c34693758141f30ae3d3c2e7f
11508.0,a37b41d5ae799c338958b3eeeb884074dfba865f
12339.0,71aadf5e8b4020d4c9423ee5a5f42271abd860e5
10282.0,e6d21795d363165b36962e71ea7ba7948185e26f
12287.0,cf6ca32e7ccf05bdfb35aed80726265b61256ea1
9384.0,173a1a545954bae38e40f4fb0bde228765a9b059
9952.0,a8ca67f281bdc5d751204e3b2bf6e98731513a27
13196.0,a39f10acf3eac5e6ef69d084616982a4d4ebd8bb
11499.0,5a8f346e64cb432a445002230246ee042dbc278b
9921.0,0bcd9061856d699d9054f9475b5e59c51348319e
11556.0,cb96315a291a8515544c6dd807500073958f8928
11100.0,5a6af4bc6d44e9adbc2a21804bfcd18c4ce849ef
11124.0,f60313e29657b2afb6a02f28dba5936bc0dd09e6
11390.0,2fdbaa10ab0fd72f962923c4cf73e024424a3022
9435.0,531a8eabe222c3831cc5b55bafc81d2aa36f0672
11521.0,ca802e1b6b9fb47194fe62c2fd0df03de1002c84
11722.0,994c4bb338ce440a27df5db48b8f5044a3e8f611
