issue_id,commit_id
1060.0,8c597751fdbc5a7082ec6f3053c1b066bbac5b3e
142.0,3ed89e01e495c122283053c3a91d752d0d70abce
1122.0,901812a7bf1667117668e24211a99ab7b867b98d
857.0,7ea910236a39fc9aa74e64515c3795951ef5d502
507.0,f1b60c2a411c4ae4dcb7377f088f64a99d43be99
761.0,60f280b5ad6b2cc4c2419b2c7634d4ae253b53d6
699.0,e4d75fcfb6901af25f51261085a3da6ea770553e
487.0,64c50cfd35016b24d09f1fcf60e8d6fc2d0685b4
671.0,915dd237450120c6b658c95b4a87b575b8df0cbc
620.0,062d9dcc2e262d8ceb4cdbca3241a1fb9875e5dd
1064.0,f27ac1c110da6ba117ce93c5631c779bd9683a8a
405.0,c6668bc23572855a9cbc22ddda20c106b3a87b90
946.0,819f66e5b550e8881f2a650c0d70bcaa01af8ecb
373.0,12207f39fef560f60e51ffe2815eea843fe19850
897.0,3fbe8e7cb3ca57fd8656890ea7855da62d2ea03e
84.0,643cd4cf589e1a88bb3dbc36bd5344e80e1be514
1116.0,199a0223e044ec3116879e67d2b924050e4afa78
149.0,979b5e711adcfaabfe5d10087153490d8646d6f2
771.0,99c9040c3dad802fd0825dc10a6b09b0e3beb017
381.0,4e9fe6ad1c36bffd01aae4722cbf7609d230efe3
276.0,198599daccae583939a7219d93699bbd32d13525
938.0,b92743368bfc357f72a4046e899faef899ee9972
231.0,e4f571970c8da2c4ac68f8b5fb751ff13cd3b154
589.0,a39f5c5cb38143e8d185e48af8315ed6e5d45bf4
361.0,764f69a47bc242383e992502491a1ae0012f13a0
977.0,9494ef705003a99b2053f2b4084e9346b6c279a0
734.0,a7a7d09f446cad7f34be04ceb47bd8512b9cd344
607.0,7110018a8bda23d9abadb6144d896fbbe589279c
686.0,bad238f9964b31ceb3f1801d7a5e47c1b2549383
1154.0,bc7a5d01001df69f9f0c3dfeb94cca92768ab696
198.0,4161f66ccaacc57b445f1a1add35c429de84c63a
1052.0,580639904c07c4b29376a144d15fa00f4cd39b9e
117.0,15a88ea05d5d14f250f17da6a3d87f9bb9000024
1051.0,9f2d61bc234cff3d33be9c526d8cc38c9e475063
134.0,750206c779060ea8b1cf19e2058a87cd536363e2
821.0,b2e572bf8291c54ea0ced8a6e43444ed6ed2c744
982.0,0cae7e20361dbee41fb8f79d7ee9c763d17d51e1
548.0,d7117dd4b55ea3956a543fd69f5af5f74d0fe3cf
334.0,08c1444e73ad11068b7c4bff4589310ef6ca566f
1028.0,a7632361c42b33e4474a4ca5363bddbf57484daa
7.0,fe2832d8b0959e486c09d1be23c44e16e83d5fd3
539.0,eb536a6f64672e54e4dec346c8de602d7de435b9
576.0,8f4dad15d4a7789b49e865cadda882aff7f817e4
721.0,6a58bd08d98bbf4f812dc347537c8d4ab3663cc7
368.0,4055b726cca8d3c698968a96111050fade53995e
383.0,8ba1efb9218e96788a7ac692c58292303256f4c3
501.0,5844690138de221c80be35a6b96382c666878a9c
333.0,27c2eabc08269851ed97f3d79781aa76d4722ec5
602.0,72afbd8e77d0400c237b645e86638095532b2e65
780.0,b136196f29599c223db5323a8020ce3aad40d41c
103.0,39a039fb8eb731495ef5774199502154a08e75ad
490.0,c53221c38574711cdbd9e30ab1705967d4e96288
644.0,132f2bd7583326f75a8673b9b69b08a7e7c0960f
126.0,05865f4b39e4af2087ae89382bbc9e4c42f69564
710.0,d62f1e5030fc5fca0428144b5b98b6438631b018
960.0,589c2abdfb329d343f5fcc41f674993677f01607
271.0,63c45121abf9afa230852d6d21d774f324d91963
818.0,c664738a79f20e2c2919177a667d586e4f802368
1153.0,fd775497547bb51e3d3b38590cbc83e54afd9508
843.0,9764219f6da245b5febb81b73f48dadd8a699471
343.0,65998b263bf203f07fe3b0db4917b3d836e5d504
782.0,e733b0ea914a6744f7ffd96569b75437244aa4de
448.0,37c10e45c8fea5753f1a412f052e840cf53b8833
260.0,72d435338209917e2e9f6624af6591f995644b98
12.0,f2ecb2ed6752fa6acd476c47f1e17eb4f0c2f051
83.0,1464a3396f7f9dd8737b97963a33cd1afeef421b
254.0,6aefd3d2a5477ab60137dc521b0a1cf5ddf1418d
187.0,9ea8cadaccc55f10a8bec5804573f740d51bdfbb
