issue_id,commit_id
1132.0,8d3ee017c58ded9e994a7d97c58bcc5d6a2a6e68
2180.0,bb0e755c808a8541192982ba7b86308b68ff7657
816.0,2e17ad7fd42d8575f308af9c17496d38ceb72b5e
2467.0,0a1090890f8425a69e5b004aceb04fd7527b8e35
2804.0,99c56eaafa05a34857623d5318c5bccbd634adff
332.0,f034d8d3451f590fca1badeac5da0230bed9b148
601.0,b5bb49d080475e4fb90f6a47dacab60b53470e9d
2414.0,77b98a2762b358b1e90c350a33971a91f8a9375d
3253.0,d5fea5fa1da0c56860e7023e4af3ba2eb0097dd7
297.0,a950f936875fcf7acd64e66273485f770b09c626
82.0,d12d73263f5d1664a65a42f71f19158b7e07ef2c
2366.0,094b116c7fafd7716de2a4b729b756868f4db3ab
59.0,bc00fd1e83f23f57dd6a765b6a4bab2394584ae6
2149.0,6c9ff85c3f3c98ea85da5f789c092ad7926af0b5
1483.0,5c68b24f645131993c2f474ee2e91b8845edb974
997.0,ff3ef8511ed7c507ade5ebdebced7177665a3414
2607.0,e21abd9da5fa755d3af96091ab3a181b7d6498b5
977.0,02eb9c99fdaa0c3cb3179ca5a1538e87ba6f13f1
921.0,76e2f9cd0396c71eedf7e3b1dabf60f36585722e
2916.0,393bd46085fbf308e8b4e182c43f3871df4ec191
3270.0,31d3c7e71941c3a1800f5e31064c9862da473d86
3266.0,185d7cbab279ef7c27b46694b4b6d93a8d6f0421
3157.0,2c68f86336dc8729f58e8e19af0f49c269c1cfaa
2647.0,d72612d11e4f4e5d682c8986acb42ae5e8e97e4a
413.0,0ba758d448ca18d98bf05dfa2ad48b59eedbb942
2565.0,c2bac6de8c51b4ad687f04d5794ce9c6afdf38d8
2298.0,e706b5e5448b837f34d11107e9f9295f0e5a9780
3142.0,8609b7d840b2430ade985465d87cd9e2f09d477a
2320.0,701faf0724d8aa18d7ed2907b63c143725dd3e7d
2117.0,5b9b180191016044b95896924c7df55cbff7db93
3207.0,976dfedaa9efdb566333ea829b12751820268f67
3185.0,7f98a28432f2059259a5b8e5088322fa8f42f829
784.0,d56d96c8c253a86b5abe20d92584a50017470a06
12.0,88f671aaaef334caf3231095b119cac094ff5ffb
427.0,1d1db80e062bb576cd542a7a3ca990360c5b57ba
2222.0,1d4448abe335741c61b3c8c5f99e1607a13f7e3d
3462.0,982663d0631e1cb3bf4e66d567dc83373a3046dd
3101.0,c795adf684718142d52975264aa059af23316e0d
74.0,bc662a546ed9028d93482f79314e64beae19a1d6
59.0,33e7f2b990e3889d6aa9cffef4a4c9d7d0923698
582.0,18413ed1bf08261acf6d40f8ba65a98ae586bb29
2297.0,0c949089566cfec9b0435ba6ada601acef8f09fa
435.0,561775cbf677f72d6d8d505af79c114bc750b6b7
1669.0,f267191cd81d67de3633b2d5bd4d9bfe4f44e0dd
2470.0,f071562ec007b629d5cdc1374f8df45b74acbb7c
2199.0,06112a555a9398701d3269253355c214791e1eca
1887.0,63ddf2d47997299002cda290821909c02ca80675
3305.0,d0df619263c3264d11fbb8a11698a2b73a08722c
2580.0,26f413e1e55d3b57fa164114b39f6cf74669591a
2556.0,b786585b8f5302d707a66fd306f0c79946b408f0
3401.0,af5743f6bd2a62072657830d3585b98680e1c203
262.0,eb6549d95a8e9c28f9e4b89c28e370124e7452b9
3054.0,717f9d33ca7c803abf781ad81d3854ddd7869900
2075.0,ec9717502f36126b8a371b73a5730b2092948ca2
1862.0,a228a3b2cfbc53d428f6cecade8b5b0fec576f03
1244.0,13bd8586e997bccc7d106006aaf82eca0c4c6d6d
3067.0,b2765893e6bd64787ab14b1d67eb7d29314f1bdf
2939.0,d3e1fed7773d1a85a9e2b434c375822edb904619
2581.0,40745bb338c45498ca19010175f341332ab2eefb
630.0,777c0c56b5768582eb57607846a945f94c37e154
2745.0,6b2127b1e0ef474aed91a25492e18a361ad7f364
3492.0,b074a2eec95aefd252af9be120078cfa6854a2d9
90.0,e5008386b1a7e0ef3ebb5a4082bf2176d7169ab9
2093.0,0e79aba40d2497218736448ced708fcf4f8943b3
77.0,9e1111c2fbc2c7670eb489df0262a90417b96019
310.0,6dccf775468ea0a849d3c1c3965e3a1db6a36a3f
2991.0,339419117fff06fa89124d04b1921b61b8865d80
309.0,7b899c85103996d861360a7ce42ab9a21bae3f48
2340.0,135f85a19137371cf4870dab1710618b61fe9183
57.0,a6617f44c0416c6877d930b312e1f64df08eca0e
1014.0,470014a2cab1e7d416ac94445f8aa766eda72c93
1801.0,8011e1de28c82e5ab5c9727d10bcba997e8254ce
3082.0,0b5b4a66ef99c8b91569dd9b9b34911834689d3f
3178.0,5e378b4f28af344702a65fcce85a7d8574674860
2354.0,3b678b7927e38af1f50cfaa60e1c2fdeaf391325
246.0,4cb6eea8f1e1edc707874f72cbca43a0f698ec7d
497.0,a9e753f7064e38e40819b49a51491e681dd0f42c
930.0,2506c0b9a96d48f14624acfa552fc88e38a542ae
2326.0,090109b63772669f838d4786ce9a2483e75478c0
1813.0,b13e83a2f228625b66c04003a1df7f8e7fb4176d
417.0,71a97662663babca96365e01bc2017f9f178c95b
16.0,36717b02731ad7d86ba8effbe27e70405e48cd9b
2559.0,eab030f9f5f8f488362fd359a82e000991a1e7d5
1290.0,45e901fbf828addfcd0984edfa495d99d7155d9d
2691.0,465b48ed4e4af52493df1febe4687f53032a5e0a
1578.0,00c200eeaa6af7c5c25c37471ab0313ae26651b4
2323.0,849fc4b90c009d9bbbb604b2997d18340fb7ec2d
3103.0,86bf9dca72cd188813e26ef5dd972101ef8983cf
2210.0,d2a0b2911b9a32fb845d2ed174b677bd5833f917
2089.0,36425d5f91b57210f7707de9564377fea93825b2
3232.0,5e15850532be5521dac7082b155b15b83e1236e8
311.0,e942a0974f945bd4551482ecf7e29d87d162d0c1
39.0,c6e6792cd52022add8455fc792b2ca73c62d3d65
2135.0,49386ee69e92aa23edefbfff01fd425c5fbe33d1
392.0,7ba5196ba6230feede5afc24d7eff4fd15742397
3273.0,2675076cb77fb5d37f54aa05473157ae27be7c42
1441.0,e99fec26ab1e8b11d93a84ed0b74c3406b01494d
3065.0,a656025c3bbedb1d8092e553cc799bcde375db3a
1144.0,60260eb0f0954ceddad559161445848214a50ec5
1872.0,2bde2065e646a67665cb4eaac3219e78524e29ad
1795.0,e8bd2c92029455abfcbbd3e10b161f9da0d269be
1117.0,02f0c755a36c382f210d6654b84316745ad2af00
2120.0,0ba1a872b7aac48efef9028e7687475da34eaa39
2017.0,f4a1ca8fc87bd28ad75502a78005226899e08a2a
430.0,f7bb2b5f19146cbaed375f29520f57c3c385762f
299.0,505cd663cd75b5593a1c9db0eded5298bd67139a
517.0,24e01318d31c6a541a44636d3a97310ff814d0c1
3669.0,36e6fc8ab8418d7d8ead6ed0196b2bcbbc9e91ba
414.0,8d7ca29a3554d20324ed9c75d9c095dfa8a8c439
2504.0,a35fc3cd6bad4ba8891af75fb9a1661f979cbb0a
3260.0,f7f1d9de3daa84ba968fd53553dc8fdb277219a3
1875.0,62aaee02f754c74e0a051097c869cdabb0f0a09d
3427.0,25a5d3031167566cef0fcf38b54afc6b7dcf6e86
1716.0,d5308bb80c47a645dfcc06588bf173b5c3a3887f
238.0,c7ff139481f96316d740a34f01cfd0f25e449848
1240.0,6fcc2ae3f4536e4d2651c1a00abe2306212a5bfd
1000.0,872094c55612976bdd3de9094f7f8d13a38fee48
1703.0,7df543d5dc48c9a653403b1be2c8e83ba0f6c7f7
525.0,9034461e5bc3a3e75c64b603c89a28acc7bd2144
1593.0,84a12afd4dff0c58aceb34c7fc93e3eedbe5005f
2353.0,49f3e96844b5dfb6459412aa68e3f25ab3a65514
2693.0,d8bf589d4835ab03daee3101a91c80ee648e72b6
2213.0,5b83f11398c8d0f8f4158af05d187fc03508f01a
102.0,38107c752cf959ad69cf4f35886946bc947f2bd3
600.0,f8b6033a3b86691470a36db57eba17d996c7d5e8
2530.0,03a2996bb89a0f35f82beb389788539ceb58ba46
1342.0,1dcad60051d5f8ce833b7ab6a37529c6c4a96d96
1821.0,c73cf0f82ef011ac4dbaf00ce4e8318fb9fb53dc
2254.0,8d515a644f4d1a508e5de85d1ab991194fc6394a
290.0,63876614b6734e6404f17c9d3d22b71b3f43d158
1030.0,c73d740e571c5912045adb5e2dbd3b9b3ff15a9d
2278.0,9dd0a0a29f3e384043369a4e902d2a55e311795f
701.0,6309987dca72ebe62539ce7b851a072f4e4e9173
2398.0,641fdeaf989c31125289390fe62601b879d1fae1
2318.0,81c2440a054a0aa9110ec1d5aa0955055c08050e
3124.0,754b72957854e0b955fe973d169daa27a2f98ef1
3369.0,200ce9bd39c70a7782ef8ace0338ad71dbdb175d
56.0,707b30749daf407c07b5b265bd892564576ad80a
338.0,51e4a58a85bc1500d1400ba7d633d570f6296745
1872.0,fe5f714026b68b1416c3d3985bce5063901c320f
1208.0,fa610a24ec326bbca01d6453548a1129178273ae
86.0,f5b8c082847baa8a902cef22c43a5d50d7a55bdc
380.0,b786eac5574e478d51314333fb6309456bff7b76
1057.0,da1c1f0d7f8e2df19eb320b176021511b7d05b76
3199.0,ded0f68c16d6eeb95abfca925e29bff70b026e10
800.0,afa33e37ecf1214dbf7d619181791af70e600ef5
1012.0,5c3b161c9e7c4cacfe789a8237b262a7549d37fa
2326.0,7c0b36f1467d2d8ea5fdc572d5edfce476a6eb89
2917.0,d5665e4ba6cf4f7eabdc0be047952a27965a455f
3315.0,b7f6fae9b34341b9be7742b86f6caffe07fc6f25
1848.0,19b134002cdd6be9f3543a7b6d18b4c05fa44fe9
1150.0,01450efc25277e8832d1a00916af009db8a07dcf
2196.0,c43560777a3efeaeaf0eb47568171f04103dc363
2217.0,19d7e6532f9187ba8a81b2d2ad9afe03e5e5500a
1456.0,e7d548595e8f2f03fb58c827bef8abae2f84aa59
2282.0,ff361d32a9154531e1796c2e000e23f9d66ddcca
660.0,94a9b9665b6a0a5b1aac46c4212da519205a22ad
44.0,cc8332e9d99c08b77614e5acd7bd0e6d08dc29b6
3410.0,42942ec2910420ff6107b9da839c93d9c422109c
3299.0,d694eb443a6243e248df974e9cd64defb591bf38
3247.0,d4b688bd035b9704b3168b28fed39c8fcfe3b997
2342.0,aeb82a404f2926613f83070e039de34cc5842b52
891.0,544118bef94e647258a997ac3b1ae04625164ed7
1812.0,c810fae9e835ad446e7e9d61c12bbf2f6b597109
2080.0,4eca29f68bba819494e91270ef27f9c2f4b57bb2
725.0,3d9055b3b73b1d09f933bfd070f704e9e8bdff2a
2646.0,cc6c618f4d8a0ba4bc648f5a6ec226df4f8b7529
3560.0,a40c381ffdc4c28a19a0910c4da8ec54e3ae63cf
782.0,fd9bf8f37609f220f4829050eed94df208543c56
1918.0,663d786f6888bbd308528284b6a26d433ef314ee
2212.0,889c0ed1964f48557e532f95f9003c5ee6e2b727
1242.0,e9160473093ce7b2a4e867de414a90a9094943fc
2072.0,de1652467b0584fe9ee4060bc42101e8255838a3
2002.0,e6f9d2b41417b442946acfede9200d361ac401cc
313.0,434c19933eb445907d73b9bb9e4973d546f5ee52
1560.0,00d6e339ec789e7b92007297e840a671a5e38a7b
669.0,6fa449de00ae89bb1d1ae5e6f793b60d32c1ba76
3434.0,bfa9aceb03fb728acf90436e1bb47d32c0ea5a1c
2630.0,79f34f1769477d9909e4fe0830c48b04208c50fc
3473.0,8973b58955df185c6502389a6e91b7b262a735d4
2964.0,0f56c0cb04c4f63a1ed439cbb3fc49d8c83f8f65
3579.0,cf5b1d028342a2f7c929a23d53367addf106064e
1886.0,f0c714a01bbba070dc0c7e034a2d174b2e904d16
2373.0,1e112cccaa94dd47e43f9466d859730c412aff1a
433.0,d94efc6db63516b7f72e58c34ae33700f3d9c4fb
495.0,d90f0afe39724040d0be92df054e2b1438886134
1854.0,fa327fd4fadcca746b466dfd8dbd166a50d8efad
3659.0,9075da126c9a983917b9779dbc826841813eee3c
1112.0,c048aed65abdbf51955367b95242a53f0219853b
384.0,09370c3f1c808e9251292bc228b6bef4b1223e93
2622.0,f9c6f389ac71b1354a07925785ea4738bf5ba496
456.0,bb31188ec3882e9a6c6035b7a65ca257d424e31a
1431.0,aaebe9fe252454a319de1f0e583d0e5a8635e399
3059.0,4d37acad21b3877f4881daa55b808b809a391e84
2397.0,cce6e7dccc73c0bd86ab0c978a033bf85daa0845
3169.0,f2c854060adf021347a6c4217fdb06a77a38bf58
2331.0,471c7f3220f45f60a56515f9c1dc55c794b6ff36
2332.0,c5be20b53ca577be5569b1a327e88991f2ea69a0
815.0,af5a0853bfe36d547af93b904729a43fcf8cc55d
519.0,1f82d02b33dad8ac7a4aa49e690767027690fe1a
1343.0,f0b4b99930595f164c42f53ad9968071ad99c220
1811.0,bdbca923ef26424f605b4c744131512a5edb0f1e
1450.0,61f12d6a8d113ec1c20bfa518efc78dd5b4d564a
18.0,8d49440d8b881b2df2c10085a58d3a4e4085147e
3281.0,5a04590e9c1f2aba03c2bd70a8b5fe1a18eecb56
1346.0,6521c36c681500d94ff3b624b6c633be98844adc
743.0,3c5d7bab26cf63b677b23ad9f4620e3bb6bfc706
667.0,b975dd4667ddbdf3733e6620d2329596db9dbfad
2709.0,5fba092c22bee738ad2818d587d75ae17be882d1
2148.0,22c613b8c44b74f4756f1eceeedde99b31144a47
3699.0,37551e6798aabefd549340a7d3840b7648b413c7
2412.0,59f7966e3192bcf478a213ba0aa9cd3bda7da4e4
148.0,4b65c7ed5a31d56e194817231eb88e1083ba285d
2739.0,4c8ec8f555af8aeba5a48c3c4cd9cc39c74dce8f
3175.0,819368a52dc9eb0ba4e20195783f2807872dabad
2624.0,4309c7c6ea51e5797604c43ba858e5ebe1fb1674
2344.0,57974165444d551d281ae25171d4ec5e571c5ca7
2759.0,a3272941ce76a212e9d8d55722a0b230b963411d
3282.0,6665c91e6fad7df5997c8f3ae2136049062c1b7f
1942.0,17685da8c069a1698b893cb6f5e41957f77894d2
3137.0,eadb99eb93aa21cae3ce907006e62818319fbff7
2295.0,a0e38a8cf12ea2f7ea99f17c6568afdc1e634b72
3620.0,51c87e6199b78cd3b4b33a5e47c7a135a772f10f
1730.0,9f9e1fde8fc91b64a0cf99bf0debaae5806a2644
2314.0,e2067649551033c74e7937b89af9a9874a96d279
41.0,854e0e26d16408760072308c44b9160a9fb39abd
1135.0,9d64ff420fdde3c6eaa6d573d41da3b2f587422c
2592.0,2949306b7bc44e3f74e42e8277dfe13475b350eb
58.0,f5fb4576577cbedcedba9eb16d9fdace18c9292c
3269.0,6cd92ebc323d7f3c8584f155c445696e8a2b057c
237.0,46ecc57b7c29cd017fd841aef37c5d767cc538e0
1884.0,9121e109bdcd8b2a50bf53cac73b470232d126df
3204.0,814a7ea96f1f0aa124537cee98fed0955ebbf6c4
2877.0,21b0aa6dd8b471a72af942a84d58336e2dd68fcb
747.0,915d7180fcd0defd23384e30b630e2cb31a39222
3709.0,632f85b65354ad573bb33c54a0a9dd3ffcef371f
2261.0,c590e820aadb9134a7fb19fe32c8ddae37199ec3
2309.0,3acec5f801864e8a6fbac759e45569950dec719d
2231.0,d04d36842b6c0c9430dfb3d1129e5cfa5e8bac3d
1318.0,e3ba459abb026c536e60a3ba2dec3e30b53003f6
2284.0,f0a6dcfbb8cc526f19aa4e672d3b106c65cb18ca
2711.0,324b4ea2559f42ca710061bcf6c85960a1f2d2a9
562.0,0f3bc38a18909cae8903f3229a2866aa64a52b2a
3237.0,cd4023d9d2ab630ce4f95856f065072ef8badb2b
1532.0,671c1ee0022ebc561a86e7c18ba97b2b81c24ead
1499.0,9ddd3e9084b9909fccdb42c55f637dc8b671beb7
1671.0,431db2874b242316051963d9bc4d5653b3647acc
2311.0,a037762781929a9a658250f3247bfd131d634b0e
2686.0,abba4b2a74634bc33a85cf5d512de473f0a3bfaf
81.0,ed16ae2183ad44a7ba89aedd331a180455ed0836
3391.0,4bceeccfffd09cd6d02489988444e25b07f32ae0
108.0,2a73bbc436041875f81aeffd5b8f13c6da8fcf19
751.0,7f35fc293559e5c809de78909872896236100189
2322.0,cb94f4c5d3d4e1797207fd03d20d06c7bc0d05b4
2352.0,62406e667c8004cf0367a3ec5bcbed980cbc32bb
1748.0,1a7fd980f8579bd7d7d53c812a77c1dc64be52ba
2341.0,4f689c41d9d5aa1161b185de9bd7fb6d85b6cc25
591.0,39329bfc0788e1475038f9c65cb350daa45b39de
225.0,8e928a2fcbac6edca918e9d4efccc4fedb418292
1262.0,eca53063862fd487dbce6e36fc42fae80f1494c3
739.0,d395d3684a6b9243ffd9091ea9b28275d90aeb91
2286.0,65fc888172fbff89a8354e8926a69b4515766389
1062.0,16a7dd06aade99d478eb183e89ede87d4b55a3f7
2897.0,2308cba407884996047790bfb77f90ae17bdb2bc
856.0,5207c69064898f513c0b08110514f3fd39e5a4a5
736.0,ee013e01b0f0007e4908458fbb8e60944c40a6b7
885.0,9c434ebc679087ece3d7464e39878e29dabf1951
1878.0,3d72099dcd8dfdf127c23e7104c19bd70ea18f82
2738.0,27d56c1df5fc977e17806b466dc74dfa9a98689b
1823.0,e83d608d7d34c7fe8b98d468eb5d2c579ca3b7bf
2593.0,c3a997864efc0dfa725f21248ba0fc21a9682faa
2307.0,cd593bf117b7747c5c5b5aec8476315f9b2fbbdb
657.0,3b393f89f66733f7824a50b33b93eae9999812ad
3154.0,ab3f92253388df031d2947a5a76c980cba7cb694
345.0,8ae6ced82db441d0696ebfbf2e33e720be1008fd
2193.0,a7f1a21c1204828388eaed1e3903a74c904c8147
3170.0,12ab9f9c0d8445d5bf2e79707f9ede194a6c6d03
3290.0,008d3388b9387245bc0df4887dab3671fd729646
1679.0,7b1ebfbc4d517c2b9de2e4e4ddabffaead1190df
843.0,36d70d8789954e9e3e5512d1df2215119279a7c4
817.0,08931401e8fefa31af2432d27b2346a96ffe8e2c
1291.0,aed464b92bbd9bddba2684304c141b9d65b7d01e
2969.0,7e714bd28b6e96d82b2848b48cf8ff48b517b09b
282.0,e8e2e934096f36edd8e96d554d06c0e330d94913
2055.0,88120e9e9db38b6ccf851348542d5cd88e249881
2720.0,062745b23f7abaafb144e3d94b6fbdf8ccc456b9
3456.0,a75315028cc7b8219f2ec28c7c7c7beb92c113c2
2277.0,c01ddc59b72658ec4efdce0f54c1df3f13dd03d7
1902.0,17d4cb3828b9520be6c4e64e6b7548a561aa6e7a
67.0,387be22f26b8065d29e311723bb8a50a74248534
2222.0,c935eaceafebaf167f6422fdbd0de3b6bbb96bdf
2362.0,b80cf057fc2b41a5f642c222dbcb79ce28d3fe0e
1573.0,c0087204e5b83ad4e3983d07b66d17acdde0b9de
2321.0,89aaac7fe00f1d8fb2f326310bf813430fe0d3bb
1728.0,2bf477cfeafd87c69b88e1ec58b5eb67abf756e2
745.0,4baeac07d97b73c1c7ca14c9d5ca7ff35d583165
3616.0,5b1d47f7e45ca6304009156882fcb6e4ebe55fbc
1455.0,3fe68c221a41e8b86107281d869eac435e2a4154
3051.0,c9245609f4a2c23103bcb5cbfbc58ed78b76892e
3182.0,dbd38404108f5c3c3cc31310a3eff24aa6b262c9
1135.0,0cf5881312a2256607cebe36938405a6fe5a820e
326.0,c6316132b173f96a6f5a90ff3b62f706f8a62560
2662.0,8c0d8c1c147a2534c8ed60f7dc62080371126c18
501.0,3afcbf160eff2a5ab6ac35a82e0719f972df8972
1733.0,4542bac4d43efbd2422a52714f96c0dedd08e2b4
2364.0,9d829934226a34c866ef56e6dacc15c423dd02cd
1051.0,367a168d867d9b1b36485c98d9c6e5ade1d85686
1588.0,e7367c9bbf7187d1e3650093fd4aaf96d879a331
3694.0,6f2fdc5ac4ad869a21c4c0281d7fa1eb8aa5a689
1781.0,de25e98f917ae441d186e8a722a0f40a6c7458f2
2928.0,d9fa28ba68809aec8df30c65d7ab1f8a5e0514c8
3674.0,3fe5eecc2b57406bc9f14dbcc4fb1a76ba4ebab1
2629.0,b16592aba0e9c60c9b3329c884bd9236a35168c0
2962.0,70b45094ab3d62b919a84f8fb8376e6614a98dd3
1558.0,751fe451df7d0e03754a02a52e4b59152b37891a
2910.0,d493e3e083f7565f9b158b12445a994abe9a39cf
489.0,2a6c80a37d8a13516499be791100312576cf34d0
1846.0,390cd5e4eec8340d74e8b72b2d51a5a3eeef3842
1520.0,ac12e362c4b7fd765b0f6ee6d1699d027ee9bffb
1364.0,8c4842cf1fc82bc68ff65a2bdd506b46fb4c0fcf
702.0,ef62e8440e050bb8791505f66cf48f1b756571b1
80.0,f8f8463f3a0e260604b066de56b0a8c7d3a86db4
2296.0,88b0213357d5ced865d5bfc4d54e9b14f2bbe146
3563.0,0d04b40d130a49cef0609ac95be48013528e97d9
931.0,e95cef66a3bd2d8ca751e36d111cf8f84dfc5586
1360.0,5164be092a7e9ece7e5e23089458f568be7b9eea
897.0,ba36d57729c413ba41aa0b9504f3300c43bcd483
1851.0,5cf261a2876cd311c7abe17c14da733a48a4343d
294.0,7155f11a723695352323d484610b9a1c6798eb69
2752.0,ad09134c8e124d8e53171b2cf6bd75b8f2819188
981.0,9f2b3d815ec39279bfb838221580a36378a0de20
1883.0,bbd6c8c791ffa0f9f30f31d17e47e8fe8e587526
2591.0,f2cf4d04494cd9d57da6be05debc0967888dd927
75.0,a154c87cfca3e21316552b2ec558029f9c96122a
1869.0,f034d2e271403c7b3b8a1c2728b2320ed157a037
20.0,f1603d33f266ab24eda604f76632fa604b91e3f9
1418.0,dac45f6c5d2dc69a59561dc70579cc16a980bd21
3235.0,52f9aa7ed6ceee6b416eab39a4f785d958245937
228.0,e3d577cc2a87cee4e45f9939df1d6d5d99f4d943
2416.0,851eaa4db7cef513dae35286d816867d68a72049
3381.0,9bdc42d300c63f82cf3aad872d606434fcb8cb97
2302.0,65b61aa7c202bb26df53e2cb271269fddd95aeee
2811.0,b6a8f75c70a0aa72d907a37840213b84f3595f6c
1225.0,84efebd6be3809388160e8654d0fccc9ce0b2395
2228.0,a63a4cb034955f5d9c4b14f87a5337d94ba472a1
2022.0,3bd12b38a80362f6656b834ec04c95f1ba4d83e0
2837.0,827536e20ad2079f3f50db11aac03e037e98503e
2286.0,378a11f99275a6b80d365a5d51d469844bf9ca17
1509.0,37474871dc66ddd94f970740f773d9ffb6c0f4e2
3382.0,941bc9ff6019117c9aa341f809bef7e0e54d0ebf
71.0,7ea1b801cc1f7d09ee18e8d70957c9d34b870700
2795.0,9c0e110e233f67f1853a4ab8e0521ed4ff8afa9a
539.0,7003fe61352bab3a1dc62d18dffb00ef749b050d
1429.0,06f2be3ae48e6a49f9e4528fc187dab0af0ac9a3
3190.0,d0bfb065e5c2d00927ed192c4ea5d8a02b4e19d6
623.0,2b30900e2c007cf39b3d73a8ad53afe2f29a3a2c
2935.0,e08bcf9f9700180a09f77f52604ea6de36fb83a8
515.0,9f055104ad1a8bfa29c8cccf830dea196b5a9344
70.0,3ab318a7ddca819e13d6d161b008b62b6583453e
2346.0,b7eca826aa94d87b85a998916f1ccc0d3b4591c6
2316.0,ce813ae5214acc91b1686e09559bb3fdc28a74e9
1234.0,54def6265767f1ab134c75b18bd7c7a67a176a1d
2842.0,81c2a1e47565708f7af359503ff61f16558007ad
2748.0,a6a6810d563949303bb820cdb83c63714bf98bcd
133.0,1c24b62727704016813a44d7c677ead0b6638c91
2330.0,50c6df709800ac7504b71209564c8ce5b746d2b8
433.0,146088d58066f16ef4bc8172f8120402517c34d3
607.0,b2fc9febdda6ce4c90f1aca351c01e8b71fde11b
2259.0,39d55525ac8f674b40be5d1d3160b9fd33ce501a
3241.0,48d0e86313b479f97cec1a9869bdaf468c248666
1631.0,0030f637c5efe5ebfba35b95f1ce592641d0f969
29.0,a921aef6c47cecbacef5173f03c07c52e6bc8fea
859.0,2aa26fff04a98f2435e8e3015e92ef6108d3b485
1743.0,d45445ed00f5d1839f19f66207ca276ebdc034c6
2825.0,232e5c81bc722c3ea87f15d0f95f8b52f064fc4c
438.0,d626787a3461edcebd38025269f74a5428f64edb
2141.0,fca5577a0097e876e8f8e8d2f3961a40fa44bbeb
1996.0,78a71a48dcb71cb930d747d9facef0dfa5a8f022
3349.0,12666af6b5474998907310b2f940aebdc3b5a362
1987.0,5044f3d6101e5915963a497779b6ad1166a7a388
2343.0,90389140cc192113a0c08c54a2de22a41a397702
2993.0,877da63462d9a7e270c295d898d689aacf155779
3104.0,2fa30f6a9e67e4515c85c6fe776783b058097498
3673.0,47e165d6d560fa502e41f152a69b657cf95f975a
3344.0,4a8e75b10a50ae13e9b61763e680f3c9fd518ed3
1325.0,7ae1c5a8b928f29477796c24bf62e737cd577bcc
2071.0,6478d7bb99ef7dcdda19ce3e58c00500ff72e60b
2694.0,aab4c8c7452ba198c6096face53ac2b7cc6460b8
2934.0,38a391815b4936e9357834bb4924e09fc4384e9a
3406.0,2659f0a5e62c9a97ef37dc2ded3ca8fda3c53c9f
1358.0,3740ae492fa4a953abb86fefd025fe12f33fea92
2067.0,77af942b982a3b07669362cc6bc223026bf039cd
862.0,4c0253f9fdd4812b979532f1e24b7f0ebbd1626d
2068.0,fa087c89298e0c91abff45b3ee7033889d2dd5d7
1354.0,c282ab1ce2c93226ed8f1d44b565beb93391312f
3284.0,6d0e79b33afe47525958dc23c1ebb2eea70f25fe
3063.0,15c079f500967543c033ddeb113febc1d84abc87
884.0,47a41b645f627b9b68c70c193cb322f56bb4c12c
876.0,7f5b6c692df34cedf28a01e46305ec5c22697a5a
3162.0,7f782ba84e18d327ff25d40dc7d5719c8a036258
2306.0,5b0b9717da958fd6325c675d92be4f6667796112
1865.0,024fbe5a6076d0f3f793cd4a66d0b50decdb2a1a
689.0,8a968a9378b4db323af71683ccd09b810afc2bbb
2371.0,2c97ed985eaef9663bc72b1bc6b6d35c7d69e60d
2724.0,6f84cf4e4b4ab71d950db28d1b0776e07a8726e1
484.0,7c79ce6e418f07a49be8c25a4c5a40e5347be257
1594.0,3f6e8c6ad586caf6a60bc73ebd52838a73074ef1
859.0,6347e75deea2eda444c60080fda3885c1fb7705d
1247.0,b24438b2c9df81db294d3c15681f7faf9a135970
3236.0,91e53da054c8e923ad6bf45cfb4c12de029de1b2
693.0,ac9d8b09a5f8d3d4580cd432ab05eab2cf2529c7
388.0,92dbe3153a9e0c007ecd1987ccd5f3d796c901af
1827.0,70de011d5102bea6b97010643cf36698f94f97fb
2151.0,9900a72fe7992d873915af68f7d52148e738d032
1814.0,87787b130b28b97848e57b2c838e92186755cd21
3159.0,00ca5b7328fbc5b11594ad448343ba371142c43a
2350.0,c7f433c49bcd752a057020ba58672b6e441eec21
3011.0,80f14e30a204a76520154a613998a926f920c0a4
3183.0,1dda032b00cb4f7a783e018a7c370ee88f15e797
2555.0,05e3840cc2a3ac6233edacc75fb38ff866d6bcbd
2223.0,8b45009dbc22508ca6d9dc06e79ab23914ed14bb
3240.0,6e995f23792c1cc1809292c770d02797d80622fb
1840.0,e4c712ffd2682f963906e1d0d27e67b7f83d95ce
2303.0,c8e56d58077d29e2c9478f133b3c69ba73deead5
2442.0,7d4703e98ab64fa29f6ca50b72ca5a4548121bb8
1134.0,3c48bf893590fe87445a735584591201c3085e35
2699.0,746b91dfced525651c9b71a3bd075a78d2b9262f
2784.0,b83760675ded7124f8a7c2cc49fa8d7eea438233
746.0,77753e9b73a8ed8f908e2877455f629ea6e7a6a4
1648.0,dc07e26a8f99c43c840e5c50357f55320022003f
2994.0,ca23b7b40638c48a72e7be4ea5134984c399b502
2729.0,32e813f728ca5d8ac662231d8fb1aceafcd85412
922.0,ea656a89099ee848c42c871a8407242d853c0a09
3031.0,aef4159588be8bc245243c80e5032ccc79092f42
3248.0,53f5fd234b8a7377c401ae88e2fb6c29812715d5
2305.0,54a18a5e94116342b2f16a8d558cce366b644a64
2325.0,4ec1fbc9f52b4b3997a1978ab3390a5a1157ad6a
3541.0,f991a898100359684111be1ddef7bb60ab6f0f9a
2258.0,71b7c4f5f89ea5e95dc7881797ca7d3a06b97e2f
1954.0,5f009374fd28aba381f375391b70ac131926bd9d
143.0,2ac1b7d4388209d8e1309ed5b43ebe8d023eaa53
1349.0,4082fe65f3ea553ef954b1cab0202259809e27e0
100.0,d17b6d738a0e9f8a3dcf4996a65de6e3347acae6
3244.0,b61cbf8ab437574d4b041e49a214240b650eb1be
1868.0,ae97ca855361dc47b45f85371d557419c0e764dc
819.0,a2bc61b5ab19e899735f8945f68123b4cea570d5
387.0,fbbe14791f2d417bfa57618eecaa503b69f459ac
3374.0,06507ed4e455dd8b94242d4477dce05b1d95c6c5
343.0,69e7a0a2a0391ed1bdd102deffbd98137790f959
3272.0,6ed68f015a50ab35b84a8ea71b0f846ca6a75281
3662.0,3349c4914d8556ced05ba85a89868f2ffb78fd46
2898.0,2616d97f326504b494304fe744cdd5adfc9c6d91
2854.0,914a033586becc94a4001a448107f02d547d81d7
2918.0,1e616696c00c72f01958b761173c8f29f09acc60
2695.0,b178e89e4456e777b1a7ac6d7199052d0dfdbbbe
380.0,1f20a11284e3e9bcfc08939c48e3ab590da7c7a4
3642.0,c59e019f5c5ed032c5360599bbd56e3fd9421adc
2541.0,54f3d2131d2abd633288b4810eb95ba40b0a7956
1577.0,6bf42f9a845b7e54a39846f5410c9e3f6c80ba18
42.0,9d98ad5e079b88fd9da87e47d55a11e465ab6bb0
2558.0,eebc0edfddba9687f82f4868f85714c0c7bb3d84
1172.0,773ad9b92d447102b92492f64d7ba0e708746f83
3229.0,240e398c8d2b46607f6e5c87b6e39eab50ad7796
2359.0,f29fa0d56b1e971ed9ac303806d7da153f6d6fa9
946.0,4d9916e1a6e26e33ce2360f1d7ee41d95b79d995
1032.0,ea73571a5464d254979d827f849a2d69b655adcc
446.0,8740fff90781b3fd0fd9ec51a0b6a15a45f96489
258.0,ea7a1720779ab4680304d2bc9dffcb6f5c7f2798
3562.0,e69b49bd3d2df261316c1c5dbdd53b96d93d2f56
3554.0,cd8a3745047a4413387f1e8a6877fd35859e21be
24.0,9248a7baca5bc616a60f9b63b525e872fbfddef2
2288.0,b11f7354d17ae4d7d11bc1b204cac98573f48965
3680.0,a12a34100ac0ab85c29f87117ac0b75100b52d3c
2338.0,a4869eb4d2bcb25e6cc5c2e285601abfddea7f4c
1806.0,88500f5cc709e2e931e6547ed9b58033a50215a8
3321.0,c074422cfdbcae3cef305631988288e13bbce2d1
87.0,70dc2b66a0d02a23546ad8d48b7fca1c21997ae6
79.0,da514b398429653dbd368c6da48c9863d3c2632f
279.0,df1dd57045b38ea7dcca44622744ab24e53e399e
324.0,7044b4beccec4380bc7e573559a08f4a8820afec
2937.0,db8cb31f2b2c39c1b0800926969c16d44b28ea38
