issue_id,commit_id
848.0,5f23a764326b8a1edec59f60fe3baebdc7e510da
761.0,60f280b5ad6b2cc4c2419b2c7634d4ae253b53d6
490.0,c53221c38574711cdbd9e30ab1705967d4e96288
246.0,a8a7356c9b4e39b759153cabf7192fd1a1817e3d
458.0,becd32cc4bf4424dcfaf4b9a495ad0ea97d29886
356.0,6166291c3e0a9eb97303ee5b5f06e2168c858dd6
735.0,018f495f10c1e07191819a2cf11232a9b3f61327
103.0,39a039fb8eb731495ef5774199502154a08e75ad
40.0,e4e9828640fc9046f65fb3791627a8ca91ad7e55
388.0,d9c62b0925023ce3f255113dd22d615c94a71a05
882.0,996a0863b91c688a7761f2684609c5663fb9f4ac
668.0,7e5ae94dba1bdc5358adad3bc7a427f92436d3a2
818.0,c664738a79f20e2c2919177a667d586e4f802368
95.0,21486c5b0aa9ecb8c8639e4b4e020e8065804515
587.0,0559c5119eb686f5fe59cea716381f404c6e0516
694.0,7858cbc4736a9caaa3cfb0274695a29cf04eb319
195.0,dc94ca382048339ffbb144da0a28f47d6b562dfb
970.0,923f2d64417ed8ab3b778b87a517e64c0534b6ec
521.0,163b2e208712d1d463fa7475499c9f86f0301b6b
317.0,e97cc6586d4976eebe30d343f729cf622ad8c558
517.0,6b29ad862ca292cf1482236934c111783bcdc9d5
901.0,d5b0b6527bb7d962de7a7494b8335008e15cf23d
1186.0,0c24e8bda226f3dbd6ccb0381515a9c903847249
1060.0,8c597751fdbc5a7082ec6f3053c1b066bbac5b3e
255.0,0941ffc148ce65bd6c916f0ddc28f561cf2eec30
398.0,203c1e939e40fe2da6dbfde3d0f3e92f750315a7
557.0,28d01e44ae4b7741c461116d660b05bc27b5ab60
258.0,e187105f620891a026ce3739a9f0f568e6f1bc65
897.0,3fbe8e7cb3ca57fd8656890ea7855da62d2ea03e
607.0,7110018a8bda23d9abadb6144d896fbbe589279c
626.0,6a42d4e91eb33b15369a0113e66a93dbe9e6c029
1118.0,0f969aba0cbf9b1a93c679a442e74e13f00a1702
800.0,d1866191b8e7c4e4f9279ebff5de2628a7656289
332.0,62fddef501465e7ffe4f4eec5562269b7fb5077c
699.0,e4d75fcfb6901af25f51261085a3da6ea770553e
337.0,72b8e60d189bc2e1418cb7bef2eae7743729fdc5
170.0,55120a99589eaf896a4b56cf347affb686445f33
529.0,33eade861e9aea83ca7fda262026312d2873f302
808.0,f6742261719662d71439abe9b83dc1f103a2337a
492.0,087fb1cb7d7c3c11026528f01859b76e35f2205f
451.0,18186f645228a73bf90e75f0397e1947fbb6f61b
656.0,4904a982dd9970f843a0c368d62de55cd6f1c0a4
6.0,181348fd4ef76cc5833539cf1ef432830ef7b85e
911.0,992deefbba7d71b27467e656e88adf37382c8c62
1084.0,19c3e0eeb81f4a231d0ebfd2c18c47215f85e572
654.0,db634a459638f36cd9091677142dbdc476eca778
836.0,a6d07e707a1f50b6e1efc20f968570c8bcc0a77d
1049.0,8cb7009bcd0f0062942932c853706a36178f566c
992.0,ef8aac61c476bd46747d3d4910a4d494a59fa375
642.0,9cc58b7087eb31eb1ca142a0fe4cab7814b43437
396.0,1f6f0186d363d73d26e81c84245715246d57e8b6
649.0,7b14da9b4c5a61b4c852f9e3e13c2786317df50e
480.0,2547ac8682f3ec1f95e1ff365f858bad6807de6d
664.0,dcd9cbac4f3492b674b414c9bc1ddc54cbf61c98
773.0,1e77eab21b8e3b6592007123bf1daec759bdb5e5
843.0,9764219f6da245b5febb81b73f48dadd8a699471
879.0,f8757c6f59b063786f7ab52479665cccb8ce21c7
172.0,7e61c6ddfcc1680d67113dde6f45977d428ce903
177.0,a80eb4ea199de413b9b5fe181647316e837b7eaa
617.0,fdda8c4e5d5009eb7bdeb7b556b84fe2dce2d850
918.0,eefe294cc9f338ccaae63d63b07892653c745d77
155.0,4d60c92184f78e91bed729db0adb2a0272a9c6b5
106.0,13f84bf83e0aa35c9fb9ca9fa3214fd470353327
679.0,eab935034e6b93cde75f273500d0361565aaa699
1052.0,580639904c07c4b29376a144d15fa00f4cd39b9e
1195.0,df1b40ca2220b0211e8a86805788c70f674a1f1f
862.0,be246928123ac5c354f4e0ceec067c227451eea6
552.0,c125c0455775564ef42b93156819d4d1d43115dd
686.0,bad238f9964b31ceb3f1801d7a5e47c1b2549383
341.0,53d76659ee08df73baa823cb84603266b97d590e
497.0,30727196ed68a97b7b14b3bfd457337c4a7103ec
641.0,b07d63be4c5cdc53f008575cdbda67b310a2eebf
1023.0,80f440e91c1276f98463dd66007bfd9a7a59a878
313.0,68aba40b2dfc9ae68657bcd2139a1897f3ab7f84
525.0,3029ca6f67460a53a0d3ea62c35dbaec10749fa9
881.0,0ad1a9a60c5d4d0881ec12321246b0139fcd57f5
516.0,f912633d6ded6ed563f8b8ba88525839afa20031
65.0,5c56855d6ffec63139b1e53b0b476f910b84766c
270.0,31b867f632acd87636af9a38d68a5d4cd80acda3
872.0,f36635f4dc1764fd3b29919e925b7681ddc28ffa
693.0,5508d725b92284b78f3fc5c30db448ba68e3c4dd
973.0,3b9041fe36798639b4316fb3e413ac7a04c43da3
944.0,a93ef6f76963a96d6de099656ea336bfea9b7405
834.0,0feffcb7789df57b44fd1824d648d73689fe7c1c
916.0,97b7d22599deec4b6ddf4bd11a55aff0f93dc6fd
494.0,68f8f429390b50ddd33d503aa6bff8dd9cc6eb5d
223.0,bcd271743d0dcc6530b784f567f8254b81bb83ab
858.0,a91afadccfea9fc2063f46989fb1b5028d30b6ee
1193.0,106c6c7bf889b0db5fe85eba31f3f7f6b52a0895
678.0,1b50f04a89dd7af7931c53ec41385f3c16135322
747.0,007f75ef5e006d0b887a0c7b1f536b7852e92783
319.0,e3e7b20d0eaa0684a9af71d7a2403afe101a6535
457.0,fea50b59dbc49b2f0c1ee6b963f71d19cfa846b3
199.0,c7f173d4ca97819f9db5b1c704a09a82e5106e62
648.0,54d08ba9cd8f4c0db7931484c28fe8e3d29a586d
83.0,1464a3396f7f9dd8737b97963a33cd1afeef421b
899.0,2e6e0e4acd66d4a29b64c9f3a5a08b5a9527ae80
302.0,e0c3545dc3e44b59d8fbc540187ad491a5dfff27
276.0,198599daccae583939a7219d93699bbd32d13525
74.0,e2419c50f6a43f5476aa0e9c0725925e1b0670f6
1187.0,4a98b37877050d0ff8cf475dc2fb8b3a93c7da89
677.0,5a8e5d21b635882375c7c77a9b2c6dd682d6d00d
548.0,d7117dd4b55ea3956a543fd69f5af5f74d0fe3cf
962.0,0f0be9deab501b85f9d77d5233886505ba17abc5
780.0,b136196f29599c223db5323a8020ce3aad40d41c
452.0,1fc381a84316bbbd9cb938e09bb9290d52a5bc85
151.0,b05a83cce2d7f401ae5f4efad47a63c465e0603f
892.0,93c14f844ee33e4d47ae07688f0e5ca7219df7de
583.0,ab6efc7457bc2d764610b0bbcc8cc464925b18f0
771.0,99c9040c3dad802fd0825dc10a6b09b0e3beb017
32.0,0238697de663d0045844195347d7aee08952183b
655.0,83442f8ebf3b855ccc9ea691e6797dc63a5648bc
441.0,a27fe8f0508bd441c1af87015bddf6450ade9168
208.0,0b1707bc9de935908a1b2c80d329318e44daeb4f
1039.0,4af4e33e31dc800a8ebaed517e0a781fa3dbb437
589.0,a39f5c5cb38143e8d185e48af8315ed6e5d45bf4
242.0,19cb4076f1c80caeb8e39825011d0651e8bb1f33
688.0,a238f0a891031261dd735e82d7713937155f1384
644.0,132f2bd7583326f75a8673b9b69b08a7e7c0960f
915.0,abc8d51dd3814cff0b5b015677904fc1939d236b
405.0,c6668bc23572855a9cbc22ddda20c106b3a87b90
948.0,8428e3fff18a870b881c6b664034af863973974b
1061.0,df4dd005857aba57353d7ff35040712ddc60c5bb
645.0,5b2c3151e0c636ca3bf8c5632542167536ebe3d2
620.0,062d9dcc2e262d8ceb4cdbca3241a1fb9875e5dd
762.0,1a2932ec0459325be1a531c280d3f26ec5d6cd7f
190.0,049c51b97100f9f8e149859faad794937ed7dc93
381.0,4e9fe6ad1c36bffd01aae4722cbf7609d230efe3
371.0,5e54956b7c1d597b6c83b2c7f54839e62f7c4b3b
907.0,dcd2d039888a4a9e268ac63cb32005d7bc412985
267.0,71301c695587881d7d34647f32650df3e7329b06
898.0,aee99b9a40e17b07a252e388aff7a016691a043c
633.0,2a83436f14dd8c9d4dbad4889c530b5398463dfc
134.0,750206c779060ea8b1cf19e2058a87cd536363e2
375.0,396eb2fdcab07a89d5f5f58f80b04526f16bf343
549.0,51fe5fafbf5fa8db0757473313419a4eca9642ca
1123.0,2b55da84812f94bc98d3586244f02749326062d5
350.0,fe6752d1f293346e6f1d3c47e12fa6a68503d6c6
972.0,580ff415c8f611a9651878e1135922b62673535c
311.0,a25dc906afb675a2b9d9095553be05df84153459
886.0,d403189db7a216093473f9677da7608fc4e8bcb3
425.0,218689dc20097d6ca275f3dc44caaf853fc3062e
1116.0,199a0223e044ec3116879e67d2b924050e4afa78
1026.0,30c788917bf083aae6c4331ee102f8785c69432a
345.0,60a8d1b9bf4b70aa4ce48cbfbca593cdb5e853f7
328.0,376588597ecf47db932ed5fee432cf6a30cb8d97
1062.0,a2ed5e46d17020f75b5d11fdcc22fa4090b2ccdb
202.0,7d4e57090c679e628259d5dab2fc9c0c33dfcb64
680.0,dc7e73524f7c9c6c9456ec1aa5499da84f8b7386
703.0,43f072f16f4e21c2a19ec1f7fa7eb73667f102f4
368.0,4055b726cca8d3c698968a96111050fade53995e
413.0,171da8fd4a99b1919712dd2e6691a4add429cc04
1048.0,b401b16d9a4332b3af64a5ce12c8ce6727885917
603.0,d923ab3efdc0c39d517e797e39d1cc19e2e2da28
858.0,fbf12c3ee3def0a47f040c545f0d3313d9209662
977.0,9494ef705003a99b2053f2b4084e9346b6c279a0
684.0,66cd634de462c685cd11d08b56e39289dbdd109e
12.0,f2ecb2ed6752fa6acd476c47f1e17eb4f0c2f051
960.0,589c2abdfb329d343f5fcc41f674993677f01607
400.0,a5cf7d9ba273854d9ad5dfba8a3d3a57ded651fe
630.0,77e21b03791cce0a52ca3ac3591f0c797c5e9134
262.0,cb9905a44e78b2fa257fc5308341a2d010a306c7
1149.0,b6e2a229e5f122a9efa31666dee7965621eff031
512.0,92cc469b7b49984026c15778e3045513cb1da202
740.0,0ea4c177c559ab467848af2af398bd66d46dfe95
698.0,7eef21e3d371bd2a87bcd8a170e162991fa9cef1
470.0,ccf3693be62dd8a79ced19ed9d69f0708d2b3d6f
289.0,9a35e5ef05d5f623f5362f85be9d2f240e6cac19
367.0,9f2fced17bb01ce1f8170aecf4f87a0c3ab229dc
975.0,7b03f8e2043682aa2d1c06e0f7e8258b2f9c43c5
929.0,1ddeaf012b58c7d764c2d7a9aaf8531c0ac78ee1
239.0,7440386f83fc2f51ec9e7abb4c5379f6a1fe31ed
624.0,44c7eb10c6532e45df66dbb552408455480156c6
930.0,392491a74d2d8abcb2c0db5230fc7f11502c6ba9
49.0,3f78ce7d643e10034795cd51405dff39b944b1f5
344.0,e4c18532c3d9f9fbe0448d70a1f00559295b9eec
666.0,ffc7f7a64f157526726c1b30311c8ca65fde82db
1056.0,a5e607b6fc889afd3f8960ca3903ae16b641c304
827.0,22773b8b32803b6365874998a291ac8595f16e3d
1107.0,a713b5d08b0fae4e55066f5438522a173f79606b
224.0,51be1f391af44531823da4c6e158a216f3de5457
770.0,244043b49d3dc0fcada5aa7a043716de7d19f2d8
885.0,d01b4eeb6479c951a8b0ee10e29099af9eaf6e5e
1031.0,6763433a687cc651d9ce5c97eeb81d83c4d34f71
1112.0,f3dc23a94b57ccd7c1909dc32174b3bc8c501919
25.0,9632546c4b52362b21ddf9072c68f0b3411c6d1d
538.0,f77dafd17bf11d505d4afd120added2c7b242880
639.0,5d2c084d1b0a12af240a45b7c396af3d18de0e7d
1031.0,7f44748149be47cc42261ff73465a82eb7174eca
1126.0,51d4d4a04c1bc50238accb49788039e43b9b84d5
374.0,f074a4c6c05dd61d0ed625b507f671214542e477
488.0,cd6d1d2f2a2423db74e18b149787b2efcca442a3
379.0,7ee8a9035821466640ba2700cf2de019a577cb31
667.0,1e1d980ae2967a9fee14dfeb13a63cbe34769fd5
429.0,a54830fb654c3c415f20886f317e8a6443131368
554.0,fb23a1e4ec0eb4b76fe30b3f86f1ba05e934f369
1198.0,223015a1facba4c2bfa1873235998cd845f0715e
505.0,30de80223bb00cc33cf7c97c5afbdac17ab073d5
42.0,f01fea4c4b039364d1afacb8262b7ac5826f3916
1199.0,8f7e31450835bca5d9a8bb4de252efba6f4b7b10
692.0,c9ade68443fe0195003ebcb7e62dbda94d35dc84
631.0,67ed13498d2efb210ebdd8c284165eca637aaa46
62.0,f444e3dbe1fb1afacef12f6545693c580cad73a2
956.0,a88c693c49feb9c9b9fe253e1e35adb10af2efa5
50.0,835a24252f6c31846349bd84fd2d543cb8046556
104.0,7b47919e3deb59100f4351584741140531068fc8
777.0,8c8b6816ca9bea1d4611e23ad73a22018605371a
1045.0,3fd91012f20faef6f823cae3b0ba970181e30c75
383.0,8ba1efb9218e96788a7ac692c58292303256f4c3
449.0,f8ba5c6f54ae44aa5bf74b6ef6a3d9cb871ec524
877.0,d971e49993ef3d0308e9f1f4466c87b0e8463bea
391.0,6bb6e90f83929d26b3412e5859399dcfb72d4a62
647.0,b273d1375500a436ba09d80688f50766d51d6b6f
315.0,687a8054818fa6869fb666adc62729eb82069208
1078.0,f85642da67285a2b1d991d1d0970d261a715efb1
1058.0,10cc4ce2b9e1d745f3be91373f48ef6ea9ca7f88
407.0,f0b8c71f66dad8a06e3d5e9d4a379d955fc879f9
1094.0,88b829aa824deef1166e01ee5fa0ab8813e25cac
588.0,185620bb3fe891fa6e074555f256df4bb2c58c63
209.0,09abde0ce69538dc5068d017ad683e9be1380527
744.0,fd5e0302438ed28d6b676261a4158debfd44058d
910.0,b536c100e84dd27e4e6208dc42737810ed015d44
210.0,cd1c9eaa7336c18f1229712fc4a1eb223640b83d
241.0,7156d2d5df5922ed729957f98a8ca26adfa83f44
387.0,eded7675dd4046ac64a95a1425e86eaa046bc705
204.0,fbe25db9cf1a863b8910a614150463c86a240aba
825.0,64f42f211de19b8b80ac15425f863d959e9a23a6
7.0,fe2832d8b0959e486c09d1be23c44e16e83d5fd3
240.0,637f41d8ed42e3acd908bd6d8cb7297b58f45ccf
502.0,8d426c2db6391b3e0dea145998aebefee94a5376
671.0,915dd237450120c6b658c95b4a87b575b8df0cbc
528.0,7ce6df95ab9a6aeab8e3d0c268568063624849b3
306.0,8dfff69ec23be828d5681fae5fcd2c7b9391ced6
461.0,484108c549c845bdcea263b80979a51b09760663
273.0,b245e8e0d378344fa24a4ea94e9098fa842387cc
442.0,9d87e8fd6ffa4c0ab66dd6c399ee3a276302942a
665.0,efe905a2aa924592bec6bf38e5c20269cd0dd771
161.0,cb39a712f96e74b193f7c62da9d062b047703162
572.0,6d15d46a310b29f9c0936347693dddc7001d2ebe
543.0,6894c8ecaac64f4b5baaa383ea689e658782d05e
793.0,22223f87486b8f790165c05d816023f83f7c3456
729.0,f4d6adfc2c7c34799711c5ed7d425c55f9719e4a
514.0,32029e27668dcdc6204bab8d8d64236962ecf973
419.0,a05e9a571ded0b6ec3161112446524355c141d6a
324.0,4b644bf2f130ea34dc11e13ca4a3dde6e0cfeab7
884.0,644ad1a963ee3de3d5aba02b4afb0e9effd4b42d
448.0,5f4bded5999b0e93097384be029f0e6912425e8a
260.0,72d435338209917e2e9f6624af6591f995644b98
1157.0,e9874e2f96c27e24aafbc54436465abd8f152f8a
326.0,cec4e0bd0e2008bac9843b80f1690de4b3a5d45f
453.0,cd678d9756c88c2bc27ccde09136b76edadd2920
670.0,534dbbfce193451a00628167e0f50e36f191fa0b
279.0,ae94c1640c833acd0a2d5fd8dc2b037d84e02bce
1.0,01fc25f919df5023eafe64e98bc6a7a87361debd
928.0,b8f6974f14e9eb37023e944a943015ca932bff72
676.0,733a6073802775d2fcf9086ac73ec39fff8fd1e0
244.0,f20c498b1bf63cbdc16720cee9b787fd911705a8
198.0,4161f66ccaacc57b445f1a1add35c429de84c63a
681.0,a85b68962e0ae5cc2e10db4f0da09f1ac856a758
127.0,6944ef60f83e7e116aa687a972b5402f1a1bbe04
1122.0,901812a7bf1667117668e24211a99ab7b867b98d
566.0,fee9074c8e809ee158cd8d3501cb90720b06c852
125.0,a1cad195ece7289e147fb5c15f0753351291d0ad
788.0,3bab2e5cae22390a85af0963b68ffa70d7b2f187
1109.0,2bf01a77844532cce9686a45b227209f85646dde
553.0,ab6e54b2cf5fd3badb1a31143146b36beaeb88d9
355.0,748fcb76778b618d232b1c829f72d4ef65392441
1141.0,8fe316e5376738880c9cf4013f37ff357f428e19
876.0,a7fa9cb29f22d62ec189a059142e600e0a1fa75b
364.0,1be884e83e6d9d4a90e8b0c7923df31728f0f628
