issue_id,commit_id
531.0,1605bf1cdb7c4f7bd10f3f215451195d3286fedf
961.0,462443a2d1d34d686eb11dd1b9b490c062e688a4
267.0,71301c695587881d7d34647f32650df3e7329b06
452.0,1fc381a84316bbbd9cb938e09bb9290d52a5bc85
2.0,8bd1d9dd7e2f33aed255c607efab6a2daf55fc92
1023.0,80f440e91c1276f98463dd66007bfd9a7a59a878
862.0,be246928123ac5c354f4e0ceec067c227451eea6
757.0,78365a362449179b2671d80ccc07fd5f6a4092f5
308.0,47c9af815d062e4c1c5bd0750246b3c28cf740ec
577.0,a0f1826be39bccb651bee58ccf3f5c95a76aeb6b
620.0,062d9dcc2e262d8ceb4cdbca3241a1fb9875e5dd
875.0,5eb0fd5ddcdf0b77ad30d7aaf051e5fd013e2f7d
878.0,16fb504ab9bbdeeb3fe98d94243f9f02a85de8e7
152.0,cfeb299684f910d408acb0257bd823ce84018db0
395.0,02987e27ccc411e020156bd8e9cff794f6bbeba9
727.0,ec9873fa85fddc330e55de4ab792bff799fe7c29
621.0,4edd124c0dcbf24ff898eaac855f0a76c7c1e8bb
488.0,cd6d1d2f2a2423db74e18b149787b2efcca442a3
714.0,666aeee79f849d4a8d02d2860b2f33a9bd105e93
341.0,53d76659ee08df73baa823cb84603266b97d590e
948.0,8428e3fff18a870b881c6b664034af863973974b
442.0,9d87e8fd6ffa4c0ab66dd6c399ee3a276302942a
1173.0,bcb0c8bce776a5eba9f5425c57c2ec8385f10e94
313.0,68aba40b2dfc9ae68657bcd2139a1897f3ab7f84
766.0,9d59fa5a8ac85f0699daeb51f8602b7d01d31882
423.0,29d47ebf343547f1c0f0c7f4850c4113409e2844
158.0,bd4d3028ffefac942af1b5bbfec70ffddf3d753c
663.0,91a3a9da6da1a8ca2ad27ac6e53062fa0aa802a9
98.0,78819664cd923e459213625c521963aa686102d4
1092.0,b2ebe0e95c6b9f28574804d5f1ea8d689ccd5211
972.0,580ff415c8f611a9651878e1135922b62673535c
311.0,a25dc906afb675a2b9d9095553be05df84153459
1094.0,88b829aa824deef1166e01ee5fa0ab8813e25cac
1153.0,fd775497547bb51e3d3b38590cbc83e54afd9508
11.0,2bec134c7ae9755f16ef3542df01daabbcbd186a
345.0,60a8d1b9bf4b70aa4ce48cbfbca593cdb5e853f7
553.0,ab6e54b2cf5fd3badb1a31143146b36beaeb88d9
888.0,908a8ddacf330b593540fc2c8a56ceed0f07f128
382.0,b3e109d5185381f3a000fa8397c55c5f38a7bda0
893.0,da2c8e542da6ad684e2678f92f06af9cf6c98d82
743.0,3e0ffaa34e78e2d13942d5a0b1dcf4dc10eb48ab
1198.0,223015a1facba4c2bfa1873235998cd845f0715e
612.0,2f34bcedcec5a5b1a458ecd3eb1adde520b08576
668.0,7e5ae94dba1bdc5358adad3bc7a427f92436d3a2
242.0,19cb4076f1c80caeb8e39825011d0651e8bb1f33
603.0,d923ab3efdc0c39d517e797e39d1cc19e2e2da28
321.0,9ab49a2145c5997e580bd718099e2ca9bca0cf06
798.0,5435b4671577621a3696c5ddd8182779126ccad7
106.0,13f84bf83e0aa35c9fb9ca9fa3214fd470353327
334.0,08c1444e73ad11068b7c4bff4589310ef6ca566f
118.0,72ab7f6e87deb2e2167ff4d0b69bd0d6537e14a4
411.0,f4bb154cedd5068447725a87769f0b494da007a8
277.0,390839b945cfbeaeb4c1c07bf97fc5a99198355f
746.0,74699ac803fa993aa1470bda9fc95a24dea18b30
223.0,bcd271743d0dcc6530b784f567f8254b81bb83ab
530.0,fc31362f0ee2e1ef807408c53d6a0cce478b6240
608.0,d997bddc54d4910630ced55eefbd6b2f7051b777
8.0,e9868b7d98de19672b0737bb69287b1f450a5417
32.0,0238697de663d0045844195347d7aee08952183b
1030.0,ab18b08903a3caa14025c9917923aaf20c0b048d
975.0,7b03f8e2043682aa2d1c06e0f7e8258b2f9c43c5
984.0,b3bf7ec188b7f924a7df1b2884440444be7e1e08
983.0,2a1de91292e1996f0fff0407ca147c5894be8042
241.0,7156d2d5df5922ed729957f98a8ca26adfa83f44
899.0,2e6e0e4acd66d4a29b64c9f3a5a08b5a9527ae80
187.0,9ea8cadaccc55f10a8bec5804573f740d51bdfbb
1170.0,936475258d501b7b1fed1c80080eabfae8179970
190.0,049c51b97100f9f8e149859faad794937ed7dc93
1187.0,4a98b37877050d0ff8cf475dc2fb8b3a93c7da89
777.0,8c8b6816ca9bea1d4611e23ad73a22018605371a
889.0,9a543d05f98a927ea783f2d060c8533d6e7820fe
510.0,a9c209df7a046846a16930124a865432d7caf2a1
304.0,31c9d176e0e013a46e7d45a402a09bdc50d8db4e
239.0,7440386f83fc2f51ec9e7abb4c5379f6a1fe31ed
715.0,bc6883a308055bd76f6ec82d5d2afdd3d911d528
325.0,0a02e774ff42d791326109549900eec13a0a88af
1048.0,b401b16d9a4332b3af64a5ce12c8ce6727885917
199.0,c7f173d4ca97819f9db5b1c704a09a82e5106e62
741.0,3081caa1aafde076a8472d62091d131dd8ee72c8
956.0,a88c693c49feb9c9b9fe253e1e35adb10af2efa5
659.0,6592b73657f0007892d7c348d504cd9be7a551f8
315.0,687a8054818fa6869fb666adc62729eb82069208
678.0,1b50f04a89dd7af7931c53ec41385f3c16135322
866.0,f81243eb1c86598b020169e01a0738c68a4c74e0
686.0,bad238f9964b31ceb3f1801d7a5e47c1b2549383
268.0,f7cfbaab1689b50640adb75476fa14800aaf9eae
619.0,a9352bdb221b7df0c3bec67167e1a8f73d8a2514
1044.0,eef0e0d65c01159c1754e72a060a557cacdecfdb
1052.0,580639904c07c4b29376a144d15fa00f4cd39b9e
864.0,85d087b51eaa1706671b28add8aa86dfc7766a01
721.0,6a58bd08d98bbf4f812dc347537c8d4ab3663cc7
910.0,b536c100e84dd27e4e6208dc42737810ed015d44
437.0,cb65d2ca4a70ad9b387b1402e8f87909332abf9d
400.0,a5cf7d9ba273854d9ad5dfba8a3d3a57ded651fe
501.0,5844690138de221c80be35a6b96382c666878a9c
69.0,5dad6e9b3ae8992ecbe1f90d3d561dc771853abd
892.0,93c14f844ee33e4d47ae07688f0e5ca7219df7de
1040.0,9a53fe859acbbf833c05f14e673d5cc76e5fe135
250.0,6a40c7d1252c80df742f7072834ffafb092d5d97
441.0,a27fe8f0508bd441c1af87015bddf6450ade9168
823.0,8bd7a7a94f4615836de3c431ef5e97da60c77801
