issue_id,commit_id
3367.0,c8f3d07e86dd41074971b5423fb932c2eda6db1e
5203.0,bcce0660573cf9309e3decf853488da2ef8bc576
4684.0,e7a58fe1573176415a9ca054428c53c1ca29931a
4543.0,77492cd94511589e14716e726b90c8b3a8c2ba9d
347.0,9ff82d6695860d57a00b6ecf9c63928788d303fa
4016.0,17c0d72d0488929f4788a2c4a9951842dbde4833
1829.0,8aa2e4f9976d31bbe3a0014b4f1f96ace1b87043
2.0,faa12d1fbed92f886f490cc3b04f13bcdb3a16a7
1147.0,e85679fa6be2792ef910a7caf8cccc1cff6b73f8
5801.0,88eec7a417c55668ebd0b8242e59bc99721d2816
3563.0,3adf09bc4f1468f54a703481d6d7ebfe25b6f232
4347.0,c4ee4b6075fbb616272788b14b70f0af63dc2877
285.0,5c18f02adee5afdca286976c25a9353c77785545
5173.0,8e7d2ef13312bfb4ec5e1800f00108806ddc12e8
4205.0,b18357956447936fde373a00ebb72ce52cbfc6cb
4056.0,8cb53441b0c86925639df39f8b742dfbc55724ca
334.0,6f0e492390ec6c59d3b0d39ff5bd2ba3bfc51bc9
4874.0,91a8451c981fef25b0915fa06a4566dc880b6e16
1359.0,7d187735ffecb0f49cffce1a9058961146212f59
5807.0,30c0dc7ac552ec73f25836562ac2dbb913ef34a6
2625.0,d7b26edf6b419e379a7a0a425093f02cac2fcf33
4188.0,f558df2558966f028f773307cd5ae39a2d59e57a
2243.0,41cd9f401f9dd9e7eca1a46a4ab2c38fadf2effd
232.0,1d5a7df125fedb6268cb9042f60ba49364a02e30
51.0,61df6b46917ddd3483997277b350fdf1183f0b7a
1101.0,ad36de4e6278cf635509a1ade30cca9a506da682
1725.0,85f0596c43781103f30eaff13b567942ff967e00
5508.0,517cbc8d717d5f10c8e54114fa32dca6f54588a9
87.0,900bf08fb652183ac9ea33d87735f3a0b4343b21
1380.0,9d9d4238aa8c0b6009aca689b8c23cb8bdab8fa7
218.0,acb7bad1ff4037b4a613ac94e2d3357bf92bdb8f
2762.0,d847e65aaef68009b1ba4c12e45f34a7783dcc5b
777.0,36d99a0739059668b9cb3c84ad527d29a18687ca
2292.0,60559369b539a90bdc624c7b263c42b4eddce335
1386.0,dafcfd5be6040f0e2cc019dc01cb7d38a2bd24d2
5881.0,d91183738920a8336babc64d514fd28de13feab3
193.0,54434095fc03d5ad12694779f9e476ded28764ed
472.0,71ada5476e5b81d9f42e607d5bc0b7e2baa8ef93
1396.0,71c6bd920ed86624a490c8db87b63d8697827fa4
1318.0,b4e382c867fb36c1cc9883a84abbab26678eae01
2485.0,c275ceb17ce10968f96ab9e97f0dda85f7aead8e
3517.0,e766bde3a300ada7c11cb7b716162ec07a44fee3
687.0,21bff7b3b366ac3fb81a225c5c5bdf7d24dbfa33
154.0,2f8c052484c51ba63037fa7256c027e4376fe3bc
1243.0,5beb9d251c21260d4de9930b31e5f29646b6e4c5
1740.0,4c9a6ef3ce1e7361206ab33ce8db9b1436032ecd
228.0,71d7df9273dae5da8765ca4dd7e7ed4dacad5309
3115.0,68e45d32e0df6ddd89a784641fbfbfee09351b67
