issue_id,commit_id
4303.0,afbaf9d4306294c9fef1413646f7045db8337e13
2503.0,c305c46254e773be374218c95862bb497383aa25
205.0,d14541c5f1a77a46e44686f7337be34bf87b3f59
4610.0,e6dcfd3c996b7d3af038b3e2300e7c53ca979fb4
1731.0,ed1e4d8df33e53de1516cb025dc60cca9615f637
2417.0,97df139119e087f184d93bdba8cd0e24c4ed3b94
679.0,96ef4c603c53174fd3bc13862551cf73b1159d13
2278.0,3ac3ac4d925ee7ef1eb8be8dc6519606c0fbf9b0
1989.0,79639d0fec426e03840dad6c71f106ada12bbf74
2271.0,2e08a9b412327ed18450f9fe9ccbfd417cdbee78
