issue_id,commit_id
2928.0,d9fa28ba68809aec8df30c65d7ab1f8a5e0514c8
446.0,8740fff90781b3fd0fd9ec51a0b6a15a45f96489
3169.0,f2c854060adf021347a6c4217fdb06a77a38bf58
1532.0,671c1ee0022ebc561a86e7c18ba97b2b81c24ead
2149.0,6c9ff85c3f3c98ea85da5f789c092ad7926af0b5
338.0,51e4a58a85bc1500d1400ba7d633d570f6296745
39.0,c6e6792cd52022add8455fc792b2ca73c62d3d65
1242.0,e9160473093ce7b2a4e867de414a90a9094943fc
3103.0,86bf9dca72cd188813e26ef5dd972101ef8983cf
1862.0,a228a3b2cfbc53d428f6cecade8b5b0fec576f03
3063.0,15c079f500967543c033ddeb113febc1d84abc87
79.0,da514b398429653dbd368c6da48c9863d3c2632f
18.0,8d49440d8b881b2df2c10085a58d3a4e4085147e
2311.0,a037762781929a9a658250f3247bfd131d634b0e
657.0,3b393f89f66733f7824a50b33b93eae9999812ad
3401.0,af5743f6bd2a62072657830d3585b98680e1c203
430.0,f7bb2b5f19146cbaed375f29520f57c3c385762f
1801.0,8011e1de28c82e5ab5c9727d10bcba997e8254ce
3272.0,6ed68f015a50ab35b84a8ea71b0f846ca6a75281
433.0,d94efc6db63516b7f72e58c34ae33700f3d9c4fb
2212.0,889c0ed1964f48557e532f95f9003c5ee6e2b727
3281.0,5a04590e9c1f2aba03c2bd70a8b5fe1a18eecb56
59.0,33e7f2b990e3889d6aa9cffef4a4c9d7d0923698
3178.0,5e378b4f28af344702a65fcce85a7d8574674860
2298.0,e706b5e5448b837f34d11107e9f9295f0e5a9780
495.0,d90f0afe39724040d0be92df054e2b1438886134
3229.0,240e398c8d2b46607f6e5c87b6e39eab50ad7796
1483.0,5c68b24f645131993c2f474ee2e91b8845edb974
2071.0,6478d7bb99ef7dcdda19ce3e58c00500ff72e60b
2286.0,378a11f99275a6b80d365a5d51d469844bf9ca17
3253.0,d5fea5fa1da0c56860e7023e4af3ba2eb0097dd7
2580.0,26f413e1e55d3b57fa164114b39f6cf74669591a
2748.0,a6a6810d563949303bb820cdb83c63714bf98bcd
3299.0,d694eb443a6243e248df974e9cd64defb591bf38
977.0,02eb9c99fdaa0c3cb3179ca5a1538e87ba6f13f1
1429.0,06f2be3ae48e6a49f9e4528fc187dab0af0ac9a3
1560.0,00d6e339ec789e7b92007297e840a671a5e38a7b
884.0,47a41b645f627b9b68c70c193cb322f56bb4c12c
1865.0,024fbe5a6076d0f3f793cd4a66d0b50decdb2a1a
3694.0,6f2fdc5ac4ad869a21c4c0281d7fa1eb8aa5a689
2738.0,27d56c1df5fc977e17806b466dc74dfa9a98689b
1509.0,37474871dc66ddd94f970740f773d9ffb6c0f4e2
2362.0,b80cf057fc2b41a5f642c222dbcb79ce28d3fe0e
1112.0,c048aed65abdbf51955367b95242a53f0219853b
725.0,3d9055b3b73b1d09f933bfd070f704e9e8bdff2a
891.0,544118bef94e647258a997ac3b1ae04625164ed7
414.0,8d7ca29a3554d20324ed9c75d9c095dfa8a8c439
2332.0,c5be20b53ca577be5569b1a327e88991f2ea69a0
1872.0,fe5f714026b68b1416c3d3985bce5063901c320f
1418.0,dac45f6c5d2dc69a59561dc70579cc16a980bd21
701.0,6309987dca72ebe62539ce7b851a072f4e4e9173
282.0,e8e2e934096f36edd8e96d554d06c0e330d94913
562.0,0f3bc38a18909cae8903f3229a2866aa64a52b2a
2338.0,a4869eb4d2bcb25e6cc5c2e285601abfddea7f4c
2286.0,65fc888172fbff89a8354e8926a69b4515766389
2916.0,393bd46085fbf308e8b4e182c43f3871df4ec191
2555.0,05e3840cc2a3ac6233edacc75fb38ff866d6bcbd
2303.0,c8e56d58077d29e2c9478f133b3c69ba73deead5
3374.0,06507ed4e455dd8b94242d4477dce05b1d95c6c5
876.0,7f5b6c692df34cedf28a01e46305ec5c22697a5a
238.0,c7ff139481f96316d740a34f01cfd0f25e449848
2397.0,cce6e7dccc73c0bd86ab0c978a033bf85daa0845
2699.0,746b91dfced525651c9b71a3bd075a78d2b9262f
747.0,915d7180fcd0defd23384e30b630e2cb31a39222
3284.0,6d0e79b33afe47525958dc23c1ebb2eea70f25fe
1887.0,63ddf2d47997299002cda290821909c02ca80675
1000.0,872094c55612976bdd3de9094f7f8d13a38fee48
1703.0,7df543d5dc48c9a653403b1be2c8e83ba0f6c7f7
3247.0,d4b688bd035b9704b3168b28fed39c8fcfe3b997
885.0,9c434ebc679087ece3d7464e39878e29dabf1951
2934.0,38a391815b4936e9357834bb4924e09fc4384e9a
3157.0,2c68f86336dc8729f58e8e19af0f49c269c1cfaa
2148.0,22c613b8c44b74f4756f1eceeedde99b31144a47
1244.0,13bd8586e997bccc7d106006aaf82eca0c4c6d6d
2993.0,877da63462d9a7e270c295d898d689aacf155779
2991.0,339419117fff06fa89124d04b1921b61b8865d80
2630.0,79f34f1769477d9909e4fe0830c48b04208c50fc
2593.0,c3a997864efc0dfa725f21248ba0fc21a9682faa
3182.0,dbd38404108f5c3c3cc31310a3eff24aa6b262c9
3159.0,00ca5b7328fbc5b11594ad448343ba371142c43a
1051.0,367a168d867d9b1b36485c98d9c6e5ade1d85686
2254.0,8d515a644f4d1a508e5de85d1ab991194fc6394a
1062.0,16a7dd06aade99d478eb183e89ede87d4b55a3f7
859.0,2aa26fff04a98f2435e8e3015e92ef6108d3b485
2075.0,ec9717502f36126b8a371b73a5730b2092948ca2
29.0,a921aef6c47cecbacef5173f03c07c52e6bc8fea
3642.0,c59e019f5c5ed032c5360599bbd56e3fd9421adc
746.0,77753e9b73a8ed8f908e2877455f629ea6e7a6a4
2352.0,62406e667c8004cf0367a3ec5bcbed980cbc32bb
108.0,2a73bbc436041875f81aeffd5b8f13c6da8fcf19
2340.0,135f85a19137371cf4870dab1710618b61fe9183
2326.0,090109b63772669f838d4786ce9a2483e75478c0
1851.0,5cf261a2876cd311c7abe17c14da733a48a4343d
1558.0,751fe451df7d0e03754a02a52e4b59152b37891a
819.0,a2bc61b5ab19e899735f8945f68123b4cea570d5
739.0,d395d3684a6b9243ffd9091ea9b28275d90aeb91
2222.0,c935eaceafebaf167f6422fdbd0de3b6bbb96bdf
44.0,cc8332e9d99c08b77614e5acd7bd0e6d08dc29b6
225.0,8e928a2fcbac6edca918e9d4efccc4fedb418292
148.0,4b65c7ed5a31d56e194817231eb88e1083ba285d
3492.0,b074a2eec95aefd252af9be120078cfa6854a2d9
3699.0,37551e6798aabefd549340a7d3840b7648b413c7
693.0,ac9d8b09a5f8d3d4580cd432ab05eab2cf2529c7
3082.0,0b5b4a66ef99c8b91569dd9b9b34911834689d3f
843.0,36d70d8789954e9e3e5512d1df2215119279a7c4
1030.0,c73d740e571c5912045adb5e2dbd3b9b3ff15a9d
997.0,ff3ef8511ed7c507ade5ebdebced7177665a3414
2759.0,a3272941ce76a212e9d8d55722a0b230b963411d
2072.0,de1652467b0584fe9ee4060bc42101e8255838a3
324.0,7044b4beccec4380bc7e573559a08f4a8820afec
1733.0,4542bac4d43efbd2422a52714f96c0dedd08e2b4
3282.0,6665c91e6fad7df5997c8f3ae2136049062c1b7f
2353.0,49f3e96844b5dfb6459412aa68e3f25ab3a65514
1441.0,e99fec26ab1e8b11d93a84ed0b74c3406b01494d
660.0,94a9b9665b6a0a5b1aac46c4212da519205a22ad
2964.0,0f56c0cb04c4f63a1ed439cbb3fc49d8c83f8f65
2842.0,81c2a1e47565708f7af359503ff61f16558007ad
2223.0,8b45009dbc22508ca6d9dc06e79ab23914ed14bb
2288.0,b11f7354d17ae4d7d11bc1b204cac98573f48965
3560.0,a40c381ffdc4c28a19a0910c4da8ec54e3ae63cf
501.0,3afcbf160eff2a5ab6ac35a82e0719f972df8972
2470.0,f071562ec007b629d5cdc1374f8df45b74acbb7c
310.0,6dccf775468ea0a849d3c1c3965e3a1db6a36a3f
517.0,24e01318d31c6a541a44636d3a97310ff814d0c1
981.0,9f2b3d815ec39279bfb838221580a36378a0de20
1573.0,c0087204e5b83ad4e3983d07b66d17acdde0b9de
3067.0,b2765893e6bd64787ab14b1d67eb7d29314f1bdf
326.0,c6316132b173f96a6f5a90ff3b62f706f8a62560
2624.0,4309c7c6ea51e5797604c43ba858e5ebe1fb1674
3473.0,8973b58955df185c6502389a6e91b7b262a735d4
3235.0,52f9aa7ed6ceee6b416eab39a4f785d958245937
2217.0,19d7e6532f9187ba8a81b2d2ad9afe03e5e5500a
2120.0,0ba1a872b7aac48efef9028e7687475da34eaa39
90.0,e5008386b1a7e0ef3ebb5a4082bf2176d7169ab9
41.0,854e0e26d16408760072308c44b9160a9fb39abd
2302.0,65b61aa7c202bb26df53e2cb271269fddd95aeee
2416.0,851eaa4db7cef513dae35286d816867d68a72049
1728.0,2bf477cfeafd87c69b88e1ec58b5eb67abf756e2
1781.0,de25e98f917ae441d186e8a722a0f40a6c7458f2
2068.0,fa087c89298e0c91abff45b3ee7033889d2dd5d7
1846.0,390cd5e4eec8340d74e8b72b2d51a5a3eeef3842
387.0,fbbe14791f2d417bfa57618eecaa503b69f459ac
262.0,eb6549d95a8e9c28f9e4b89c28e370124e7452b9
58.0,f5fb4576577cbedcedba9eb16d9fdace18c9292c
59.0,bc00fd1e83f23f57dd6a765b6a4bab2394584ae6
2711.0,324b4ea2559f42ca710061bcf6c85960a1f2d2a9
3709.0,632f85b65354ad573bb33c54a0a9dd3ffcef371f
3620.0,51c87e6199b78cd3b4b33a5e47c7a135a772f10f
1208.0,fa610a24ec326bbca01d6453548a1129178273ae
2918.0,1e616696c00c72f01958b761173c8f29f09acc60
2939.0,d3e1fed7773d1a85a9e2b434c375822edb904619
388.0,92dbe3153a9e0c007ecd1987ccd5f3d796c901af
237.0,46ecc57b7c29cd017fd841aef37c5d767cc538e0
1455.0,3fe68c221a41e8b86107281d869eac435e2a4154
2316.0,ce813ae5214acc91b1686e09559bb3fdc28a74e9
1942.0,17685da8c069a1698b893cb6f5e41957f77894d2
57.0,a6617f44c0416c6877d930b312e1f64df08eca0e
3270.0,31d3c7e71941c3a1800f5e31064c9862da473d86
1456.0,e7d548595e8f2f03fb58c827bef8abae2f84aa59
309.0,7b899c85103996d861360a7ce42ab9a21bae3f48
3162.0,7f782ba84e18d327ff25d40dc7d5719c8a036258
539.0,7003fe61352bab3a1dc62d18dffb00ef749b050d
102.0,38107c752cf959ad69cf4f35886946bc947f2bd3
743.0,3c5d7bab26cf63b677b23ad9f4620e3bb6bfc706
1012.0,5c3b161c9e7c4cacfe789a8237b262a7549d37fa
427.0,1d1db80e062bb576cd542a7a3ca990360c5b57ba
2222.0,1d4448abe335741c61b3c8c5f99e1607a13f7e3d
2093.0,0e79aba40d2497218736448ced708fcf4f8943b3
2089.0,36425d5f91b57210f7707de9564377fea93825b2
2414.0,77b98a2762b358b1e90c350a33971a91f8a9375d
3260.0,f7f1d9de3daa84ba968fd53553dc8fdb277219a3
1262.0,eca53063862fd487dbce6e36fc42fae80f1494c3
2877.0,21b0aa6dd8b471a72af942a84d58336e2dd68fcb
3349.0,12666af6b5474998907310b2f940aebdc3b5a362
497.0,a9e753f7064e38e40819b49a51491e681dd0f42c
75.0,a154c87cfca3e21316552b2ec558029f9c96122a
3244.0,b61cbf8ab437574d4b041e49a214240b650eb1be
2558.0,eebc0edfddba9687f82f4868f85714c0c7bb3d84
1648.0,dc07e26a8f99c43c840e5c50357f55320022003f
3142.0,8609b7d840b2430ade985465d87cd9e2f09d477a
2318.0,81c2440a054a0aa9110ec1d5aa0955055c08050e
1325.0,7ae1c5a8b928f29477796c24bf62e737cd577bcc
143.0,2ac1b7d4388209d8e1309ed5b43ebe8d023eaa53
42.0,9d98ad5e079b88fd9da87e47d55a11e465ab6bb0
384.0,09370c3f1c808e9251292bc228b6bef4b1223e93
380.0,1f20a11284e3e9bcfc08939c48e3ab590da7c7a4
2320.0,701faf0724d8aa18d7ed2907b63c143725dd3e7d
3344.0,4a8e75b10a50ae13e9b61763e680f3c9fd518ed3
2213.0,5b83f11398c8d0f8f4158af05d187fc03508f01a
669.0,6fa449de00ae89bb1d1ae5e6f793b60d32c1ba76
1883.0,bbd6c8c791ffa0f9f30f31d17e47e8fe8e587526
2022.0,3bd12b38a80362f6656b834ec04c95f1ba4d83e0
433.0,146088d58066f16ef4bc8172f8120402517c34d3
