issue_id,commit_id
4188.0,f558df2558966f028f773307cd5ae39a2d59e57a
5076.0,099fb6ead070e622cf1a8c1be14372661cf44803
4186.0,16e0636dcf604b0e002fedd8bcbfbf42371fd5fa
245.0,2459d20cc0d3fd45acd1eeb2a98a6f12a2d57d2e
103.0,eed34e88cd6339d62766a471465a1cb75b211783
245.0,ed4aec187f7868a7fcc7c7279489f02be79a8cf9
277.0,b0ea457c7cd9346eb295af9f444fad3a3ada6126
5224.0,47a281d23143cab1264b6720d39ccf7edb30bd4a
19.0,9cbce9105b1c8fdc2dcdb1d9c8058507a5cfb8d4
27.0,1a9845b3e89b6368a524aa4db201ca7605d55ce7
1767.0,44bc4c06ffe2e3ea29250015036a066be7a7b5f1
3668.0,c3b67556710e0dd046767ff3364692afe9509ff7
1601.0,48539af1639ff024e56d499d4ce777d235c32c0f
280.0,ac007802d6571d73510f8b977d00029b2f69be4e
1751.0,94b2c47da54fee16246490967110d9597e79e90d
1740.0,4c9a6ef3ce1e7361206ab33ce8db9b1436032ecd
4869.0,c292957cb19085137146bde72fe82639591c5e1c
629.0,aef14cbf1b626db557e871f8f0d9b3d5f8e43e29
335.0,3191a0856003e8298d9d4b74aec56ffb5ed38432
913.0,db2474f7e7ef85809528a6f92aff3127be55734c
111.0,72485128cb29751b3b03f6a04e73e4cc50912910
4772.0,307e35c6641c0d9cf4b251996ebefd1347c2c1fd
1268.0,9d1cf230ed1579dc187cd66e6619494f53475308
1168.0,5eb098a939a4658760bb9891fd4af53759e71a00
109.0,201ce525e51372e5beb6b0c724d1ab76f33c6cb1
165.0,19bcb44c258268e13fd56edecd76722e545463c2
925.0,5de6a11fda8fb51b23e25df835e39f0e2b4872b4
2302.0,a5f4450313a154e654be00a27cb2501a9da26518
5279.0,afa5881ada816a2fc5555f6272dbfe87f7973222
2625.0,d7b26edf6b419e379a7a0a425093f02cac2fcf33
4283.0,3263441fbcec8f46d363926d9106572cb0ecac5e
216.0,616ecc5a1a6966c1dd7ff055e993496ebe3d6f18
4036.0,7731814cc25c57fe31db9ba749450cd5a27eed39
5427.0,08557e09db4bcb109eb78e9058622ab5cef77415
330.0,db5cae7c03b803dfe35b1fc4b93788a5ab6dfeba
3882.0,44eb21aa51cc0212e68dc0709aaa5c10bfe64e7e
3152.0,9c6d265280a3ef842f325509d2a11db354ef0286
2741.0,1acacab93b6530baef273ccd5fe97b9ff871e0b3
5316.0,28eba610e22c0d2a42e830b4e64746edf44598f9
4995.0,715c05d504d22e87935ae42cee55ee35b12c2ebd
3548.0,76433feb4f7f818cfcb4ef70a3f4df26f720ac42
1544.0,eb4daa34a298923dbb492a5d8b20e27fb1c0030c
48.0,eef01a9fdd9bb820e5edf1780f4b950d439e5085
894.0,e7843d35de62f6257162fb3e0f77cf1d7879048c
4987.0,fa3ebb1ced2865fab2318ef3722fe57fc66109cd
319.0,7643f14c88d51294e1eee99797dff9f68cc63a30
4471.0,cf39602c3038d576e14c20a2ac22f88006deb63b
1219.0,e521740b3951bacc80d3c9c1db8652ed5e914b89
541.0,3c1e22618bc2503c0aab1a1be22e28fdd5785e7d
2497.0,f7abef4b39a1deb5a76052de7075df86b699572a
5347.0,d6a384b3cfdb36cd19b32942479487a9e47c244b
1444.0,9616d91e4ac19db59a3c5ad00235b6da93f52f5b
2630.0,79b0d8605ca073cfdcb52cfb240b815b90af403b
111.0,2904dc2dc0c5241e1ab403ea9d27de348df5e8b8
2393.0,6320b743cff305132861ce2d7701701471891167
4519.0,2da952b928059f7fc63bcbae9ce86ac1bb528247
329.0,26c7ec7d9fd145c514c361c8dc79d9e989c08989
629.0,acff13d2b9af08476aae6be3865218edd719f235
26.0,e95a28ef3d055384a1ce1b14029820143c1bfad2
431.0,247b2ad59690a1e1b2e89fb0473ec25944392fb2
1742.0,505e87258c1033388cbd1793989fa62dfc842bf4
1419.0,bdcc78b4ddf47b6161b962b9d9fc8851b11f0117
5738.0,5bd27191a2fd9ec50936c05a377f76bd14aa8266
1498.0,fe15f93e533be36e81e0385691fe5571c88b0b31
3253.0,f8f5f463e64114b5feb38e61fb3ddcda39be8a7f
275.0,bbde1d0e0b2995507e5c19a63916fa0a4617b420
285.0,5c18f02adee5afdca286976c25a9353c77785545
5263.0,214525c2c16cb527a00e31ce47d274266cb5d418
5271.0,ce96a961e155cb5ac09987e8996224993ccdf87c
1989.0,79639d0fec426e03840dad6c71f106ada12bbf74
879.0,68954fa503cab30e307783773fbcddeef91fd99b
49.0,22549161a50b26c21343b9bec8a9e075dd46b223
2327.0,871eec9827de0fd1c62bd722cea4fff9355d17a6
4874.0,91a8451c981fef25b0915fa06a4566dc880b6e16
1639.0,a5db7f862cee70fcb999ae1f0c6942da283be24a
3429.0,d80f9ed72508e566d50b1779f858d1b5b9716df9
4566.0,519f752d6dcd3065e81e9387062003a39f3f0b81
253.0,0bf9e4627cfcc477f23fb81edabbad85c24911bd
461.0,36c8da2ad61ee9234159cb9fbc9a0f4b6afd46ba
1386.0,dafcfd5be6040f0e2cc019dc01cb7d38a2bd24d2
4412.0,3b0820d747e11a1a7722f0777baf923607fc0485
93.0,e0de5f3eaba87a6d4d287819720b9a6c724f61cc
3672.0,dda12b653798fe639575db6d55332da744b56032
3390.0,bafd174a9f174e31bd76493761264f4c81649e4a
3512.0,094dde6fdb1b03351888e437828af5da03f46352
744.0,a069d366529d8fa9d4dcdfcc8bfc88a90d83e4b0
1808.0,329a77a3d0b2a06b4b3881c5097a0ea1f3b0cba8
221.0,30d94b5bf577857649aa6c2469957705e476d2b2
1121.0,fcf97001a577b9edb36188b37ec3bc6f38848070
2091.0,1737c15826b4ff1698eb9e9f5aacf659695ecfab
273.0,002abf204f297b493f3fe01335c136bead5bbf02
4817.0,797a6690c07ae90f7a2d703832e2fe44466d656f
3999.0,31c631f9ee9220c3494646a4d26690537f4ebea4
4604.0,092f6fdea1583a9fa31002506a9de22637ef52af
189.0,52c1e137e56d65b4bcc7a590ad6ae3c95db0f646
97.0,5c329b65145332541a981df85d70d1014448f897
5352.0,b04cfa48328d5d5749dca6f50fa34e0cfc664c89
193.0,3e3a66620b278f7c03e36ebedb3591d0aaa7e8f4
232.0,1d5a7df125fedb6268cb9042f60ba49364a02e30
2617.0,2c5fa0c13051c6e963bc1f73ab4c52743efed50d
5100.0,06f3d12c1208c380f9f1a16cb36ba2dfa3c244c5
537.0,e2a5310f92b19bba1de1b6f06be6b205d8135693
228.0,71d7df9273dae5da8765ca4dd7e7ed4dacad5309
51.0,61df6b46917ddd3483997277b350fdf1183f0b7a
2258.0,5657f6b8ef00bc0c2266810081c41d52ae56e083
5190.0,43ea21e8306bc66e8f07abc84cce680726abc7dc
1302.0,8b3ca4f250b4d831403c7fcfa72efe7ecdfa5247
999.0,f3110aaed138cde754d107ffc59ab3ca4fb22e6c
3127.0,426da0ed07637e7efbcfb0fe49546e187d5d7f67
3115.0,68e45d32e0df6ddd89a784641fbfbfee09351b67
4091.0,229e722a03aced0fb62ec8c631b036c3e13e2188
697.0,9830efb946e1da763b585b4bdfd71b6c379427ad
761.0,2ad8db6ae6320c32a448f432ec13665240ccfcb4
5178.0,4ddc9d6b55fa708becfd70812ea44eb0c6837638
4835.0,ded9a5a085350237c2ab49b515140c39e6710635
3476.0,f6ce716372d9027a55345027989242e0a4dfebf0
5881.0,d91183738920a8336babc64d514fd28de13feab3
261.0,6c921896a5bbc64a93b1e027aeacb9cd062165b8
5801.0,88eec7a417c55668ebd0b8242e59bc99721d2816
1887.0,cce631abec4397b10b30f21878f093326b17e223
44.0,0319373c612cccb86b82a8b2439a87fcd1c83b29
4207.0,034e2c31c7d55333c3de208f80dcee1bf45ef9b9
5215.0,ff272d633237bc873dc956cd8e25117e8777c88d
5145.0,6fbd6f941f00037ae4718805352e0fa86a781e41
144.0,27689009f177b9207b55a3443e2ab459243341df
147.0,a59bfb539d5fb08a1a27a4bd63a753b571eaf40e
5665.0,e4f6545fe952f1c1e3324340ade4e19bfb8a197e
309.0,a4b5bfbb5e57af3a9972c79d8c683d80e2e0d90b
4500.0,209ab0531599b3b446b686c654051d9335306132
154.0,2f8c052484c51ba63037fa7256c027e4376fe3bc
2215.0,7b8bbc92054539c5185cbeeba37133c7047cc837
4347.0,c4ee4b6075fbb616272788b14b70f0af63dc2877
472.0,71ada5476e5b81d9f42e607d5bc0b7e2baa8ef93
1848.0,ebef6d7c6dd8922210db8a4a44f48fe27ee0cd16
4816.0,7b1bc9b7fefce60c51f89f7ed47e1d172e43b2a7
1795.0,2969e34e8202a0c3e5fcc1f7750f055872fdebb9
422.0,37b01a229c036abe09a98dddd174f4974aae71f2
5525.0,54bfb9649bdec565f9798cc41643ed1bae25bd67
409.0,0c63c9539dea0dcaf1c9df389b4b5c42ffa36c57
464.0,2d91c7136d613cf84d9a2cb79e147b39ebcb3d8e
2611.0,db13ab5ec21dca07310873067fc0a21f71a2567e
2337.0,1cbc57faa5439515fb937a8adce64dce01498e2a
4178.0,731f2d30851762443cc288a1dfaf25b431b4b680
170.0,9148321765e8ddaaab23a36c8adc6af5340c3238
