issue_id,commit_id
9910.0,a053416a310868971a5ec743e714961e28d78c79
10916.0,e6817ea2cacff41f2b11b5c148a8f220288fcf82
10111.0,d7884570b10951d156aa086ee29a4df9eab79cf3
11136.0,842d360e4388f255ae69055136909525cb66b276
11497.0,267ccbb4a76913680f4db6b400e05dea7aa84db7
11373.0,6dff721a3a8755356b2e89d02ef63ad8ab38ec95
10158.0,528542176f70f9a889e84e4494032f42a53bec67
12300.0,780b74df5fee729f7dc4781e991653f9b5f862b8
10313.0,fe066966b5afa96f2f6b9f71ec0c71158b44068d
13078.0,ed07472bc5fc985982db355135d37059a1f887a9
12644.0,b5af431ce6b78dbc52f2bdeecdff52fd696bc7d0
12193.0,7a4c2fcdadf8ddaab1cd7fb461fae58bfa36a6ea
10427.0,2d183db0372e5ac2a686608cb9da0a9bd4319764
12002.0,87a746878ba2359a7fb8135ed5829e6c5003b4db
9869.0,be112e1f48bbdf24d0a714b9cafc3fc9f43c7738
12071.0,844c1b44b75bc5345c26d19a8fa4161f5b00e99a
10327.0,7365a99f6e832847808c7aa28718d32fbc744b21
9638.0,388a9ab4cd47d76e6feb592a24d76503a692a286
11393.0,874f6db89d70b3c0221034943b2a427d88b63e81
11872.0,bfa87eb1b0ab53c5f1efab1ec1d91377678046af
11719.0,edd0c0a4bd4cea027842bc8925048976d65b1ae9
10266.0,5eecd55a6f1d6d149b42f9b76aa53d4c5ab8d3eb
10865.0,8f4e4f2a0b543f3d74327cb04113f65cd5d11c62
9723.0,709f791af201caaab4aa180bda259989087cfe47
9751.0,886c021e00c9a12e719371e234bd6df4e01a703f
11593.0,fcf2ed7831185a282895dda193217c2a97e1e41d
12506.0,28ee86a51fa628f65a62d077e8dd9b7099b1749b
12205.0,c13d2723d01212d09dfdda39b0ad439803ec9230
12029.0,34bce5bac9f434dc501f4cbff37b44680271a337
10012.0,b076e227da6beaf87d6c84eff1a92285e4662acf
12903.0,ab3ef6f3f0b859e5b501aa696f388f277cb31de2
10742.0,d4c1f69693ec476b33add0d540631021eea36a0c
9441.0,2ba2076275fab79cf4b8c281ccce506b257cab21
12526.0,91efaaa1d7486df71be30a54d82b907443d80bf1
12498.0,f0a24a009a392f71d9dcf4fcffe2ecc9e9f36c86
10023.0,49f5b931410bc2e56378f20a15e8ac919e0efb88
10603.0,8a8a19ba1eb74feb5da22399a44e81b734c2b2d8
9445.0,6b329a17e194e6e945bda87e0707ccb97e481746
11167.0,d6388ed6457465ab35da8a34ae4abf5847a50cd0
11153.0,adfec1e8440b3af64b642ea75bdb21bbee70cc80
11123.0,06c3a804e7d56cc77f76a28ee34aa67a34daedee
10310.0,315a80ae3cb65da2aa6308abd483f2f8643f1c8b
10939.0,38ce4657bad26cb359c2852b792478264d92ee9f
11564.0,140605ee0f08b7996d69a61610782f48766776ad
11203.0,88af7d0c97497b5c3a198ee9416b2accfbc72c36
9436.0,ff0690ab533b7b882301f8b836ccfda8fd4f7f21
11609.0,63543a7e35639e8b0b8bce6bb3f80406bb925cf3
11388.0,7d5d4a6368e45cb9939acb04d089cb46adbca32a
12313.0,304b3958cf0787b16f4d23e7e45b26c6603c7fc3
9537.0,9118ea65f40874e915dd1299efd1cc3a7ca2c333
11242.0,b9ee83cc227ac0719a0de937ae65392473fe007f
11244.0,3c899337c0d4c895308239a04cead2761822bee2
11387.0,2f12e96d8bfa22c2303ed0482544fb0ab6721a10
10590.0,b6bb0be10ad84d456bb1cea535a4a922d7f2e2c6
11202.0,630a3a877c3c96ce39be7b0611570466c8c9f447
11222.0,32fee92df5fa21e3d1ff6375f7a5a923636c311b
11572.0,314c4495a3a091867186c62b77b33877c238b0e1
12252.0,a546ad4ad63c4410284387e55a8cd63a4244bf92
10342.0,52e3f9835c1a25a8b895773f64524e27a5ae10c0
10207.0,84aa7b5f4167afaa8e4b24f2449ac76c11d5e8df
10594.0,6eb0c7bdbb68d7de0ef507102c757c7ccbf582a0
10972.0,1a2290ae91a944416ef8eb517e97b21733c9681e
10637.0,e2531cb8302b2842c0d3b505f6f619e685c3f4b4
12414.0,14625e57af7fe85eae501582ce1da135fc04c8e8
11062.0,f9210387088fe91b5bc8999cf0cb41a0fe9eacf6
10415.0,8e5b8533ea819d0252d08f45648782ecd543ac70
10754.0,b2979c25d3d7d55a6579de0b2906c66e8fd2e172
11499.0,5a8f346e64cb432a445002230246ee042dbc278b
11513.0,2898da6cfcc893aafc0b9016f934ef08c196b9d4
11729.0,a8e235c35e23193f6cc68cd9d390ec37caeaec6e
13048.0,f06524c44e5f6926968cb2bb3ddd1e523f5474c5
10259.0,25a8973dfce5251c0bd527ffa16ce17174b94218
13073.0,3bda5520b787f84f687bb116c460f3aedada039b
9384.0,173a1a545954bae38e40f4fb0bde228765a9b059
9599.0,839d3dd0b598ecf6f2e93b9f9068c2e21fa1c97b
9520.0,500401bac7dfbb922408de79a1e217856cc7c627
10061.0,19ce1ca783a995bbd0765dfd9d89f2866fccbc09
12533.0,adaed1f84a0d980a660eb7d5ff271408374e5bef
11722.0,994c4bb338ce440a27df5db48b8f5044a3e8f611
11550.0,97bff7df815de472039d366728df8f610528d631
11160.0,ef0c95aca2fd19666711422c14a6b16f8025ed84
9429.0,ba204bc43847a62de8eb8a7941da24f1fe6ac2a6
12242.0,58399c111a4639526f8d13d4bfa62fc3d0695b02
10846.0,63e204693b782b5f068240568853cdd637c29030
10927.0,c8e3b601cd8bf3062d416a5ef74c4a97be611923
11352.0,d7b04e6fc6ad57c58323f16687c366e19bdd0fd0
12540.0,78e1f57c484da15466a34ed543a1cc4709617a2f
10737.0,749413a5d5b94f4335fe5704a107d8b2dd84c7f1
9558.0,16fba547a15958225077303635b816c68263e73d
10794.0,ee02d256611b17d11e37b86bd4f618d7f2a37d84
12539.0,8202e627c7d7897728d824c84a6d479ca84a9098
10858.0,9aed521e6650384533f69d7b46c0210b45ae9391
12226.0,8bc53bef4fd373d0f4276d00793b9a35fb1a4ef9
10092.0,c8728e4e47569a2eb918600fe75f36a6dae4e623
9386.0,5a7906ba6156f57025520fadbff52331eec4a12d
11636.0,a9cd4bfc8fcc7ed43e092c84415c261d30e9c79f
11182.0,f130fa1bca288cb566b083620ba70cb89e2e5fdd
10163.0,cbadaf00e28f7fe42762b55f52294e3a7bb90515
12086.0,4aba316b7973e246af94ab5ace18fd5d5ffe4f81
13246.0,544625545afe2e9c2b358e356c11bb8be53ceb51
11147.0,40a9ecc684d2c5e7fdfc09f46d0912940b74ab63
12675.0,f69e046eef93af5a28de5330bfe15ee348520b2d
10462.0,df03bb5b1cc9fd297b0f19e08d916a4faedea267
11162.0,fed304bcedfed737fa540fc0b6ce0bf27187d4b9
11518.0,aa0f12ce9eacd70932466d248fde746e0b0dfa0d
