issue_id,commit_id
602.0,72afbd8e77d0400c237b645e86638095532b2e65
234.0,d0eef1bb1447737b7341da268e3dc6361d17a9c3
482.0,60adc95ef1377f79f9cf7555b0e15762c7dbef70
559.0,0c226e6e7e1b93b48ba3ba7ad9ade5ff38b06987
821.0,b2e572bf8291c54ea0ced8a6e43444ed6ed2c744
1.0,01fc25f919df5023eafe64e98bc6a7a87361debd
245.0,e3d34fb35e716546eba77c222dc242ad6cfae268
252.0,cd70f036f205e41cf1fb1a34785f1e7d9e80745d
161.0,cb39a712f96e74b193f7c62da9d062b047703162
172.0,7e61c6ddfcc1680d67113dde6f45977d428ce903
529.0,33eade861e9aea83ca7fda262026312d2873f302
269.0,a37713ff0754bafffb6ca7098b99d4fbb4968e8d
137.0,35909de7517077444bc9db39aee009b59fc10e1f
368.0,4055b726cca8d3c698968a96111050fade53995e
1196.0,41dd24e8da9a812cb41e022c33dbe9835361d7b6
1199.0,8f7e31450835bca5d9a8bb4de252efba6f4b7b10
155.0,4d60c92184f78e91bed729db0adb2a0272a9c6b5
982.0,0cae7e20361dbee41fb8f79d7ee9c763d17d51e1
95.0,21486c5b0aa9ecb8c8639e4b4e020e8065804515
820.0,a3c0d131d7029e3058b4beec8f02fc60a6efc955
713.0,11959265eef44ec984297aa3a5ee39ca5e8e3ffa
504.0,d378ddf55951f010092627158d12a3160c752ade
1060.0,8c597751fdbc5a7082ec6f3053c1b066bbac5b3e
781.0,386838b31fa4928dbbca8df1330f23df977f9b23
1039.0,4af4e33e31dc800a8ebaed517e0a781fa3dbb437
154.0,d06e9d2c1b010b4c628e97a376dbab698cd65e40
1141.0,8fe316e5376738880c9cf4013f37ff357f428e19
544.0,986fd2d9921ee433436d72b3ff5e8b6c2daae34e
684.0,66cd634de462c685cd11d08b56e39289dbdd109e
279.0,ae94c1640c833acd0a2d5fd8dc2b037d84e02bce
379.0,7ee8a9035821466640ba2700cf2de019a577cb31
458.0,becd32cc4bf4424dcfaf4b9a495ad0ea97d29886
429.0,a54830fb654c3c415f20886f317e8a6443131368
818.0,c664738a79f20e2c2919177a667d586e4f802368
254.0,6aefd3d2a5477ab60137dc521b0a1cf5ddf1418d
816.0,2c02f56c4123a8a2943ed9f7c868ea235a90f42e
699.0,e4d75fcfb6901af25f51261085a3da6ea770553e
583.0,ab6efc7457bc2d764610b0bbcc8cc464925b18f0
653.0,6e38853c99a6b01513dc4595e5103e848a09e63d
487.0,64c50cfd35016b24d09f1fcf60e8d6fc2d0685b4
3.0,c47c647e7dc8f2582af657736bc87c153f4fb576
49.0,3f78ce7d643e10034795cd51405dff39b944b1f5
557.0,28d01e44ae4b7741c461116d660b05bc27b5ab60
588.0,185620bb3fe891fa6e074555f256df4bb2c58c63
512.0,92cc469b7b49984026c15778e3045513cb1da202
317.0,e97cc6586d4976eebe30d343f729cf622ad8c558
204.0,fbe25db9cf1a863b8910a614150463c86a240aba
607.0,7110018a8bda23d9abadb6144d896fbbe589279c
259.0,44528026d292737641ce8011b5096ade8f87a9a6
333.0,27c2eabc08269851ed97f3d79781aa76d4722ec5
539.0,eb536a6f64672e54e4dec346c8de602d7de435b9
871.0,364ee6c33d74ef5b907242cd56f299409e06bcd1
1109.0,2bf01a77844532cce9686a45b227209f85646dde
903.0,5491d288fc7ea3a512a69c1da0b27d0d77c107e4
673.0,56af64585f4f033c25cd574072185c85c26e52a2
698.0,7eef21e3d371bd2a87bcd8a170e162991fa9cef1
391.0,6bb6e90f83929d26b3412e5859399dcfb72d4a62
631.0,67ed13498d2efb210ebdd8c284165eca637aaa46
244.0,f20c498b1bf63cbdc16720cee9b787fd911705a8
825.0,64f42f211de19b8b80ac15425f863d959e9a23a6
571.0,f9b73bfa25f2a2351fbd7355a7ffcf7945ca6ac8
271.0,63c45121abf9afa230852d6d21d774f324d91963
1164.0,d9ea18d3a0f93c7990bc5e7df76daf3e608ae3d9
624.0,44c7eb10c6532e45df66dbb552408455480156c6
94.0,63fb6b1bd1068960ab2536bb027f0858d4d68d06
83.0,1464a3396f7f9dd8737b97963a33cd1afeef421b
71.0,6a9065df1c40d4b18ed15ca1882d13ae00f5070b
740.0,0ea4c177c559ab467848af2af398bd66d46dfe95
703.0,43f072f16f4e21c2a19ec1f7fa7eb73667f102f4
356.0,6166291c3e0a9eb97303ee5b5f06e2168c858dd6
215.0,3e4d63d87db43c5e68e7cef458a1909bf2933f73
422.0,afcec9536b0853e89cffdedeb41b526f4029965d
633.0,2a83436f14dd8c9d4dbad4889c530b5398463dfc
1017.0,d8df2cc03b8b83061786027c1def3a0edd02f05c
831.0,327f15afc3fcbd556b87a5b568b2b6c983519bdd
328.0,376588597ecf47db932ed5fee432cf6a30cb8d97
1045.0,3fd91012f20faef6f823cae3b0ba970181e30c75
729.0,f4d6adfc2c7c34799711c5ed7d425c55f9719e4a
124.0,c2d539df8aaba9bc15031cb9234f401694e0d5ee
1193.0,106c6c7bf889b0db5fe85eba31f3f7f6b52a0895
1135.0,a5f7d9196c45519aef761692698875ce9d8d4f8c
898.0,aee99b9a40e17b07a252e388aff7a016691a043c
505.0,30de80223bb00cc33cf7c97c5afbdac17ab073d5
492.0,087fb1cb7d7c3c11026528f01859b76e35f2205f
342.0,6e1bc6fcd1970b5f566d5b264ebc52bbd5858dad
732.0,9d74cd138d6a023cd5e8d94aec92ab984c0a5e57
641.0,b07d63be4c5cdc53f008575cdbda67b310a2eebf
694.0,7858cbc4736a9caaa3cfb0274695a29cf04eb319
942.0,381869b72712310c05c5643dc89b7fe656e99255
1119.0,257d0f2786106c8061f5b1ca4cd130abebc6ab01
6.0,181348fd4ef76cc5833539cf1ef432830ef7b85e
298.0,81aad79cab9d68d4dc4f8173a3b193f03b87cc2f
839.0,fa248655da620a70e94935541d50cebf440ea946
496.0,ab91b83723901ea6b9a52be329f258901f612c6b
438.0,a6b8436c50103660ab61cdf73cb5e57b2b1e6699
630.0,77e21b03791cce0a52ca3ac3591f0c797c5e9134
85.0,2039349597bd2a6831e568d294d894bf34d072a0
306.0,8dfff69ec23be828d5681fae5fcd2c7b9391ced6
541.0,d947031e9968493f59fdc97ab0236cc1d8b6ee06
701.0,2e4b907b19403960bcb0882b150c732e5d47ec5d
129.0,244c356116238de38bc24c21501ffc4103357e84
589.0,a39f5c5cb38143e8d185e48af8315ed6e5d45bf4
648.0,54d08ba9cd8f4c0db7931484c28fe8e3d29a586d
614.0,d964c74bc414f8c51d4b146511f6dede93aa1c65
911.0,992deefbba7d71b27467e656e88adf37382c8c62
808.0,f6742261719662d71439abe9b83dc1f103a2337a
1194.0,77414aa9e75f89cca9d248d4c0f3b9f1959007c8
773.0,1e77eab21b8e3b6592007123bf1daec759bdb5e5
574.0,979d07097f3762bedc7259fb1350e89e3c367060
425.0,218689dc20097d6ca275f3dc44caaf853fc3062e
343.0,65998b263bf203f07fe3b0db4917b3d836e5d504
374.0,f074a4c6c05dd61d0ed625b507f671214542e477
528.0,7ce6df95ab9a6aeab8e3d0c268568063624849b3
1112.0,f3dc23a94b57ccd7c1909dc32174b3bc8c501919
100.0,b1797001f936c5a856a5066597498d01dcff874b
483.0,9c42a8ab29f0727cf82ecbf4946eba3007f4e21c
527.0,9e98896bb3557b9a3cd21b4d8369d5427b66b770
198.0,4161f66ccaacc57b445f1a1add35c429de84c63a
92.0,97b36a993d5481c71824088834c66f3164a286ad
1031.0,629a931aedd290bcf69ddcb6ac1e0fd807b5a448
780.0,b136196f29599c223db5323a8020ce3aad40d41c
371.0,5e54956b7c1d597b6c83b2c7f54839e62f7c4b3b
210.0,cd1c9eaa7336c18f1229712fc4a1eb223640b83d
1149.0,b6e2a229e5f122a9efa31666dee7965621eff031
655.0,83442f8ebf3b855ccc9ea691e6797dc63a5648bc
722.0,85167d3589643b9dcf8ef7b35937f2ff0d036efb
755.0,a255c1bde0b01da1510d2f3e65bd400f56bd0c6b
300.0,1f147f5e7adf14daea1f59d2ebc88e7539c7e4a7
834.0,0feffcb7789df57b44fd1824d648d73689fe7c1c
15.0,3f5d0c0143677e3256401f7eade7d5b4bd4ebcdf
796.0,7c720a07652d705376af6bf4fcfe6a65e0df3ddc
581.0,153a72944c80b44da957390dd37c754bbab5e3d5
220.0,f12f2937ed3ba08c3558bf170006c97ceb7459df
921.0,688f09c0916841d16697bc71b474b878830a83f8
873.0,8e12ea5e0fd32dc5ef3b757d555c9ce1fa5123bf
858.0,a91afadccfea9fc2063f46989fb1b5028d30b6ee
548.0,d7117dd4b55ea3956a543fd69f5af5f74d0fe3cf
470.0,ccf3693be62dd8a79ced19ed9d69f0708d2b3d6f
195.0,dc94ca382048339ffbb144da0a28f47d6b562dfb
74.0,e2419c50f6a43f5476aa0e9c0725925e1b0670f6
709.0,bb9d8ac38ef76599b39942835bcd82694f7b4f53
843.0,9764219f6da245b5febb81b73f48dadd8a699471
872.0,f36635f4dc1764fd3b29919e925b7681ddc28ffa
606.0,a2f1f6352352a8993b391df10a8740ab3c366585
649.0,7b14da9b4c5a61b4c852f9e3e13c2786317df50e
664.0,dcd9cbac4f3492b674b414c9bc1ddc54cbf61c98
952.0,fcf0eb022ee81cc8e961c08c4a89742a9714cd63
127.0,6944ef60f83e7e116aa687a972b5402f1a1bbe04
319.0,e3e7b20d0eaa0684a9af71d7a2403afe101a6535
554.0,fb23a1e4ec0eb4b76fe30b3f86f1ba05e934f369
344.0,e4c18532c3d9f9fbe0448d70a1f00559295b9eec
120.0,2a7d8aa79c8b9b0146e5339df15c030043d58c34
1048.0,e9b18f9e84a5b26eb4a42633f6cee98597d70ad4
1048.0,a700f2b788fa8050abb23598db8282050fd18e24
897.0,3fbe8e7cb3ca57fd8656890ea7855da62d2ea03e
355.0,748fcb76778b618d232b1c829f72d4ef65392441
645.0,5b2c3151e0c636ca3bf8c5632542167536ebe3d2
556.0,b1cf9575050de7ae1d65f38b6dea297e5cee6fba
360.0,0f69f8cd232f27edd8795fc8c215ba01c414c109
613.0,9bde65edda7a917a14c0f649e3f6748017e0db62
941.0,7889b2838f8890122d0f9c4bc141e03cfc25d003
497.0,30727196ed68a97b7b14b3bfd457337c4a7103ec
1181.0,b994c757013a2cfc6cdb9407120e53d94e8906f0
246.0,a8a7356c9b4e39b759153cabf7192fd1a1817e3d
523.0,71b01cedd00a9a6c9a5b835025f110e567a13c8c
405.0,c6668bc23572855a9cbc22ddda20c106b3a87b90
681.0,a85b68962e0ae5cc2e10db4f0da09f1ac856a758
660.0,da434103cc3d61180b876bc965b4bf71f670a83b
436.0,e14e97e4cd45445400322b270b631ebb4424e7bb
1031.0,6763433a687cc651d9ce5c97eeb81d83c4d34f71
1056.0,a5e607b6fc889afd3f8960ca3903ae16b641c304
881.0,0ad1a9a60c5d4d0881ec12321246b0139fcd57f5
456.0,bc21511c5cce21aebae0e432ec52b963be180ab0
373.0,12207f39fef560f60e51ffe2815eea843fe19850
848.0,5f23a764326b8a1edec59f60fe3baebdc7e510da
693.0,5508d725b92284b78f3fc5c30db448ba68e3c4dd
744.0,fd5e0302438ed28d6b676261a4158debfd44058d
209.0,09abde0ce69538dc5068d017ad683e9be1380527
824.0,460d9a418ecf95e06fe800a37a02a186ba8fc0ae
861.0,e20d4754fab0b4aac7e797ef4e87327093447161
186.0,08decb025788d47ed73092563ac4d78bf0b4d704
956.0,12ad10f6975d9651d0c696a021fc982c2c5de861
677.0,5a8e5d21b635882375c7c77a9b2c6dd682d6d00d
923.0,9aae5ee34a38167a5eecc028d5bbf1fffa0596ab
336.0,f8fa8497f3bd192b97dfdba071b60d47a06dad00
290.0,791b7710989b58832299b387cbe15bce776dd04d
800.0,d1866191b8e7c4e4f9279ebff5de2628a7656289
1084.0,19c3e0eeb81f4a231d0ebfd2c18c47215f85e572
305.0,6255017b145df5cc0d09b975e4f257590666a089
380.0,c7ac5d248308f1379c0e5fbb03587532457116b2
517.0,6b29ad862ca292cf1482236934c111783bcdc9d5
524.0,7a93f649a7c4e5f3bdba7285a8c47a1854c323af
960.0,589c2abdfb329d343f5fcc41f674993677f01607
1145.0,91263c37b94a1a3b45be13d35ff1ea19c7b8e1b7
1022.0,72f6b6a5611c08ae22ee72d320995a35b6e45998
549.0,51fe5fafbf5fa8db0757473313419a4eca9642ca
479.0,96747e44d46d99a91879587d311578ecd4664645
884.0,644ad1a963ee3de3d5aba02b4afb0e9effd4b42d
87.0,e57dee60a5ab6266ed375adce12df18e0a3dda0c
847.0,6277ffd860bfb682807794f6b83c5e686283b592
793.0,22223f87486b8f790165c05d816023f83f7c3456
45.0,29a1451210a111b0038e593962973cc12fc23796
929.0,1ddeaf012b58c7d764c2d7a9aaf8531c0ac78ee1
531.0,1605bf1cdb7c4f7bd10f3f215451195d3286fedf
961.0,462443a2d1d34d686eb11dd1b9b490c062e688a4
267.0,71301c695587881d7d34647f32650df3e7329b06
452.0,1fc381a84316bbbd9cb938e09bb9290d52a5bc85
2.0,8bd1d9dd7e2f33aed255c607efab6a2daf55fc92
1023.0,80f440e91c1276f98463dd66007bfd9a7a59a878
862.0,be246928123ac5c354f4e0ceec067c227451eea6
757.0,78365a362449179b2671d80ccc07fd5f6a4092f5
308.0,47c9af815d062e4c1c5bd0750246b3c28cf740ec
577.0,a0f1826be39bccb651bee58ccf3f5c95a76aeb6b
620.0,062d9dcc2e262d8ceb4cdbca3241a1fb9875e5dd
875.0,5eb0fd5ddcdf0b77ad30d7aaf051e5fd013e2f7d
878.0,16fb504ab9bbdeeb3fe98d94243f9f02a85de8e7
152.0,cfeb299684f910d408acb0257bd823ce84018db0
395.0,02987e27ccc411e020156bd8e9cff794f6bbeba9
727.0,ec9873fa85fddc330e55de4ab792bff799fe7c29
621.0,4edd124c0dcbf24ff898eaac855f0a76c7c1e8bb
488.0,cd6d1d2f2a2423db74e18b149787b2efcca442a3
714.0,666aeee79f849d4a8d02d2860b2f33a9bd105e93
341.0,53d76659ee08df73baa823cb84603266b97d590e
948.0,8428e3fff18a870b881c6b664034af863973974b
442.0,9d87e8fd6ffa4c0ab66dd6c399ee3a276302942a
1173.0,bcb0c8bce776a5eba9f5425c57c2ec8385f10e94
313.0,68aba40b2dfc9ae68657bcd2139a1897f3ab7f84
766.0,9d59fa5a8ac85f0699daeb51f8602b7d01d31882
423.0,29d47ebf343547f1c0f0c7f4850c4113409e2844
158.0,bd4d3028ffefac942af1b5bbfec70ffddf3d753c
663.0,91a3a9da6da1a8ca2ad27ac6e53062fa0aa802a9
98.0,78819664cd923e459213625c521963aa686102d4
1092.0,b2ebe0e95c6b9f28574804d5f1ea8d689ccd5211
972.0,580ff415c8f611a9651878e1135922b62673535c
311.0,a25dc906afb675a2b9d9095553be05df84153459
1094.0,88b829aa824deef1166e01ee5fa0ab8813e25cac
1153.0,fd775497547bb51e3d3b38590cbc83e54afd9508
11.0,2bec134c7ae9755f16ef3542df01daabbcbd186a
345.0,60a8d1b9bf4b70aa4ce48cbfbca593cdb5e853f7
553.0,ab6e54b2cf5fd3badb1a31143146b36beaeb88d9
888.0,908a8ddacf330b593540fc2c8a56ceed0f07f128
382.0,b3e109d5185381f3a000fa8397c55c5f38a7bda0
893.0,da2c8e542da6ad684e2678f92f06af9cf6c98d82
743.0,3e0ffaa34e78e2d13942d5a0b1dcf4dc10eb48ab
1198.0,223015a1facba4c2bfa1873235998cd845f0715e
612.0,2f34bcedcec5a5b1a458ecd3eb1adde520b08576
668.0,7e5ae94dba1bdc5358adad3bc7a427f92436d3a2
242.0,19cb4076f1c80caeb8e39825011d0651e8bb1f33
603.0,d923ab3efdc0c39d517e797e39d1cc19e2e2da28
321.0,9ab49a2145c5997e580bd718099e2ca9bca0cf06
798.0,5435b4671577621a3696c5ddd8182779126ccad7
106.0,13f84bf83e0aa35c9fb9ca9fa3214fd470353327
334.0,08c1444e73ad11068b7c4bff4589310ef6ca566f
118.0,72ab7f6e87deb2e2167ff4d0b69bd0d6537e14a4
411.0,f4bb154cedd5068447725a87769f0b494da007a8
277.0,390839b945cfbeaeb4c1c07bf97fc5a99198355f
746.0,74699ac803fa993aa1470bda9fc95a24dea18b30
223.0,bcd271743d0dcc6530b784f567f8254b81bb83ab
530.0,fc31362f0ee2e1ef807408c53d6a0cce478b6240
608.0,d997bddc54d4910630ced55eefbd6b2f7051b777
8.0,e9868b7d98de19672b0737bb69287b1f450a5417
32.0,0238697de663d0045844195347d7aee08952183b
1030.0,ab18b08903a3caa14025c9917923aaf20c0b048d
975.0,7b03f8e2043682aa2d1c06e0f7e8258b2f9c43c5
984.0,b3bf7ec188b7f924a7df1b2884440444be7e1e08
983.0,2a1de91292e1996f0fff0407ca147c5894be8042
241.0,7156d2d5df5922ed729957f98a8ca26adfa83f44
899.0,2e6e0e4acd66d4a29b64c9f3a5a08b5a9527ae80
187.0,9ea8cadaccc55f10a8bec5804573f740d51bdfbb
1170.0,936475258d501b7b1fed1c80080eabfae8179970
190.0,049c51b97100f9f8e149859faad794937ed7dc93
1187.0,4a98b37877050d0ff8cf475dc2fb8b3a93c7da89
777.0,8c8b6816ca9bea1d4611e23ad73a22018605371a
889.0,9a543d05f98a927ea783f2d060c8533d6e7820fe
510.0,a9c209df7a046846a16930124a865432d7caf2a1
304.0,31c9d176e0e013a46e7d45a402a09bdc50d8db4e
239.0,7440386f83fc2f51ec9e7abb4c5379f6a1fe31ed
715.0,bc6883a308055bd76f6ec82d5d2afdd3d911d528
325.0,0a02e774ff42d791326109549900eec13a0a88af
1048.0,b401b16d9a4332b3af64a5ce12c8ce6727885917
199.0,c7f173d4ca97819f9db5b1c704a09a82e5106e62
741.0,3081caa1aafde076a8472d62091d131dd8ee72c8
956.0,a88c693c49feb9c9b9fe253e1e35adb10af2efa5
659.0,6592b73657f0007892d7c348d504cd9be7a551f8
315.0,687a8054818fa6869fb666adc62729eb82069208
678.0,1b50f04a89dd7af7931c53ec41385f3c16135322
866.0,f81243eb1c86598b020169e01a0738c68a4c74e0
686.0,bad238f9964b31ceb3f1801d7a5e47c1b2549383
268.0,f7cfbaab1689b50640adb75476fa14800aaf9eae
619.0,a9352bdb221b7df0c3bec67167e1a8f73d8a2514
1044.0,eef0e0d65c01159c1754e72a060a557cacdecfdb
1052.0,580639904c07c4b29376a144d15fa00f4cd39b9e
864.0,85d087b51eaa1706671b28add8aa86dfc7766a01
721.0,6a58bd08d98bbf4f812dc347537c8d4ab3663cc7
910.0,b536c100e84dd27e4e6208dc42737810ed015d44
437.0,cb65d2ca4a70ad9b387b1402e8f87909332abf9d
400.0,a5cf7d9ba273854d9ad5dfba8a3d3a57ded651fe
501.0,5844690138de221c80be35a6b96382c666878a9c
69.0,5dad6e9b3ae8992ecbe1f90d3d561dc771853abd
892.0,93c14f844ee33e4d47ae07688f0e5ca7219df7de
1040.0,9a53fe859acbbf833c05f14e673d5cc76e5fe135
250.0,6a40c7d1252c80df742f7072834ffafb092d5d97
441.0,a27fe8f0508bd441c1af87015bddf6450ade9168
823.0,8bd7a7a94f4615836de3c431ef5e97da60c77801
